restaurant_id,menu_id,menu_name,price,is_deleted,is_active
04-01,1,마레 해산물 라따뚜이,25800,False,True
04-01,2,지중해식 새우와 루꼴라 샐러드,25800,False,True
04-01,3,모듬 버섯구이 안심과 계절 야채 샐러드,26800,False,True
04-01,4,계절과일과 야채 그리고 리코타치즈가 곁들여진 푸짐한 샐러드,22800,False,True
04-01,5,"그릴드 치킨과 모듬버섯, 매콤한 드레싱 샐러드",25800,False,True
04-01,6,시금치 샐러드,23800,False,True
04-02,7,라구 라자냐,13000,False,True
04-02,8,써니피자,19000,False,True
04-02,9,라구 파스타,16000,False,True
04-02,10,플라워 마르게리타 피자,16000,False,True
04-02,11,식스 치즈 피자,23000,False,True
04-02,12,화이트크림파스타,18000,False,True
04-02,13,리코타치즈 샐러드,12000,False,True
04-02,14,치킨스튜파스타,22000,False,True
04-02,15,크림&머쉬룸 라자냐,15000,False,True
04-03,16,청포도 샐러드,20800,False,True
04-03,17,4가지 버섯 피자,21800,False,True
04-03,18,쿠치나 파스타,21800,False,True
04-04,19,세트메뉴,64000,False,True
04-07,20,런치 파스타 세트,15900,False,True
04-07,21,런치 스테이크,39000,False,True
04-07,22,파스타 2인 세트,55000,False,True
04-07,23,스테이크 2인 세트,84000,False,True
04-07,24,행복한 4인 세트,129000,False,True
04-07,25,스테이크 4인 세트,159000,False,True
04-08,26,비프 온더 스톤 채끝등심,39900,False,True
04-08,27,로얄 까르보나라 스파게티,19900,False,True
04-08,28,새우 버섯 샐러드,21900,False,True
04-08,29,해산물 토마토 스파게티,21900,False,True
04-08,30,갈비 리조또,24900,False,True
04-08,31,마르게리따 피자,23900,False,True
04-08,32,트러플 프렌치 프라이,10900,False,True
04-08,33,에그 시저 샐러드,18900,False,True
04-08,34,크림 볼로네제 스파게티,19900,False,True
04-08,35,해산물 치오피노 스파게티,23900,False,True
04-08,36,트러플 크림 버섯 리조또,22900,False,True
04-08,37,해산물 토마토 리조또,23900,False,True
04-08,38,에그&베이컨 피자,21900,False,True
04-08,39,트러플 풍기 피자,23900,False,True
04-08,40,비프 온더 스톤 부채살,33900,False,True
04-08,41,비프 온더 스톤 안심,45900,False,True
04-08,42,BBQ 폭립 플래터,43900,False,True
04-08,43,세가지 베리와 바닐라 아이스크림,7000,False,True
04-09,44,콰트로포르마지피자,25800,False,True
04-09,45,1001셀러드,22800,False,True
04-09,46,안심버섯셀러드,31800,False,True
04-09,47,홍합스튜,35000,False,True
04-09,48,디아볼라피자,23800,False,True
04-09,49,바질페스토피자,24800,False,True
04-10,50,파르미지아노 파니니,7700,False,True
04-10,51,피렌체 파니니,7700,False,True
04-10,52,프로슈토 파니니,7700,False,True
04-10,53,토마토모짜렐라 파니니,7700,False,True
04-10,54,연어게살 샌드위치,8800,False,True
04-10,55,BBQ 립 샌드위치,8800,False,True
04-11,56,뽀모도로,21900,False,True
04-11,57,까르보나라,21900,False,True
04-11,58,알리오올리오,20900,False,True
04-11,59,아마트리치아나,21900,False,True
04-11,60,쉬림프토마토,22900,False,True
04-11,61,명란크림,21900,False,True
04-12,62,루꼴라,6000,False,True
04-12,63,부라타치즈,7000,False,True
04-12,64,블랙올리브,2000,False,True
04-12,65,마르게리따 피자,17800,False,True
04-12,66,마르게리따 잘로피자,19200,False,True
04-12,67,마르게리따 콘 부팔라 피자,20800,False,True
04-13,68,딸리아따 디 만조,68000,False,True
04-13,69,클래식 라자냐,26000,False,True
04-13,70,뽈리뽀 알리오 올리오,24000,False,True
04-13,71,까르보나라,22000,False,True
04-13,72,가리비 관자 올리오,26000,False,True
04-13,73,루꼴라 프로슈토 피자,25000,False,True
04-13,74,친퀘 포르모지오 피자,22000,False,True
04-13,75,폭탄피자,27000,False,True
04-13,76,트러플 비스테카,52000,False,True
04-13,77,비스테카 립아이,72000,False,True
04-13,78,프레쉬 마르게리따 피자,19500,False,True
04-13,79,허니콤 모르타델라 토토,25000,False,True
04-13,80,트러플 풍기 피자,24000,False,True
04-13,81,크랩로제 리조또,27000,False,True
04-13,82,부라타 뽀모도로,24000,False,True
04-13,83,화이트 라구 파스타,26000,False,True
04-13,84,카치오 에 페페 뇨끼,26000,False,True
04-13,85,피에몬테 프렌치랙 비스테카,68000,False,True
04-13,86,피렌체 본인 비스테카,98000,False,True
04-13,87,트러플 포르치니 리조또,27000,False,True
04-14,88,토마토 초리조 바질 오일 링귀네,22000,False,True
04-14,89,관자 송화버섯 스파게티,25000,False,True
04-14,90,광어살 스파게티,25000,False,True
04-14,91,토마토 부라타 치즈 스파게티,22000,False,True
04-14,92,에스페소 카르보나라,22000,False,True
04-15,93,봉골레 오일 파스타,24000,False,True
04-15,94,프로슈토 갈레트 플레이트,28000,False,True
04-15,95,부라타 아보카도 플레이트,29000,False,True
04-15,96,어니언 스프,11000,False,True
04-15,97,클래식 버거와 감자튀김,23000,False,True
04-15,98,프렌치 토스트,20000,False,True
04-18,99,수제 미트볼 토마토파스타,26000,False,True
04-18,100,성게알 오일 파스타,29000,False,True
04-18,101,푸타네스카,29000,False,True
04-18,102,카치오페페,26000,False,True
04-18,103,450아마트리치아나&살시치아,19000,False,True
04-18,104,만조리조또,30000,False,True
04-18,105,게살로제리조또,29000,False,True
04-18,106,라자냐,28000,False,True
04-18,107,브라타치즈샐러드,22000,False,True
04-18,108,로스트치킨샐러드,25000,False,True
04-18,109,시저 샐러드,19000,False,True
04-18,110,남해 달고기 스테이크,41000,False,True
04-18,111,한우1++채끝스테이크,98000,False,True
04-19,112,봉골레,15000,False,True
04-19,113,티본스테이크,50000,False,True
04-19,114,새우버섯샐러드,13000,False,True
04-19,115,이베리코샐러드,17000,False,True
04-19,116,마르게리따 피자,17000,False,True
04-19,117,콰트로포르마지 피자,20000,False,True
04-19,118,리가토니 베이컨 크림 파스타,16000,False,True
04-19,119,해산물 토마토파스타,18000,False,True
04-19,120,해산물 크림 파스타,19000,False,True
04-19,121,폴드포크리조또,17000,False,True
04-19,122,살몬리조또,18000,False,True
04-19,123,한우 1+ 채끝스테이크,60000,False,True
04-20,124,고르곤졸라 피자,21000,False,True
04-20,125,새우 오일파스타,17000,False,True
04-20,126,마르게리따 피자,18000,False,True
04-20,127,볼로네제,19000,False,True
04-20,128,크림 뇨끼,18000,False,True
04-20,129,버섯 로제파스타,19000,False,True
04-21,130,채끝 등심 스테이크,38000,False,True
04-21,131,부채살 갈 비샐러드,18000,False,True
04-21,132,감베로니 토마토 파스타,17000,False,True
04-21,133,문어 리조또,22000,False,True
04-21,134,마르게리따 피자,18000,False,True
04-22,135,비빔메밀면,10000,False,True
04-22,136,하와이안 갈릭쉬림프 볶음밥,11000,False,True
04-22,137,볼로네제스파게티,13900,False,True
04-22,138,베이컨김치볶음밥,9900,False,True
04-22,139,불고기오므라이스덮밥,11000,False,True
04-22,140,상하이해산물볶음밥,11900,False,True
04-22,141,리코타샐러드,13000,False,True
04-22,142,곡물샐러드,12000,False,True
04-22,143,상하이파스타,10900,False,True
04-23,144,오리지널 시카고피자,28000,False,True
04-23,145,게살 날치알 파스타,12000,False,True
04-23,146,콥샐러드,12500,False,True
04-23,147,훈제연어샐러드,11000,False,True
04-23,148,먹물빠네파스타,15000,False,True
04-23,149,모짜렐라토마토파스타,11000,False,True
04-25,150,런치세트A,43000,False,True
04-25,151,홈메이드 시저드레싱을 맛을 낸 로메인 샐러드,15000,False,True
04-25,152,나폴리퐁 가지오븐구이,16000,False,True
04-25,153,부팔라 부라티나 치즈 카프레제,19000,False,True
04-25,154,포르치니 버섯 수프,9000,False,True
04-25,155,포모도로 부라타 스파게티,18000,False,True
04-25,156,신선한 바지락으로 맛을 낸 봉골레 스파게티,23000,False,True
04-25,157,일뽀르노퐁 까르보나라 스파게티,23000,False,True
04-25,158,포르치니 리조또,24000,False,True
04-25,159,일뽀르노퐁 볼로네제 라자냐,24000,False,True
04-25,160,하우스 메이드 볼로네제 스파게티,25000,False,True
04-25,161,문어 새우 알리오 올리오 스파게티니,26000,False,True
04-25,162,꽃게를 곁들인 해산물 링귀네 파스타 '페스카토레',32000,False,True
04-25,163,마리나라 콘 부라티나,17000,False,True
04-25,164,마르게리따,19000,False,True
04-25,165,콰트로 포르마지 피자,23000,False,True
04-25,166,D.O.C 피자,24000,False,True
04-25,167,볼로네제 피자,25000,False,True
04-25,168,칼라브레제 피자,25000,False,True
04-25,169,디아볼라,25000,False,True
04-25,170,포르치니 피자,26000,False,True
04-26,171,해산물 오일 파스타,24000,False,True
04-26,172,돼지목살 꽈리고추 파스타,19000,False,True
04-26,173,아보카도 새우 샐러드,19000,False,True
04-26,174,샤프란 해산물 리조또,24000,False,True
04-26,175,보리리조또와 스테이크,90000,False,True
04-29,176,작은 샐러드,2900,False,True
04-29,177,그릴치킨 샐러드,8900,False,True
04-29,178,마늘빵 (1pc),1000,False,True
04-29,179,Set A 마늘빵1+작은샐러드,3900,False,True
04-29,180,Set B 마늘빵2+작은샐러드,4900,False,True
04-29,181,스파게티 포모도로,6900,False,True
04-29,182,스파게티 볼로네이즈,7900,False,True
04-29,183,해산물 스파게티,7900,False,True
04-29,184,얼큰 해산물 스파게티,8900,False,True
04-29,185,치즈오븐 토마토 스파게티,8900,False,True
04-29,186,해산물 치즈오븐 스파게티,8900,False,True
04-29,187,뚝배기 누룽지 얼큰 해산물 스파게티,11900,False,True
04-29,188,해산물 크림스파게티,8900,False,True
04-29,189,스파게티 까르보나라,7900,False,True
04-29,190,날치알 &새우 크림스파게티,8900,False,True
04-29,191,로제소스 해산물 크림스파게티,9900,False,True
04-29,192,케이준 치킨 크림스파게티,8900,False,True
04-29,193,게살&브로콜리 크림스파게티,9900,False,True
04-29,194,뚝배기 매콤한 날치알 새우 크림스파게티,11900,False,True
04-29,195,봉골레 스파게티,8900,False,True
04-33,196,Couple Luxury Full Course,98000,False,True
04-33,197,VIP Wine Pairing Set (2인),150000,False,True
04-33,198,와인 소스를 곁들인 와규 소안심 스테이크 (180g),78000,False,True
04-33,199,뼈육수 소스를 곁들인 양갈비(300g),78000,False,True
04-33,200,관자 새우 바질 리가토니,26000,False,True
04-33,201,눈꽃 감바스 알리오 파스타,26000,False,True
04-34,202,아마트리치아나 스파게티,12000,False,True
04-34,203,아라비아따 스파게티,12000,False,True
04-34,204,새우토마토스파게티,12000,False,True
04-34,205,미트스파게티,12000,False,True
04-34,206,해산물토마토스파게티,13800,False,True
04-34,207,얼큰국물토마토스파게티,13800,False,True
04-35,208,토브나인 치즈 포카치아,6000,False,True
04-35,209,명란 알리오 올리오,16900,False,True
04-35,210,봉골레,17900,False,True
04-36,211,오이스터알리올리오,16000,False,True
04-36,212,빼스카또레,18000,False,True
04-37,213,마르게리타,18000,False,True
04-37,214,액스트라 마르게리타,23000,False,True
04-37,215,마리나라,14000,False,True
04-37,216,카프레제 샐러드,24000,False,True
04-37,217,아네스 샐러드,16000,False,True
04-38,218,살치살,48000,False,True
04-38,219,한우 1++ 채끝등심,88000,False,True
04-38,220,바질페스토 (건면),28000,False,True
04-38,221,비스크,28000,False,True
04-38,222,봉골레,26000,False,True
04-38,223,뇨끼,27000,False,True
04-38,224,라자냐,27000,False,True
04-38,225,타아린&트러플,38000,False,True
04-38,226,토마토 (부가티니/스파게티),27000,False,True
04-39,227,빼쉐파스타,8900,False,True
04-39,228,참스테이크,13500,False,True
04-39,229,봉골레파스타,7000,False,True
04-39,230,매운우삽겹오일파스타,7900,False,True
04-39,231,알리오 올리오,5500,False,True
04-39,232,우삼겹 도리아,7900,False,True
04-39,233,스테이크 크림 파스타,9500,False,True
04-39,234,해물 크림 파스타,8500,False,True
04-39,235,고르곤졸라피자(S),7300,False,True
04-40,236,알리오올리오,10000,False,True
04-40,237,게살크림파스타,13000,False,True
04-40,238,전복내장크림 파스타,17000,False,True
04-40,239,보코치니 치즈 토마토 페투치네,12000,False,True
04-40,240,라구 딸리아뗄레,13000,False,True
04-40,241,까르보나라,14000,False,True
04-43,242,코스타리카 게이샤,20000,False,True
04-43,243,카페 베리,15000,False,True
04-43,244,케냐 피베리,12000,False,True
04-43,245,에티오피아 예가체프 G2 워시드,11000,False,True
04-43,246,루이보스 슈가플럼,9000,False,True
04-43,247,터키쉬 애플,9000,False,True
04-43,248,NYC 브렉퍼스트,9000,False,True
04-43,249,하동 볶은 녹차(쵸리차),9000,False,True
04-43,250,피치 우롱,9000,False,True
04-43,251,아메리카노,8000,False,True
04-43,252,카페라떼,8500,False,True
04-44,253,파스타,0,False,True
04-45,254,비프 온더 스톤 안심(170g),47900,False,True
04-45,255,비프 온더 스톤 채끝등심(170g),39900,False,True
04-45,256,비프 온더 스톤 부채살(210g),36900,False,True
04-45,257,본인 립아이 스테이크(500g),119000,False,True
04-45,258,스윗 포테이토 프라이즈,10900,False,True
04-45,259,과카몰리 치킨 샐러드,17900,False,True
04-45,260,마르게리따,24900,False,True
04-45,261,트러플 풍기 피자,23900,False,True
04-45,262,고르곤졸라 피자,23900,False,True
04-45,263,봉골레 가리비 스파게티,23900,False,True
04-45,264,해산물 치오피노스파게티,23900,False,True
04-45,265,감태페스토 전복 리조또,25900,False,True
04-45,266,갈비리조또,26900,False,True
04-45,267,로얄 까르보나라 스파게티,19900,False,True
04-45,268,새우 날치알 크림 파스타,20900,False,True
04-45,269,크림 볼로네제 스파게티,19900,False,True
04-45,270,양송이 스프,6900,False,True
04-45,271,티본 스테이크(850g),179000,False,True
04-45,272,BBQ 폭립 플래터(600g),43900,False,True
04-46,273,매운미트 스파게티,4500,False,True
04-46,274,미트소스 스파게티,4500,False,True
04-46,275,토마토소스 스파게티,4500,False,True
04-46,276,토마토치킨 스파게티,5300,False,True
04-46,277,아마트리치아나 스파게티,5800,False,True
04-46,278,해산물 스파게티,6800,False,True
04-46,279,크림양송이 스파게티,5800,False,True
04-46,280,크림치킨 스파게티,6300,False,True
04-46,281,까르보나라 스파게티,6500,False,True
04-46,282,매운 까르보나라 스파게티,6500,False,True
04-46,283,크림고추새우 스파게티,6800,False,True
04-46,284,크림칠리게살 스파게티,6800,False,True
04-46,285,크림해산물 스파게티,6800,False,True
04-46,286,베이컨올리오 스파게티,6300,False,True
04-46,287,매운오븐치즈크림 스파게티,6800,False,True
04-46,288,알리오올리오 스파게티,5800,False,True
04-46,289,봉골레 스파게티,6300,False,True
04-46,290,토마토짬뽕 스파게티,6800,False,True
04-46,291,게살새우올리오 스파게티,6800,False,True
04-46,292,새우볶음밥,5800,False,True
04-48,293,리코타치즈 샐러드,15000,False,True
04-48,294,비프 샐러드,17000,False,True
04-48,295,마르게리따 피자,20000,False,True
04-48,296,고르곤졸라 피자,20000,False,True
04-48,297,풍기 피자,22000,False,True
04-48,298,하몽 루꼴라 피자,25000,False,True
04-48,299,뽀모도로 파스타,17000,False,True
04-48,300,아마트리치아나 파스타,18000,False,True
04-48,301,해산물 토마토 파스타,19000,False,True
04-48,302,새우 로제 파스타,19000,False,True
04-48,303,크로산테 파스타,20000,False,True
04-48,304,볼로네제 파스타,21000,False,True
04-48,305,봉골레 파스타,18000,False,True
04-48,306,새우오일 파스타,19000,False,True
04-48,307,명란새우 파스타,19000,False,True
04-48,308,까르보나라 파스타,18000,False,True
04-48,309,오리지널 까르보나라 파스타,19000,False,True
04-48,310,해산물 크림 파스타,19000,False,True
04-48,311,투움바 파스타,19000,False,True
04-48,312,고르곤졸라 파스타,20000,False,True
04-48,313,해산물 토마토 리조토,18000,False,True
04-49,314,하와이안피자,8500,False,True
04-49,315,리치골드피자,7000,False,True
04-50,316,에이드,4000,False,True
04-50,317,아메리카노,2500,False,True
04-50,318,크림 파스타,7800,False,True
04-50,319,알리오 올리오,7300,False,True
04-50,320,토마토 파스타,6800,False,True
04-50,321,페퍼로니 피자,8800,False,True
04-51,322,매운 까르보나라,7300,False,True
04-51,323,까르보나라,6900,False,True
04-51,324,알리오 올리오,6900,False,True
04-51,325,오븐 크림,7900,False,True
04-51,326,토마토 파스타,6200,False,True
04-51,327,버섯크림파스타,6200,False,True
04-52,328,뽀모도로파스타,10000,False,True
04-52,329,알리오올리오파스타,10000,False,True
04-52,330,치킨리조또,12000,False,True
04-52,331,트러플리조또,13000,False,True
04-52,332,함박스테이크,15000,False,True
04-52,333,고사리파스타,15000,False,True
04-58,334,새우 베이컨 파스타,22000,False,True
04-58,335,해산물 파스타,23000,False,True
04-58,336,매콤한 토마토소스의 비프 스튜 파스타,23000,False,True
04-58,337,바질 크림 새우 파스타,22000,False,True
04-58,338,아보카도를 곁들인 명란 크림 파스타,23000,False,True
04-58,339,등심스테이크를 곁들인 크림소시의 리가토니 파스타,27000,False,True
04-58,340,마르게리타피자,21000,False,True
04-58,341,블루베리크림치즈피자,2900,False,True
04-58,342,루꼴라피자,23000,False,True
04-58,343,콰트로고르곤졸라피자,23000,False,True
04-58,344,비스마르크피자,23000,False,True
04-58,345,제노베제피자,24000,False,True
