restaurant_id,menu_id,menu_name,price,is_deleted,is_active
07-01,1,소이갈릭후라이드,31000,False,True
07-01,2,고추치킨,31000,False,True
07-01,3,크리스피,26000,False,True
07-01,4,홀썸파새치킨,34000,False,True
07-01,5,후라이드,25000,False,True
07-01,6,오븐마늘,28000,False,True
07-01,7,골뱅이비빔면,25000,False,True
07-01,8,해물떡볶이,28000,False,True
07-01,9,고추튀김,16000,False,True
07-02,10,교촌오리지날,19000,False,True
07-02,11,교촌콤보,22000,False,True
07-02,12,교촌윙,22000,False,True
07-02,13,허니오리지날,19000,False,True
07-02,14,허니콤보,23000,False,True
07-02,15,레드오리지날,20000,False,True
07-02,16,레드콤보,23000,False,True
07-02,17,레드윙,23000,False,True
07-02,18,반반오리지날,20000,False,True
07-02,19,반반콤보,23000,False,True
07-02,20,반반윙,23000,False,True
07-02,21,살살후라이드,20000,False,True
07-02,22,교촌순살(R),22000,False,True
07-02,23,레드순살(R),23000,False,True
07-02,24,반반순살,23000,False,True
07-02,25,레허반반순살,23000,False,True
07-02,26,리얼후라이드,20000,False,True
07-02,27,교촌허니순살(R),23000,False,True
07-02,28,교촌옥수수통안심,23000,False,True
07-02,29,교촌옥수수순살,23000,False,True
07-02,30,교촌옥수수오리지날,20000,False,True
07-03,31,더블팝 순살 양념,23500,False,True
07-03,32,HOT 후라이드 콤보,23000,False,True
07-03,33,뿌링클 콤보,23000,False,True
07-03,34,골드킹 콤보,23000,False,True
07-03,35,맛초킹 콤보,23000,False,True
07-03,36,마법클,22000,False,True
07-03,37,마법클 스틱,23000,False,True
07-03,38,레드킹폭립,28000,False,True
07-03,39,치퐁당 후라이드,22000,False,True
07-03,40,치퐁당 윙,23000,False,True
07-03,41,하바네로 포테킹 후라이드,23000,False,True
07-03,42,포테킹 콤보,23000,False,True
07-03,43,후라이드(반)+뿌링치즈볼,18000,False,True
07-03,44,골드킹(반)+치즈볼,18000,False,True
07-03,45,맛초킹(반)+치즈볼,18000,False,True
07-03,46,뿌링클(반)+치즈볼,19000,False,True
07-03,47,맛초킹,21000,False,True
07-03,48,레드킹 순살,23000,False,True
07-03,49,양념치킨,21000,False,True
07-03,50,후라이드,20000,False,True
07-03,51,후라이드 반/양념 반,21000,False,True
07-04,52,후라이드치킨,17000,False,True
07-04,53,양념치킨,18000,False,True
07-04,54,마늘간장치킨,18000,False,True
07-04,55,파닭(순살),18000,False,True
07-04,56,생감자튀김,13000,False,True
07-05,57,열불 품은 3종 치킨(오리지널),23000,False,True
07-05,58,열불라조 치킨(오리지널),22000,False,True
07-05,59,노랑 3종 치킨(오리지널),22000,False,True
07-05,60,칼칼한 청양 치킨(오리지널),22000,False,True
07-05,61,엄청 큰 후라이드 치킨(오리지널),19000,False,True
07-05,62,바삭 누룽지 치킨(오리지널),21000,False,True
07-06,63,교촌오리지날,19000,False,True
07-06,64,교촌콤보,22000,False,True
07-06,65,교촌윙,22000,False,True
07-06,66,허니오리지날,19000,False,True
07-06,67,허니콤보,23000,False,True
07-06,68,레드오리지날,20000,False,True
07-07,69,땡초숯불양념치킨,25000,False,True
07-07,70,한입등갈비튀김,25000,False,True
07-07,71,핫베이크 윙,24000,False,True
07-07,72,핫베이크 닭다리,26000,False,True
07-07,73,바사칸 윙,23000,False,True
07-07,74,황금올리브치킨™,23000,False,True
07-07,75,황금올리브치킨™속안심,19000,False,True
07-07,76,황금올리브치킨™핫윙,23000,False,True
07-07,77,황금올리브치킨™핫크리스피,24000,False,True
07-07,78,크런치 순살크래커,20000,False,True
07-07,79,파더's치킨,15000,False,True
07-07,80,[황.양.반] 황올 반+양념 반,24000,False,True
07-07,81,황금올리브치킨™블랙페퍼,24000,False,True
07-07,82,황금올리브치킨™레드착착,24000,False,True
07-07,83,크런치버터치킨,24000,False,True
07-07,84,바삭갈릭,21000,False,True
07-07,85,황금올리브치킨™양념,24500,False,True
07-07,86,자메이카 소떡만나치킨,24000,False,True
07-07,87,황금올리브치킨™매운양념,25000,False,True
07-07,88,극한왕갈비치킨,23000,False,True
07-07,89,소이갈릭스,21000,False,True
07-08,90,파닭,10900,False,True
07-08,91,간장치킨,10900,False,True
07-08,92,마늘치킨,10900,False,True
07-08,93,크리스피치킨,9900,False,True
07-08,94,양념치킨,10900,False,True
07-10,95,하하핫치킨,20900,False,True
07-10,96,크크크치킨,20900,False,True
07-10,97,호랑이치킨,20900,False,True
07-10,98,고추치킨,20900,False,True
07-10,99,간지치킨,20900,False,True
07-10,100,더매운고추치킨,20900,False,True
07-10,101,후라이드치킨,17900,False,True
07-10,102,양념치킨,19900,False,True
07-10,103,맛있는 닭봉만 15조각,11800,False,True
07-10,104,맛있는 윙만 15조각,11800,False,True
07-10,105,맛있는 다리만 6조각,11800,False,True
07-10,106,떡볶이,5000,False,True
07-10,107,쫀도그,5000,False,True
07-10,108,쫀득 치즈볼,5000,False,True
07-10,109,포테이토 치즈스틱,6000,False,True
07-11,110,오리지널,17900,False,True
07-11,111,고추바사삭,19900,False,True
07-11,112,치즈바사삭,19900,False,True
07-11,113,남해마늘바사삭,20900,False,True
07-11,114,마라 고추 바사삭,20900,False,True
07-11,115,오븐 바사삭,18900,False,True
07-11,116,갈비천왕,19900,False,True
07-11,117,볼케이노,19900,False,True
07-11,118,맵단짠치킨,19900,False,True
07-11,119,불금치킨,19900,False,True
07-11,120,양념히어로,19900,False,True
07-11,121,갈비천왕 그릴드 비프 피자,17000,False,True
07-11,122,시카고 딥디쉬 피자,17500,False,True
07-11,123,바비큐 시카고 피자,18900,False,True
07-11,124,스윗콘치즈피자,9000,False,True
07-11,125,페퍼로니시카고피자,18900,False,True
07-11,126,허니멜로 스윗포테이토 피자,17700,False,True
07-11,127,바질&토마토피자,9000,False,True
07-11,128,트리플 포테이토 피자,14900,False,True
07-11,129,리코타&브리 시카고 딥디쉬 피자,18900,False,True
07-11,130,폭립,21000,False,True
07-12,131,숯불 핫 바베큐구이,21000,False,True
07-12,132,고추간장 순살치킨,23000,False,True
07-12,133,로스트 윙봉,19000,False,True
07-12,134,마늘간장 순살치킨,23000,False,True
07-12,135,마늘간장 크런치윙봉,22000,False,True
07-12,136,마늘간장치킨,22000,False,True
07-12,137,바삭한식스팩,23000,False,True
07-12,138,빠삭커리네순살치킨,23000,False,True
07-12,139,빠삭커리네윙봉,23000,False,True
07-12,140,빠삭커리네치킨,23000,False,True
07-12,141,스윗 순살치킨,23000,False,True
07-12,142,크런치 윙봉,20000,False,True
07-12,143,크리스피 순살치킨,22000,False,True
07-12,144,크리스피윙봉,21000,False,True
07-12,145,크리스피치킨,22000,False,True
07-12,146,파닭 순살치킨,22000,False,True
07-12,147,핫 바베큐 로스트윙봉,22000,False,True
07-12,148,핫 바베큐 순살치킨,22000,False,True
07-12,149,후라이드치킨,20000,False,True
07-12,150,깐부통닭,19000,False,True
07-13,151,쫄뱅이,26000,False,True
07-13,152,핫칠리 새우,19000,False,True
07-13,153,알싸한 파새우,19000,False,True
07-13,154,치즈스노윙치킨,19000,False,True
07-13,155,반반치킨,19000,False,True
07-13,156,매운 양념치킨,19000,False,True
07-14,157,땡초숯불양념치킨,25000,False,True
07-14,158,한입등갈비튀김,25000,False,True
07-14,159,핫베이크 윙,24000,False,True
07-14,160,핫베이크 닭다리,26000,False,True
07-14,161,바사칸 윙,23000,False,True
07-14,162,황금올리브치킨™,23000,False,True
07-15,163,숯불 핫 바베큐구이,21000,False,True
07-15,164,고추간장 순살치킨,23000,False,True
07-15,165,로스트 윙봉,19000,False,True
07-15,166,마늘간장 순살치킨,23000,False,True
07-15,167,마늘간장 크런치윙봉,22000,False,True
07-15,168,마늘간장치킨,22000,False,True
07-16,169,후라이드치킨,16900,False,True
07-16,170,양념치킨,19500,False,True
07-16,171,파닭치킨,19900,False,True
07-16,172,국물떡볶이,14900,False,True
07-16,173,번데기탕,12900,False,True
07-16,174,후라이드/양념,18500,False,True
07-16,175,후라이드/마늘간장,18500,False,True
07-16,176,마늘간장,19500,False,True
07-16,177,순살치킨,16500,False,True
07-16,178,순살반 양념,18500,False,True
07-16,179,순살반 마늘간장,18500,False,True
07-16,180,순살양념치킨,19500,False,True
07-16,181,순살마늘간장,19500,False,True
07-16,182,순살파닭,19900,False,True
07-16,183,노가리,13900,False,True
07-16,184,한치,16900,False,True
07-16,185,반건조오징어,16900,False,True
07-16,186,클레어닭발,18900,False,True
07-16,187,감자튀김,14500,False,True
07-16,188,먹태,16900,False,True
07-16,189,황도,14500,False,True
07-17,190,띱띱 크런치,21900,False,True
07-17,191,순살 띱띱 크런치,24900,False,True
07-17,192,고추마요 치킨,20900,False,True
07-17,193,블랙알리오,20900,False,True
07-17,194,순살 블랙알리오,23900,False,True
07-17,195,김미바삭,20900,False,True
07-18,196,오리지널,17900,False,True
07-18,197,고추바사삭,19900,False,True
07-18,198,치즈바사삭,19900,False,True
07-18,199,남해마늘바사삭,20900,False,True
07-18,200,마라 고추 바사삭,20900,False,True
07-18,201,오븐 바사삭,18900,False,True
07-19,202,[한마리][순살/뼈] 숯불 양념구이 치킨,19000,False,True
07-19,203,[한마리][순살/뼈] 숯불 소금구이 치킨,17900,False,True
07-19,204,[순살반반] 양념반+소금반,21000,False,True
07-19,205,[두마리][순살/뼈] 양념구이 1마리+소금구이 1마리,34900,False,True
07-19,206,[한마리][순살/뼈]치즈 숯불 양념구이 치킨,22000,False,True
07-19,207,[순살반반] 맵기따로따로 양념반+양념반,22000,False,True
07-22,208,바삭똥집튀김,7900,False,True
07-22,209,덕장먹태,14900,False,True
07-22,210,꿀돼지강정,9900,False,True
07-22,211,핫현미바삭,21900,False,True
07-22,212,88불닭매콤탕,16900,False,True
07-22,213,고구마치즈볼,5000,False,True
07-23,214,옛날통닭(1마리),9000,False,True
07-23,215,옛날통닭(2마리),17000,False,True
07-23,216,닭강정(중),9000,False,True
07-23,217,닭강정(대),17000,False,True
07-23,218,순살(파닭/깻잎),12000,False,True
07-23,219,닭다리(후라이드),9900,False,True
07-24,220,더블팝 순살 양념,23500,False,True
07-24,221,HOT 후라이드 콤보,23000,False,True
07-24,222,뿌링클 콤보,23000,False,True
07-24,223,골드킹 콤보,23000,False,True
07-24,224,맛초킹 콤보,23000,False,True
07-24,225,마법클,22000,False,True
07-24,226,마법클 스틱,23000,False,True
07-24,227,레드킹폭립,28000,False,True
07-24,228,치퐁당 후라이드,22000,False,True
07-24,229,치퐁당 윙,23000,False,True
07-24,230,하바네로 포테킹 후라이드,23000,False,True
07-24,231,포테킹 콤보,23000,False,True
07-24,232,후라이드(반)+뿌링치즈볼,18000,False,True
07-24,233,골드킹(반)+치즈볼,18000,False,True
07-24,234,맛초킹(반)+치즈볼,18000,False,True
07-24,235,뿌링클(반)+치즈볼,19000,False,True
07-24,236,맛초킹,21000,False,True
07-24,237,레드킹 순살,23000,False,True
07-24,238,양념치킨,21000,False,True
07-24,239,후라이드,20000,False,True
07-24,240,후라이드 반/양념 반,21000,False,True
07-26,241,아빠의 제주깜슐랭,17900,False,True
07-26,242,원헌드RED,18900,False,True
07-27,243,치삼이 세트,22900,False,True
07-27,244,가똥세트,19800,False,True
07-27,245,닭볶음탕,8000,False,True
07-27,246,뚝배기불고기,8000,False,True
07-27,247,제육볶음,8000,False,True
07-28,248,순살후라이드치킨,21000,False,True
07-28,249,클라우드 생,5000,False,True
07-28,250,순살양념치킨,22000,False,True
07-28,251,순살간장치킨,22000,False,True
07-28,252,순살파닭치킨,22000,False,True
07-28,253,폭탄페퍼로니피자,26000,False,True
07-28,254,포테킹포테이토피자,26000,False,True
07-28,255,모듬감자튀김+노가리,29000,False,True
07-28,256,아귀포+나쵸,27000,False,True
07-28,257,소세지모듬감자튀김,26000,False,True
07-28,258,통오징어모듬감자튀김,26000,False,True
07-28,259,새우감바스,26000,False,True
07-28,260,골뱅이소면,24000,False,True
07-28,261,치즈스틱모듬감자튀김,25000,False,True
07-28,262,오뎅탕,22000,False,True
07-28,263,번데기탕,15000,False,True
07-28,264,우삼겹떡볶이,24000,False,True
07-28,265,모듬감자튀김,15000,False,True
07-28,266,모듬마른안주,23000,False,True
07-28,267,육포&나쵸,24000,False,True
07-28,268,먹태,17000,False,True
07-29,269,크리스피치킨(뼈),12900,False,True
07-29,270,크리스피치킨(순살),13900,False,True
07-29,271,양념치킨(뼈),13900,False,True
07-29,272,양념치킨(순살),14900,False,True
07-29,273,반반치킨(크리스피/양념)(뼈),13900,False,True
07-29,274,반반치킨(크리스피/양념)(순살),14900,False,True
07-29,275,마늘치킨(뼈),13900,False,True
07-29,276,마늘치킨(순살),14900,False,True
07-29,277,불닭치킨(뼈),13900,False,True
07-29,278,불닭치킨(순살),14900,False,True
07-29,279,간장치킨(뼈),13900,False,True
07-29,280,간장치킨(순살),14900,False,True
07-29,281,크림양념치킨(뼈),13900,False,True
07-29,282,크림양념치킨(순살),14900,False,True
07-29,283,크림불닭치킨(뼈),13900,False,True
07-29,284,크림불닭치킨(순살),14900,False,True
07-29,285,어니어크림치킨(뼈),14900,False,True
07-29,286,어니어크림치킨(순살),15900,False,True
07-29,287,스노우치킨(뼈),14900,False,True
07-29,288,스노우치킨(순살),15900,False,True
07-29,289,파닭치킨(뼈),14900,False,True
07-30,290,지코바 소금구이,19000,False,True
07-30,291,지코바 순살소금구이,21000,False,True
07-30,292,지코바 순살양념구이,21000,False,True
07-30,293,지코바 양념치킨,20000,False,True
07-30,294,지코바 윙 양념구이,21000,False,True
07-30,295,지코바 윙 소금구이,20000,False,True
07-31,296,숯불 핫 바베큐구이,21000,False,True
07-31,297,고추간장 순살치킨,23000,False,True
07-31,298,로스트 윙봉,19000,False,True
07-31,299,마늘간장 순살치킨,23000,False,True
07-31,300,마늘간장 크런치윙봉,22000,False,True
07-31,301,마늘간장치킨,22000,False,True
07-31,302,바삭한식스팩,23000,False,True
07-31,303,빠삭커리네순살치킨,23000,False,True
07-31,304,빠삭커리네윙봉,23000,False,True
07-31,305,빠삭커리네치킨,23000,False,True
07-31,306,스윗 순살치킨,23000,False,True
07-31,307,크런치 윙봉,20000,False,True
07-31,308,크리스피 순살치킨,22000,False,True
07-31,309,크리스피윙봉,21000,False,True
07-31,310,크리스피치킨,22000,False,True
07-31,311,파닭 순살치킨,22000,False,True
07-31,312,핫 바베큐 로스트윙봉,22000,False,True
07-31,313,핫 바베큐 순살치킨,22000,False,True
07-31,314,후라이드치킨,20000,False,True
07-31,315,깐부통닭,19000,False,True
07-32,316,띱띱 크런치,21900,False,True
07-32,317,순살 띱띱 크런치,24900,False,True
07-32,318,고추마요 치킨,20900,False,True
07-32,319,블랙알리오,20900,False,True
07-32,320,순살 블랙알리오,23900,False,True
07-32,321,김미바삭,20900,False,True
07-33,322,드래곤 치즈볼,7000,False,True
07-33,323,오뎅탕,12000,False,True
07-33,324,감자튀김,10000,False,True
07-33,325,국물닭발,16000,False,True
07-33,326,무뼈닭발,14000,False,True
07-33,327,매운닭발,13000,False,True
07-35,328,네네마늘치킨,22000,False,True
07-35,329,핫블링치킨,22000,False,True
07-35,330,크리미언치킨,22000,False,True
07-35,331,청양마요치킨,22000,False,True
07-35,332,스노윙MAXX,23000,False,True
07-35,333,닭날개(12개),23000,False,True
07-35,334,닭다리(10개),19000,False,True
07-35,335,레드마블치킨,22000,False,True
07-35,336,레드마요치킨,22000,False,True
07-35,337,매콤치즈스노윙,22000,False,True
07-35,338,소이갈릭치킨,22000,False,True
07-35,339,양념반+후라이드반,20000,False,True
07-35,340,어니언스노윙,22000,False,True
07-35,341,오리엔탈파닭,22000,False,True
07-35,342,윙봉(24개),23000,False,True
07-35,343,치즈스노윙,22000,False,True
07-35,344,코찡마요치킨,22000,False,True
07-35,345,핫후라이드,20000,False,True
07-35,346,후라이드,19000,False,True
07-47,347,마늘쫑닭 (반마리),9900,False,True
07-47,348,양념통닭 (반마리),10900,False,True
07-47,349,매콤양념통닭 (반마리),10900,False,True
07-47,350,통마늘통후추통닭 (반마리),10900,False,True
07-47,351,왕갈비통닭 (반마리),10900,False,True
07-47,352,달콤마늘통닭 (반마리),11900,False,True
07-47,353,불가마통닭,20900,False,True
07-47,354,양념반치즈닭,22900,False,True
07-47,355,매콤반치즈닭,22900,False,True
07-47,356,황비홍마라통닭,22900,False,True
07-47,357,달콤마늘치즈닭,22900,False,True
07-47,358,치즈폭탄통닭,22900,False,True
07-47,359,콘치즈닭,22900,False,True
07-47,360,닭다리순살소금구이,15500,False,True
07-47,361,닭다리순살왕갈비,16500,False,True
07-47,362,닭다리순살불닭,16500,False,True
07-47,363,철판김치삼겹,13500,False,True
07-47,364,철판마늘삼겹,13500,False,True
07-47,365,철판매콤삼겹,13500,False,True
07-48,366,열불 품은 3종 치킨(오리지널),23000,False,True
07-48,367,열불라조 치킨(오리지널),22000,False,True
07-48,368,노랑 3종 치킨(오리지널),22000,False,True
07-48,369,칼칼한 청양 치킨(오리지널),22000,False,True
07-48,370,엄청 큰 후라이드 치킨(오리지널),19000,False,True
07-48,371,바삭 누룽지 치킨(오리지널),21000,False,True
07-48,372,알싸한 마늘치킨(레귤러),20000,False,True
07-48,373,알싸한 마늘치킨(오리지널),22000,False,True
07-48,374,뿌리노랑 치킨(오리지널),22000,False,True
07-48,375,엄청 큰 양념치킨(오리지널),21000,False,True
07-48,376,엄청 큰 깐풍치킨(오리지널),21000,False,True
07-48,377,맵싸한 고추치킨(오리지널),21000,False,True
07-48,378,웰빙 파닭(오리지널),21000,False,True
07-48,379,웰빙 파닭 반반(후라이드 + 양념),22000,False,True
07-49,380,더블팝 순살 양념,23500,False,True
07-49,381,HOT 후라이드 콤보,23000,False,True
07-49,382,뿌링클 콤보,23000,False,True
07-49,383,골드킹 콤보,23000,False,True
07-49,384,맛초킹 콤보,23000,False,True
07-49,385,마법클,22000,False,True
07-49,386,마법클 스틱,23000,False,True
07-49,387,레드킹폭립,28000,False,True
07-49,388,치퐁당 후라이드,22000,False,True
07-49,389,치퐁당 윙,23000,False,True
07-49,390,하바네로 포테킹 후라이드,23000,False,True
07-49,391,포테킹 콤보,23000,False,True
07-49,392,후라이드(반)+뿌링치즈볼,18000,False,True
07-49,393,골드킹(반)+치즈볼,18000,False,True
07-49,394,맛초킹(반)+치즈볼,18000,False,True
07-49,395,뿌링클(반)+치즈볼,19000,False,True
07-49,396,맛초킹,21000,False,True
07-49,397,레드킹 순살,23000,False,True
07-49,398,양념치킨,21000,False,True
07-49,399,후라이드,20000,False,True
07-49,400,후라이드 반/양념 반,21000,False,True
07-50,401,숯불 핫 바베큐구이,21000,False,True
07-50,402,고추간장 순살치킨,23000,False,True
07-50,403,로스트 윙봉,19000,False,True
07-50,404,마늘간장 순살치킨,23000,False,True
07-50,405,마늘간장 크런치윙봉,22000,False,True
07-50,406,마늘간장치킨,22000,False,True
07-50,407,바삭한식스팩,23000,False,True
07-50,408,빠삭커리네순살치킨,23000,False,True
07-50,409,빠삭커리네윙봉,23000,False,True
07-50,410,빠삭커리네치킨,23000,False,True
07-50,411,스윗 순살치킨,23000,False,True
07-50,412,크런치 윙봉,20000,False,True
07-50,413,크리스피 순살치킨,22000,False,True
07-50,414,크리스피윙봉,21000,False,True
07-50,415,크리스피치킨,22000,False,True
07-50,416,파닭 순살치킨,22000,False,True
07-50,417,핫 바베큐 로스트윙봉,22000,False,True
07-50,418,핫 바베큐 순살치킨,22000,False,True
07-50,419,후라이드치킨,20000,False,True
07-50,420,깐부통닭,19000,False,True
07-52,421,우와하게 통닭한판,22000,False,True
07-52,422,어메이징 치피한판,22000,False,True
07-52,423,청양간장치킨,18000,False,True
07-52,424,깐풍치킨,18000,False,True
07-52,425,유린치킨,18000,False,True
07-55,426,[마라] 후라이드 치킨,18000,False,True
07-55,427,깐풍 순살 치킨,22000,False,True
07-55,428,반반 치킨,21000,False,True
07-55,429,오렌지 순살 치킨,22000,False,True
07-55,430,[마라] 닭도리탕,28000,False,True
07-55,431,오뎅탕,15000,False,True
07-55,432,무뼈 닭발,16000,False,True
07-55,433,에그 프라이드 라이스,7000,False,True
07-55,434,오렌지 마요 새우,12000,False,True
07-55,435,콘치즈마요,6000,False,True
07-55,436,마라 해시브라운,6000,False,True
07-55,437,클래식 감자튀김,6000,False,True
07-55,438,스위트콘치즈볼,4000,False,True
07-55,439,분모자 튀김,4000,False,True
07-55,440,마늘 닭똥집,13000,False,True
07-55,441,골뱅이무침&쫄면,25000,False,True
07-55,442,깐쇼치킨,22000,False,True
07-55,443,마라 갈릭 치킨,22000,False,True
07-66,444,일편닭심 플래터,33000,False,True
07-66,445,오리지날 후라이드,22000,False,True
07-66,446,옛날 돈까스,18000,False,True
07-66,447,닭다리살 바지락술찜,24000,False,True
07-66,448,깻잎 닭떡볶이,24000,False,True
07-66,449,소스 플레이트,0,False,True
07-67,450,통다리 치킨,29000,False,True
07-67,451,포크 스페어 립,29000,False,True
07-67,452,B.B.Q 비프 립,69000,False,True
07-67,453,토마호크,15000,False,True
07-67,454,B.B.Q 플래터,109000,False,True
07-67,455,포크 립 With 프라이즈,45000,False,True
07-67,456,케이준 감자튀김,4500,False,True
07-67,457,맥앤치즈,6900,False,True
07-67,458,칠리 치즈 프라이,11000,False,True
07-67,459,비프 칠리 나쵸,13000,False,True
07-67,460,핫 버팔로 윙 With 감자튀김,19000,False,True
07-68,461,감성그릴드파히타,38000,False,True
07-68,462,트리플미트파히타,35000,False,True
07-68,463,베르데숏립퀘사디아,14000,False,True
07-68,464,과카몰리쉬림프퀘사디아,14000,False,True
07-68,465,치폴레크림쉬림프브리또,14000,False,True
07-68,466,까르니타스치즈타코,9000,False,True
07-71,467,COBB DOSA,16900,False,True
07-71,468,MIXED TANDOOR,40900,False,True
07-71,469,LAMB CHOP,34900,False,True
07-71,470,TANDOORI CHICKEN,21900,False,True
07-71,471,AFGHANI CHICKEN,21900,False,True
07-71,472,CHICKEN TIKKA MASALA,14900,False,True
07-71,473,TOMATO BUTTER CHICKEN,14900,False,True
07-73,474,홍게 다리살 새우 크림 파스타,19000,False,True
07-73,475,새우 로제 파스타,20000,False,True
07-73,476,어란 오일 파스타,24000,False,True
07-73,477,간장새우 오일 파스타,22000,False,True
07-73,478,올리오 피칸테 (할라피뇨 파스타),18000,False,True
07-73,479,라구 볼로네제 파스타,18000,False,True
07-73,480,아라비아따 치킨 리조또,20000,False,True
07-73,481,스테이크 크림 리조또,21000,False,True
07-73,482,부라타 치즈 샐러드,23000,False,True
07-73,483,아보카도 망고 샐러드,20000,False,True
07-73,484,지중해풍 해산물 샐러드,23000,False,True
07-73,485,감바스 알 아히요,17000,False,True
07-73,486,트리플 치즈 딥핑 나초,17000,False,True
07-73,487,라이브 과카몰리와 칩,17000,False,True
07-73,488,프로슈토 루꼴라 피자,22000,False,True
07-73,489,리코타 스피니치 피자,24000,False,True
07-73,490,고메 불고기 피자,26000,False,True
07-73,491,하와이안 아보카도 피자,23000,False,True
07-73,492,슈퍼 페퍼로니 피자,22000,False,True
07-73,493,슈퍼 슈프림 피자,23000,False,True
07-73,494,미트볼 소시지 피자,26000,False,True
07-74,495,숯불양념바베큐,23000,False,True
07-74,496,숯불소금구이,22000,False,True
07-74,497,후라이드치킨,20000,False,True
07-74,498,마늘치킨,22000,False,True
07-74,499,양념치킨,22000,False,True
07-74,500,간장치킨,22000,False,True
07-74,501,숯불떡바베큐,25000,False,True
07-74,502,순살치킨,20000,False,True
07-74,503,순살양념치킨,22000,False,True
07-74,504,파닭치킨,23000,False,True
07-74,505,반반치킨,23000,False,True
07-74,506,반마리추가,12000,False,True
07-74,507,숯불먹태,19000,False,True
07-74,508,숯불오징어,18000,False,True
07-74,509,숯불한치,18000,False,True
07-74,510,숯불노가리,18000,False,True
07-74,511,숯불학꽁치,22000,False,True
07-74,512,숯불대구포,18000,False,True
07-74,513,숯불육포,18000,False,True
07-74,514,숯불모듬포,27000,False,True
07-74,515,(특)해물떡볶이,22000,False,True
07-75,516,한우불고기세트,10500,False,True
07-75,517,핫크리스피버거세트,8100,False,True
07-76,518,소시지 플레이트,18000,False,True
07-76,519,바팔로윙,16000,False,True
07-76,520,순살닭튀김,15000,False,True
07-76,521,감자튀김,7000,False,True
07-76,522,나쵸,8000,False,True
07-77,523,탄두리 치킨 (반마리),13500,False,True
07-77,524,아프가니 치킨 (반마리),14000,False,True
07-77,525,치킨 티카,22000,False,True
07-77,526,치킨 말라이 케밥,22000,False,True
07-77,527,칠리 치킨,22000,False,True
07-77,528,탄두리 양갈비 (2PCS),22000,False,True
07-77,529,싱가포르 칠리 크랩,33000,False,True
07-77,530,칠리 프론,33000,False,True
07-77,531,킹 프론 탄두리,33000,False,True
07-77,532,탄두리 믹스 그릴,49000,False,True
07-77,533,치킨 삭와라,17000,False,True
07-77,534,치킨 티카 마살라,17000,False,True
07-77,535,버터 치킨,17000,False,True
07-77,536,치킨 도 피아자,17000,False,True
07-77,537,카다이 치킨,17000,False,True
07-77,538,램 커리,18000,False,True
07-77,539,램 빈달루,18000,False,True
07-77,540,램 도 피아자,18000,False,True
07-77,541,프론 도 피아자,18000,False,True
07-77,542,프론 마커니,18000,False,True
07-77,543,차나 마살라,19000,False,True
07-78,544,립스테이크 L,36900,False,True
07-78,545,매콤연유 팝콘치킨(20ea),3400,False,True
07-78,546,판타스틱 콤보,9300,False,True
07-78,547,리치 치즈 파스타,7900,False,True
07-78,548,알로하 하와이 L,27900,False,True
07-78,549,콤비네이션 L,27900,False,True
07-78,550,직화불고기 L,33900,False,True
07-78,551,베이컨포테이토 L,33900,False,True
07-78,552,멜팅치즈 포테이토 L,27900,False,True
07-78,553,소이갈릭 윙 4조각,4200,False,True
07-78,554,수퍼슈프림 L,33900,False,True
07-78,555,씨푸드킹 L,36900,False,True
07-78,556,코울슬로,1600,False,True
07-78,557,콤비네이션&페페로니러버 L,27900,False,True
07-78,558,페페로니 러버 L,25900,False,True
07-78,559,치즈 러버 L,23900,False,True
07-80,560,판교로262 시그니처 3단 트레이 플래터,25000,False,True
07-80,561,훈제연어 스노우보드,18000,False,True
07-84,562,바차바다찜,35000,False,True
07-84,563,차돌해물떡찜,28000,False,True
07-84,564,나가사끼짬뽕탕,25000,False,True
07-84,565,로치새우,25000,False,True
07-84,566,마라차돌짬뽕,25000,False,True
07-84,567,해물레드감바스,25000,False,True
07-84,568,수제오뎅나베,23000,False,True
07-84,569,바차 블루 티 하이볼,14000,False,True
07-84,570,웬즈데이 애플민트 티 하이볼,13000,False,True
07-84,571,허니 메도우 티 하이볼,13000,False,True
07-84,572,러버스 로즈피치 티 하이볼,13000,False,True
07-84,573,스모키 와터 하이볼,13000,False,True
07-84,574,모히또 민트 하이볼,10000,False,True
07-84,575,얼그레이 하이볼,10000,False,True
07-85,576,B세트 갓파히타(2인 추천),39000,False,True
07-85,577,C세트 갓엔칠라다 (2인 추천),39000,False,True
07-85,578,A세트 갓보울(2인 추천),37000,False,True
07-85,579,타코세트,52000,False,True
07-85,580,패밀리세트(4인 추천),72000,False,True
07-85,581,갓보울,18000,False,True
07-85,582,갓파히타,23000,False,True
07-85,583,갓엔칠라다,23000,False,True
07-85,584,레몬에이드,6500,False,True
07-85,585,자몽에이드,6500,False,True
07-85,586,오렌지에이드,6500,False,True
07-85,587,데킬라하이볼,8000,False,True
07-85,588,데킬라썬라이즈,8000,False,True
07-85,589,코로나리타,15000,False,True
07-85,590,단품메뉴,5000,False,True
07-86,591,왕갈비 쌀국수,14000,False,True
07-86,592,소고기 쌀국수,11000,False,True
07-86,593,클래식쌀국수,11000,False,True
07-86,594,매운쌀국수,12500,False,True
07-86,595,미트 힐 라이스,13000,False,True
07-86,596,쉬림프 스프링롤(8pcs),7000,False,True
07-87,597,차돌떡볶이,16500,False,True
07-88,598,묵은지두부두루치기,27000,False,True
07-88,599,군산갑오징어구이,0,False,True
07-88,600,먹태한마리,0,False,True
07-88,601,오삼불고기,29000,False,True
07-88,602,모듬즉석떡볶이,27000,False,True
07-88,603,오징어볶음,25000,False,True
07-89,604,아보카도쉬림프살사,10900,False,True
07-89,605,애플브리햄,10900,False,True
07-89,606,아스파라거스머쉬룸샐러드,11800,False,True
07-89,607,페스토치킨파니니,10900,False,True
07-89,608,알밤콕콕밤무스,10900,False,True
07-89,609,그릴머쉬룸햄치즈파니니,10900,False,True
07-89,610,트리플치즈파니니,10900,False,True
07-89,611,닭가슴살BLT샌드위치,10900,False,True
07-89,612,고구마무스파니니,10900,False,True
07-90,613,수퍼파파스 L사이즈,28500,False,True
07-92,614,리듬앤버거,10800,False,True
07-92,615,치즈버거,8800,False,True
07-92,616,더블치즈버거,12800,False,True
07-92,617,프렌치프라이즈,3500,False,True
07-92,618,베이컨치즈프렌치프라이즈,5000,False,True
07-92,619,포테이토스킨,5500,False,True
07-92,620,버펄로윙,9500,False,True
07-92,621,더블리듬앤버거,14800,False,True
07-92,622,소울BBQ버거,10800,False,True
07-92,623,허니갈릭윙,9500,False,True
07-92,624,크리스피윙,9000,False,True
07-93,625,기본컷트,11000,False,True
07-93,626,디자인컷트,13000,False,True
07-93,627,비타민컷트,15000,False,True
07-93,628,클리닉컷트,20000,False,True
07-93,629,새치커버,20000,False,True
07-94,630,치킨 부리또,7900,False,True
07-94,631,스테이크 샐러드,10900,False,True
07-94,632,치킨,8900,False,True
07-94,633,스테이크,12900,False,True
07-94,634,알빠스톨,10900,False,True
07-94,635,그릴새우,13900,False,True
07-94,636,까르니따스,9900,False,True
07-95,637,립스테이크 L,36900,False,True
07-95,638,매콤연유 팝콘치킨(20ea),3400,False,True
07-95,639,판타스틱 콤보,9300,False,True
07-95,640,리치 치즈 파스타,7900,False,True
07-95,641,알로하 하와이 L,27900,False,True
07-95,642,콤비네이션 L,27900,False,True
07-95,643,직화불고기 L,33900,False,True
07-95,644,베이컨포테이토 L,33900,False,True
07-95,645,멜팅치즈 포테이토 L,27900,False,True
07-95,646,소이갈릭 윙 4조각,4200,False,True
07-95,647,수퍼슈프림 L,33900,False,True
07-95,648,씨푸드킹 L,36900,False,True
07-95,649,코울슬로,1600,False,True
07-95,650,콤비네이션&페페로니러버 L,27900,False,True
07-95,651,페페로니 러버 L,25900,False,True
07-95,652,치즈 러버 L,23900,False,True
07-97,653,바질레몬에이드,5500,False,True
07-97,654,복숭아에이드,5500,False,True
07-97,655,생파인애플모히또,6500,False,True
07-97,656,제로콜라,3000,False,True
07-97,657,콜라,3000,False,True
07-97,658,사이다,3000,False,True
07-97,659,탄산수,5000,False,True
07-97,660,홈메이드와사비타르타르,19000,False,True
07-97,661,파스타,22000,False,True
07-97,662,크림파스타,22000,False,True
07-97,663,리조또,23000,False,True
07-97,664,갈릭프라이드라이스,40000,False,True
07-98,665,평일 런치 세트 (2인),29000,False,True
07-98,666,람부뜨리 쌀국수,15000,False,True
07-98,667,아롱사태 쌀국수,12000,False,True
07-98,668,뿌팟봉커리&라이스,27000,False,True
07-98,669,똠얌꿍,27000,False,True
07-98,670,커무양,19000,False,True
07-99,671,치킨퀘사디아,15900,False,True
07-99,672,까르니따스퀘사디아,16500,False,True
07-99,673,와규스테이크,39000,False,True
07-99,674,철판찹스테이크,29000,False,True
07-99,675,에그인헬,19000,False,True
07-99,676,칠리치킨타코(2pcs),8900,False,True
07-99,677,까르니따스타코(2pcs),9500,False,True
07-99,678,그릴비프타코(2pcs),9900,False,True
07-99,679,쉬림프타코(2pcs),10500,False,True
07-99,680,비건아보카도타코(2pcs),10500,False,True
07-99,681,칠리치킨 BOWL OR BURITTO,9900,False,True
07-99,682,까르니따스 BOWL OR BURITTO,10500,False,True
07-99,683,그릴버프 BOWL OR BURITTO,11500,False,True
07-99,684,쉬림프 BOWL OR BURITTO,12900,False,True
07-99,685,쉬림프샐러드,14500,False,True
07-99,686,버섯아보카도샐러드,13900,False,True
07-99,687,이터스파히타(2인),39000,False,True
07-99,688,콤보플래터(2인),36900,False,True
07-101,689,새우완탕쌀국수,10900,False,True
07-101,690,카라이멘,10900,False,True
07-101,691,돼지고기에그누들볶음면,10900,False,True
07-101,692,마제소바,11900,False,True
07-101,693,소고기마라탕면,12900,False,True
07-101,694,우육탕면,13900,False,True
07-102,695,2인 탄탄세트,29800,False,True
07-102,696,1인 혼탄세트,13800,False,True
07-102,697,탄탄면,10800,False,True
07-102,698,얼큰탄탄국밥,9800,False,True
07-102,699,청양탄탄면(매운맛),11000,False,True
07-102,700,사천탄탄면(아주매운맛),11500,False,True
07-102,701,치즈탄탄면,11500,False,True
07-102,702,마라탄탄면(매운맛),11500,False,True
07-102,703,새우탕면,11500,False,True
07-102,704,냉탄탄면 (5-9월 한정),10500,False,True
07-102,705,라구탄탄면,11500,False,True
07-102,706,새콤비빔탄탄면,10000,False,True
07-102,707,육교명튀김교자(2ea),4000,False,True
07-102,708,갈릭마요치킨볼(4ea),4500,False,True
07-102,709,탄탄치즈프라이,4800,False,True
07-102,710,바삭순살치즈프라이,9000,False,True
07-102,711,새우치즈볼(4ea),5500,False,True
07-102,712,바삭순살닭튀김(150g),4800,False,True
07-102,713,바삭순살닭튀김(300g),9300,False,True
07-102,714,간장계란밥,3500,False,True
07-103,715,부추 직화돼지고기 쌀국수,11500,False,True
07-103,716,차돌 쌀국수,12000,False,True
07-103,717,양지 쌀국수,10000,False,True
07-103,718,콤보 쌀국수,12000,False,True
07-103,719,타이갈릭 쌀국수,12000,False,True
07-103,720,매운해산물쌀국수,12500,False,True
07-103,721,소고기 쌀국수,11000,False,True
07-103,722,해산물 쌀국수,12000,False,True
07-103,723,똠양 쌀국수,12500,False,True
07-103,724,매운 소고기 쌀국수,12000,False,True
07-103,725,1인 분짜,12000,False,True
07-103,726,팟타이,12500,False,True
07-103,727,매운 해물 팟타이,13000,False,True
07-103,728,치킨 팟타이,12500,False,True
07-103,729,나시고랭,12000,False,True
07-103,730,뿌님팟퐁커리,20000,False,True
07-103,731,싱가폴 칠리크랩,20000,False,True
07-103,732,치킨 매실탕수육,17000,False,True
07-103,733,스위칠리새우,17000,False,True
07-103,734,스윗칠리치킨,17000,False,True
07-107,735,쉬림프 버거(R),5000,False,True
07-107,736,JG버거(R),8900,False,True
07-107,737,프랭크 버거(R),4600,False,True
07-107,738,치즈버거(R),5500,False,True
07-107,739,베이컨 치즈버거(R),6900,False,True
07-107,740,프렌치 프라이,2000,False,True
07-109,741,1977서울치킨,17000,False,True
07-109,742,1977서울잔치,15000,False,True
07-109,743,미스포테이토,11000,False,True
07-109,744,새우튀김,10000,False,True
07-109,745,닭똥집튀김,9000,False,True
07-109,746,멘보샤,9000,False,True
07-109,747,오다리튀김,9000,False,True
07-109,748,닭볶음탕,24000,False,True
07-109,749,해물누룽지탕,16000,False,True
07-109,750,얼큰짬뽕탕,16000,False,True
07-109,751,나가사키짬뽕탕,16000,False,True
07-109,752,떡볶이,10000,False,True
07-109,753,부산어묵탕(소),11000,False,True
07-109,754,석쇠불고기,14000,False,True
07-109,755,소세지야채볶음,14000,False,True
07-109,756,서울골뱅이소면,14000,False,True
07-109,757,먹태문어아귀,16000,False,True
07-109,758,바베큐왕진미&고구마스틱,10000,False,True
07-111,759,후라이드,16000,False,True
07-111,760,전기구이,15000,False,True
07-111,761,반반후라이드,16500,False,True
07-111,762,감자튀김,9000,False,True
07-112,763,연어니기리(9pcs),15500,False,True
07-112,764,연어니기리(6pcs),9900,False,True
07-112,765,캘리포니아롤(마일드/스파이시/크런치 3종),8900,False,True
07-112,766,스노우시티롤(생연어롤),10900,False,True
07-112,767,연어그릴드래곤롤,11900,False,True
07-112,768,새우드래곤롤,10900,False,True
07-115,769,페퍼로니 피자,13000,False,True
07-115,770,해물떡볶이,15000,False,True
07-115,771,피쉬앤칩스,16000,False,True
07-115,772,GOOSE IPA,8000,False,True
07-115,773,312 URBAN WHEAT ALE,8000,False,True
07-116,774,쉬림프 버거(R),5000,False,True
07-116,775,JG버거(R),8900,False,True
07-116,776,프랭크 버거(R),4600,False,True
07-116,777,치즈버거(R),5500,False,True
07-116,778,베이컨 치즈버거(R),6900,False,True
07-116,779,프렌치 프라이,2000,False,True
07-116,780,치즈 프렌치 프라이,3500,False,True
07-116,781,버팔로윙봉 순한맛(윙2+봉2),4900,False,True
07-116,782,버팔로윙봉 매운맛(윙2+봉2),5300,False,True
07-116,783,치즈스틱,2500,False,True
07-116,784,스파이시 텐더,2500,False,True
07-116,785,더 치즈볼,2500,False,True
07-116,786,통가슴살 후라이드,3500,False,True
07-116,787,바닐라 밀크 쉐이크,3800,False,True
07-116,788,아메리카노,2000,False,True
07-116,789,카츠버거(R),5300,False,True
07-116,790,크리스피 치킨 버거(R),5900,False,True
07-116,791,베이컨 치킨 버거(R),6500,False,True
07-116,792,핫 빅불고기 버거(L),4600,False,True
07-116,793,프랭크 버거(L),5600,False,True
07-116,794,치즈버거(L),6500,False,True
07-117,795,후무스플레이트,15000,False,True
07-117,796,보리묵은지포케,15000,False,True
07-117,797,퀴노아쉬림프포케,15000,False,True
07-117,798,버미셀리베트남샐러드,14000,False,True
07-117,799,브라운버섯샐러드,16000,False,True
07-117,800,해물빠에야솥밥(2인),30000,False,True
07-117,801,포크소보로솥밥,32000,False,True
07-117,802,포르치니소고기솥밥,38000,False,True
07-117,803,스파이시쭈꾸미솥밥,28000,False,True
07-117,804,스파이시비프스튜,35000,False,True
07-117,805,안심스테이크,52000,False,True
07-117,806,양념포크후라이드,30000,False,True
07-117,807,안심가라아게,27000,False,True
07-117,808,미나리한치초무침,32000,False,True
07-117,809,꽃게감바스,30000,False,True
07-117,810,엔초비꽈리고추,13000,False,True
07-117,811,상하이파스타,23000,False,True
07-117,812,차돌된장파스타,27000,False,True
07-117,813,들기름알리오올리오,24000,False,True
07-117,814,토마토콜드파스타,20000,False,True
07-120,815,MZ's Pick (L),30900,False,True
07-120,816,고스트 페파로니 (R),18900,False,True
07-120,817,더블바베큐 (R),20900,False,True
07-120,818,더블포크쉬림프 (R),21900,False,True
07-120,819,레드올림 고구마 (R),19900,False,True
07-120,820,반올림고구마 (R),19900,False,True
07-121,821,치즈핫도그,2000,False,True
07-121,822,부산어묵,1000,False,True
07-121,823,꽉찬꼬마김밥(햄치즈/유부/새우),4000,False,True
07-121,824,날치알 주먹밥,3500,False,True
07-121,825,콩국수,5000,False,True
07-121,826,어묵우동,6000,False,True
07-123,827,전기구이 한방통닭,19000,False,True
07-123,828,서울황태,18000,False,True
07-123,829,촉촉 오징어 달큰 문어다리,19000,False,True
07-123,830,먹태,17000,False,True
07-123,831,뚱뚱보 노가리,17000,False,True
07-123,832,촉촉오징어,15000,False,True
07-123,833,달큰문어다리,15000,False,True
07-123,834,뚱쥐포,14000,False,True
07-123,835,골뱅이비빔면,23000,False,True
07-123,836,스팸후라이,17000,False,True
07-123,837,닭똥집볶음,15000,False,True
07-123,838,치즈계란짜파게티(2인),10000,False,True
07-123,839,문어라면(2인),10000,False,True
07-123,840,모둠조개탕,20000,False,True
07-123,841,빨간국물떡볶이,18000,False,True
07-123,842,땡초오뎅탕,18000,False,True
07-123,843,김치어묵우동,18000,False,True
07-123,844,버팔로윙,18000,False,True
07-123,845,통살오다리튀김,15000,False,True
07-123,846,모둠감자튀김,14000,False,True
07-123,847,닭똥집튀김,14000,False,True
07-124,848,치킨플레이트,7900,False,True
07-124,849,포크플레이트,8900,False,True
07-124,850,비프플레이트,11900,False,True
07-124,851,치킨샐러드파스타,8900,False,True
07-124,852,포크샐러드파스타,9900,False,True
07-124,853,비프샐러드파스타,12900,False,True
07-124,854,치킨로제샐러드파스타,9900,False,True
07-124,855,포크로제샐러드파스타,10900,False,True
07-124,856,비프로제샐러드파스타,13900,False,True
07-124,857,치킨데리야끼덮밥,8900,False,True
07-124,858,포크명이나물덮밥,9900,False,True
07-124,859,비프와사비덮밥,12900,False,True
07-124,860,더블치킨데리야끼덮밥,9900,False,True
07-124,861,더블포크명이나물덮밥,11900,False,True
07-124,862,더블비프와사비덮밥,18900,False,True
07-124,863,치킨커리덮밥,9900,False,True
07-124,864,포크커리덮밥,10900,False,True
07-124,865,비프커리덮밥,13900,False,True
07-127,866,치킨(작은놈),11900,False,True
07-127,867,크랩튀김,12900,False,True
07-127,868,한마리먹태,14900,False,True
07-127,869,페퍼로니피자,13900,False,True
07-127,870,고르곤졸라피자,12900,False,True
07-130,871,쉬림프 버거(R),5000,False,True
07-130,872,JG버거(R),8900,False,True
07-130,873,프랭크 버거(R),4600,False,True
07-130,874,치즈버거(R),5500,False,True
07-130,875,베이컨 치즈버거(R),6900,False,True
07-130,876,프렌치 프라이,2000,False,True
07-130,877,치즈 프렌치 프라이,3500,False,True
07-130,878,버팔로윙봉 순한맛(윙2+봉2),4900,False,True
07-130,879,버팔로윙봉 매운맛(윙2+봉2),5300,False,True
07-130,880,치즈스틱,2500,False,True
07-130,881,스파이시 텐더,2500,False,True
07-130,882,더 치즈볼,2500,False,True
07-130,883,통가슴살 후라이드,3500,False,True
07-130,884,바닐라 밀크 쉐이크,3800,False,True
07-130,885,아메리카노,2000,False,True
07-130,886,카츠버거(R),5300,False,True
07-130,887,크리스피 치킨 버거(R),5900,False,True
07-130,888,베이컨 치킨 버거(R),6500,False,True
07-130,889,핫 빅불고기 버거(L),4600,False,True
07-130,890,프랭크 버거(L),5600,False,True
07-130,891,치즈버거(L),6500,False,True
07-132,892,제육,9500,False,True
07-132,893,오삼,10000,False,True
07-132,894,낙삼,11000,False,True
07-132,895,해물순두부,8500,False,True
07-132,896,청국장순두부,8500,False,True
07-132,897,햄치즈순두부,8500,False,True
07-132,898,생삼겹살(180g),15000,False,True
07-132,899,닭볶음탕(소),28000,False,True
07-132,900,되김치전골(소),28000,False,True
07-132,901,두부김치,19000,False,True
07-132,902,후라이드치킨,19000,False,True
07-132,903,골뱅이무침,19000,False,True
07-132,904,먹태,17000,False,True
07-132,905,오징어튀김,19000,False,True
07-132,906,조개황태술국,18000,False,True
07-132,907,오뎅탕,17000,False,True
07-132,908,치즈계란말이,16000,False,True
07-132,909,스팸후라이드,15000,False,True
07-132,910,해물파전,18000,False,True
07-132,911,해물김치전,17000,False,True
07-136,912,감바스+바게트,15900,False,True
07-136,913,크림해물 짬뽕탕,15900,False,True
07-136,914,홍합탕,12900,False,True
07-136,915,간맛떡볶이,11900,False,True
07-136,916,별난치즈라뽁이,14900,False,True
07-136,917,돈까스 떡볶이,14900,False,True
07-136,918,별난치즈스틱,8900,False,True
07-136,919,해물새우라면,8900,False,True
07-136,920,짜파게티개,8900,False,True
07-136,921,후라이드콤보,15500,False,True
07-136,922,순살치킨,12900,False,True
07-136,923,빨간맛치즈떡볶이,14900,False,True
07-136,924,우삼겹떡볶이,14900,False,True
07-136,925,가문어통봉다리,7900000,False,True
07-136,926,별난 포크 소세지,10900,False,True
07-136,927,홍합당,12900,False,True
07-136,928,빨간맛 떡볶이,11900,False,True
07-136,929,불난감자,7900,False,True
07-136,930,황도,6900,False,True
07-136,931,찹쌀 치즈볼(9개),8900,False,True
07-136,932,멕시칸 나쵸,8900,False,True
07-138,933,한방삼계탕,16000,False,True
07-138,934,한방통닭구이,18000,False,True
07-139,935,돈가스정식,11000,False,True
07-139,936,등심가스,9000,False,True
07-139,937,속 꽉찬 치즈가스(치즈),12000,False,True
07-139,938,비빔국수,7000,False,True
07-139,939,우동,6000,False,True
07-139,940,새우등심,11000,False,True
07-139,941,생선가스,12000,False,True
07-139,942,치킨등심,10500,False,True
07-144,943,OG통살버거,4800,False,True
07-144,944,OG통살플러스버거,4800,False,True
07-144,945,OG블랙페퍼버거,5100,False,True
07-144,946,OG크림어니언버거,5100,False,True
07-144,947,OG핫스파이시버거,5100,False,True
07-144,948,그릴드치킨불고기버거,4900,False,True
07-144,949,OG더블햄버거,5700,False,True
07-144,950,비프버거,4900,False,True
07-144,951,클래식비프버거,5100,False,True
07-144,952,통살버거,4800,False,True
07-144,953,더블햄치즈버거,5700,False,True
07-144,954,OG불닭버거,5200,False,True
07-149,955,1984숙성카레,7900,False,True
07-149,956,1984돈까스카레,10500,False,True
07-149,957,목살스테이크데미카레,11500,False,True
07-149,958,루꼴라코르마카레,10900,False,True
07-149,959,칠리쉬림프마샬라카레,11500,False,True
07-150,960,칠리갈릭 쉬림프 포케,11900,False,True
07-150,961,포케 + 1/2 에그햄 샌드위치 세트,12400,False,True
07-150,962,하와이언 쉬림프 포케,11900,False,True
07-150,963,치폴레 텐더 포케,10900,False,True
07-150,964,데리야끼 닭가슴살 포케,10900,False,True
07-150,965,오리엔탈 두부 포케,8900,False,True
07-150,966,연어장 포케,14900,False,True
07-150,967,에그햄 샌드위치,6900,False,True
07-150,968,해시베이컨 샌드위치,7900,False,True
07-150,969,치킨텐더 샌드위치,7900,False,True
07-150,970,바질토마토 샌드위치,8500,False,True
07-150,971,크랜베리치킨 샌드위치,8900,False,True
07-150,972,통새우튀김 샌드위치,8900,False,True
07-150,973,데리야끼 닭가슴살 샌드위치,8500,False,True
07-155,974,수제육포,19000,False,True
07-155,975,북어포&나초,17000,False,True
07-155,976,닭가술살포&나초,15000,False,True
07-155,977,황도,14000,False,True
07-155,978,먹태,15000,False,True
07-155,979,노가리,14000,False,True
07-156,980,오리지널치즈피자,18900,False,True
07-156,981,페퍼로니피자,19900,False,True
07-156,982,크리스피치킨,19900,False,True
07-156,983,순살치킨,19900,False,True
07-156,984,오징어치킨,20900,False,True
07-156,985,피자+치킨set,34900,False,True
07-158,986,짝태,16000,False,True
07-158,987,아귀포,9000,False,True
07-158,988,맛노가리,7000,False,True
07-158,989,황태노가리,8000,False,True
07-158,990,버터구이 오다리,8000,False,True
07-158,991,쥐포,9000,False,True
07-158,992,오다리,7000,False,True
07-158,993,한치,16000,False,True
07-158,994,학꽁치,6000,False,True
07-158,995,가오리 날개,7000,False,True
07-158,996,반건조오징어,14000,False,True
07-158,997,버터황태노가리,9000,False,True
07-158,998,문어다리 (소),7000,False,True
07-158,999,구운김,5000,False,True
07-158,1000,치킨 가라아게,14000,False,True
07-158,1001,새우살 톡톡 멘보샤,10000,False,True
07-158,1002,매콤김말이튀김,8000,False,True
07-158,1003,모짜렐라치즈볼,10000,False,True
07-158,1004,짝태어묵탕,19000,False,True
07-158,1005,번데기탕,9000,False,True
07-158,1006,해물떡볶이,18000,False,True
07-159,1007,와사비 더블 아보카도볼,13000,False,True
07-159,1008,미소 새우볼,13000,False,True
07-159,1009,와사비 낫또볼,12000,False,True
07-159,1010,유자연어볼,16500,False,True
07-159,1011,와사비 수비드치킨볼,13000,False,True
07-159,1012,타이스모크우삼겹볼,14000,False,True
07-160,1013,튤립치킨봉,15900,False,True
07-160,1014,새우턱살튀김,12900,False,True
07-160,1015,버팔로윙,12900,False,True
07-160,1016,모듬감자튀김,12900,False,True
07-160,1017,크랩튀김,11900,False,True
07-163,1018,2인 탄탄세트,29800,False,True
07-164,1019,스탠다드 버거,6900,False,True
07-164,1020,리얼 치즈 버거,6400,False,True
07-165,1021,치즈피자(M),14900,False,True
07-165,1022,더블 페퍼로니피자(M),14900,False,True
07-165,1023,허니 고구마피자(M),17900,False,True
07-165,1024,몬스터 소세지피자(M),17900,False,True
07-165,1025,이테리 고르곤졸라피자(M),14900,False,True
07-165,1026,션샤인 콤비네이션피자(M),14900,False,True
07-165,1027,트리플 베이컨감자피자(M),17900,False,True
07-165,1028,리얼 불고기피자(M),17900,False,True
07-165,1029,양념치킨,17900,False,True
07-165,1030,후라이드,15900,False,True
07-165,1031,간장치킨,17900,False,True
07-165,1032,마늘킹치킨,17900,False,True
07-166,1033,동키그린홍합빠에야,21000,False,True
07-166,1034,골뱅이무침&비빔소면,23000,False,True
07-166,1035,어묵떡볶이,16000,False,True
07-166,1036,두부&베이컨김치볶음,19000,False,True
07-166,1037,소시지&야채철판구이,21000,False,True
07-166,1038,닭다리순살&통마늘데리야키구이,19000,False,True
07-166,1039,옛날소세지구이&달걀후라이,15000,False,True
07-166,1040,달걀말이,15000,False,True
07-166,1041,아이스황도,13000,False,True
07-166,1042,아구포&땅콩,17000,False,True
07-166,1043,오징어&땅콩,17000,False,True
07-166,1044,한치&땅콩,18000,False,True
07-166,1045,해물김치전,19000,False,True
07-166,1046,해물부추전,19000,False,True
07-166,1047,감자튀김,12000,False,True
07-166,1048,어묵채튀김,12000,False,True
07-166,1049,크리스피순살치킨&감자튀김,19000,False,True
07-166,1050,치킨가라아게&감자튀김,20000,False,True
07-166,1051,얼큰번데기탕,12000,False,True
07-166,1052,이자까야어묵탕,22000,False,True
07-166,1053,알탕,24000,False,True
07-168,1054,쇠고기야채볶음,6800,False,True
07-168,1055,오뎅사시미,7300,False,True
07-168,1056,돼지고기계란말이,8900,False,True
07-168,1057,닭튀김파소스,6800,False,True
07-168,1058,오로라새우튀김,7800,False,True
07-168,1059,돼지갈비살찜,6800,False,True
07-169,1060,스키야키(1인분),13000,False,True
07-169,1061,돈까스,7500,False,True
07-169,1062,치즈 돈까스,9000,False,True
07-169,1063,차슈동,7000,False,True
07-169,1064,카레우동,6500,False,True
