restaurant_id,menu_id,menu_name,price,is_deleted,is_active
08-01,1,스파이니 랍스터 & 스테이크,160000,False,True
08-01,2,프렌치 어니언 스프,19000,False,True
08-01,3,클래식 콥 샐러드,26000,False,True
08-01,4,한우 뉴욕 스트립 (200g),77000,False,True
08-01,5,한우 안심 (200g),81000,False,True
08-01,6,프라임 립아이 (200g),65000,False,True
08-01,7,한우 티본 스테이크 (750g),240000,False,True
08-01,8,모둠 그릴 씨푸드,180000,False,True
08-02,9,쉬림프 칵테일 (6p),18000,False,True
08-02,10,로메인 시저 샐러드 (S),22000,False,True
08-02,11,제로 투 나인 콥 샐러드 (S),25000,False,True
08-02,12,후레쉬 연어 타르타르 샐러드 (S),26000,False,True
08-02,13,가리비 관자와 후추 크림소스 (6p),38000,False,True
08-02,14,허브 버터로 맛을 낸 부드러운 문어,35000,False,True
08-02,15,이태리식 홍합 스튜,32000,False,True
08-02,16,크림차우더,12000,False,True
08-02,17,비프 콘소메,15000,False,True
08-02,18,양송이 크림 스프,12000,False,True
08-02,19,"새우,관자 파스타/리조또 (로제,크림,오일)",32000,False,True
08-02,20,스파게티 봉골레,29000,False,True
08-02,21,부드러운 문어 파스타/리조또,35000,False,True
08-02,22,앵거스 안심 스테이크 (200g),80000,False,True
08-02,23,앵거스 꽃등심 스테이크 (400g),148000,False,True
08-02,24,앵거스 채끝 스테이크 (400g),132000,False,True
08-03,25,(평일) Lunch Course,60000,False,True
08-03,26,Porterhouse (100g),44000,False,True
08-03,27,New YorkStrip (100g),43000,False,True
08-03,28,Filet Mignon (100g),47000,False,True
08-03,29,Caesar Salad,22000,False,True
08-03,30,Fresh Burrata Salad,21000,False,True
08-03,31,House Bacon,18000,False,True
08-03,32,Seafood Platter,0,False,True
08-04,33,본인립아이(567g),89900,False,True
08-04,34,클래식햄버거,15900,False,True
08-04,35,아메리칸치즈버거,16900,False,True
08-04,36,베이컨치즈버거,17900,False,True
08-04,37,포터하우스(23oz),139900,False,True
08-05,38,"치즈 미트 파스타(기본, 치킨, 함박)",7900,False,True
08-05,39,"치킨 스테이크(바베큐, 칠리)",9900,False,True
08-05,40,더블함박 스테이크,12500,False,True
08-05,41,"비프 스테이크(레귤러, 미디엄, 라지)",13500,False,True
08-05,42,"레인보우 스테이크(비프, 치킨, 함박)",16500,False,True
08-05,43,"치즈 스테이크(비프, 치킨, 함박)",18000,False,True
08-05,44,불고기버터밥,7900,False,True
08-05,45,함박덮밥,8900,False,True
08-05,46,헤비모둠덮밥,12900,False,True
08-06,47,로코스 비비큐 샘플러,34900,False,True
08-06,48,비비큐 치킨콤보,15900,False,True
08-06,49,브리스켓&풀드포크,16900,False,True
08-06,50,베이비백립&풀드포크,18900,False,True
08-06,51,베이비백립 콤보,35900,False,True
08-08,52,마레 해산물 라따뚜이,25800,False,True
08-08,53,지중해식 새우와 루꼴라 샐러드,25800,False,True
08-08,54,모듬 버섯구이 안심과 계절 야채 샐러드,26800,False,True
08-08,55,계절과일과 야채 그리고 리코타치즈가 곁들여진 푸짐한 샐러드,22800,False,True
08-08,56,"그릴드 치킨과 모듬버섯, 매콤한 드레싱 샐러드",25800,False,True
08-08,57,시금치 샐러드,23800,False,True
08-09,58,Dry-Aged New York Strip,43000,False,True
08-09,59,Dry-Aged T-Bone,40000,False,True
08-09,60,Dry-Aged Porterhouse,44000,False,True
08-09,61,Seasonal Truffle Risotto,25000,False,True
08-09,62,Dry-Aged Duck with Port Wine Sauce,27000,False,True
08-09,63,Hanwoo Bolognese,24000,False,True
08-09,64,산펠레그리노 탄산수(750ml),9000,False,True
08-09,65,산펠레그리노 레몬,5000,False,True
08-09,66,산펠레그리노 블러드 오렌지,5000,False,True
08-10,67,워커바웃 웰링턴 스테이크,67000,False,True
08-10,68,폭립&미트 파스타,25900,False,True
08-10,69,투움바 파스타,25900,False,True
08-10,70,씨푸드 아라비아따,25900,False,True
08-10,71,레몬 치킨 리조또,25900,False,True
08-10,72,치킨 텐더 샐러드,20900,False,True
08-10,73,치폴레 치킨 샐러드,22900,False,True
08-10,74,오지 치즈 후라이즈,10900,False,True
08-10,75,골드 코스트 코코넛 슈림프,20900,False,True
08-10,76,기브미 파이브,38900,False,True
08-10,77,갈릭 립아이,49900,False,True
08-10,78,베이비 백 립(600g),49900,False,True
08-10,79,토마호크 스테이크(100g당),26000,False,True
08-10,80,포터하우스 스테이크(100g당),30000,False,True
08-10,81,스파이시 씨푸드 알리오 올리오,25900,False,True
08-10,82,스파이시 투움바 파스타,25900,False,True
08-12,83,청포도 샐러드,20800,False,True
08-12,84,4가지 버섯 피자,21800,False,True
08-12,85,쿠치나 파스타,21800,False,True
08-13,86,규카츠 (180g),19000,False,True
08-13,87,일본식 오므라이스,14000,False,True
08-13,88,스테키 정식,19000,False,True
08-13,89,스테키 덮밥,19000,False,True
08-13,90,야마가타 민치카레,14000,False,True
08-13,91,우삼겹 덮밥,14000,False,True
08-13,92,에비카츠동,13000,False,True
08-13,93,니꾸온우동(계절메뉴),10000,False,True
08-13,94,냉소바(계절메뉴),10000,False,True
08-14,95,그릴드 랍스터&채끝 스테이크,65000,False,True
08-14,96,등심 스테이크(400g),56000,False,True
08-14,97,멜팅 버터 그릴드 랍스터(450g),37500,False,True
08-14,98,스테이크 플래터,113500,False,True
08-14,99,안심 스테이크(150g),30000,False,True
08-14,100,안심&채끝 스테이크,79500,False,True
08-14,101,애플 망고 에이드,6500,False,True
08-14,102,엘본 스테이크(100g 당),14000,False,True
08-14,103,자몽 에이드,6500,False,True
08-14,104,채끝 스테이크(210g),27500,False,True
08-14,105,토마호크 스테이크(100g 당),19000,False,True
08-14,106,포터하우스 스테이크(100g 당),18000,False,True
08-14,107,허브 갈릭 램&채끝 스테이크,78000,False,True
08-14,108,허브 갈릭 랩 스테이크(500g),78000,False,True
08-15,109,통다리 치킨,29000,False,True
08-15,110,포크 스페어 립,29000,False,True
08-15,111,B.B.Q 비프 립,69000,False,True
08-15,112,토마호크,15000,False,True
08-15,113,B.B.Q 플래터,109000,False,True
08-15,114,포크 립 With 프라이즈,45000,False,True
08-15,115,케이준 감자튀김,4500,False,True
08-15,116,맥앤치즈,6900,False,True
08-15,117,칠리 치즈 프라이,11000,False,True
08-15,118,비프 칠리 나쵸,13000,False,True
08-15,119,핫 버팔로 윙 With 감자튀김,19000,False,True
08-16,120,세트메뉴,64000,False,True
08-18,121,PASTA,0,False,True
08-18,122,STEAK,0,False,True
08-18,123,GNOCCHI,0,False,True
08-18,124,RISOTTO,0,False,True
08-18,125,SALAD,0,False,True
08-18,126,WINE PAIRING,0,False,True
08-19,127,시그니처 통단호박콩크림스프(2~3인),23800,False,True
08-19,128,시그니처 매콤새우파스타,24000,False,True
08-19,129,라자냐,19800,False,True
08-19,130,피스타치오 토마토 파스타,23000,False,True
08-19,131,아보카도 샐러드,21000,False,True
08-19,132,치폴레 샐러드,16000,False,True
08-19,133,하이볼,8500,False,True
08-19,134,어텀 펌킨 시나몬 라떼,5500,False,True
08-19,135,키즈 함박 세트,14900,False,True
08-20,136,어글리 세트 (2~3인용),42900,False,True
08-21,137,이베리코 스테이크(150g),11000,False,True
08-21,138,소고기 큐브 스테이크(160g),11000,False,True
08-21,139,차돌 오일 파스타,11000,False,True
08-21,140,치킨 빠에야,16900,False,True
08-21,141,갈릭 큐브 스테이크(340g),29500,False,True
08-22,142,아넬로샐러드,23000,False,True
08-22,143,연어샐러드,20000,False,True
08-22,144,프리마베라 샐러드,18000,False,True
08-22,145,구름빵 샐러드,20000,False,True
08-22,146,한치구이,25000,False,True
08-22,147,램 토마토파스타,21000,False,True
08-23,148,아메리카노,15000,False,True
08-23,149,카푸치노,16000,False,True
08-23,150,카페 라떼,16000,False,True
08-23,151,콜드 브루 라떼 (ICE),16000,False,True
08-23,152,바닐라 라떼,17000,False,True
08-24,153,런치 파스타 세트,15900,False,True
08-24,154,런치 스테이크,39000,False,True
08-24,155,파스타 2인 세트,55000,False,True
08-24,156,스테이크 2인 세트,84000,False,True
08-24,157,행복한 4인 세트,129000,False,True
08-24,158,스테이크 4인 세트,159000,False,True
08-25,159,갓성비 매드 런치,22900,False,True
08-25,160,내맘대로 런치 프로모션 세트,77000,False,True
08-25,161,시그니처 스테이크 세트,115000,False,True
08-25,162,스테이크 & 립 콤보 세트,148000,False,True
08-25,163,매드 글레이즈드 립,34900,False,True
08-25,164,만다린 치킨 샐러드,21900,False,True
08-25,165,갈릭페뇨 파스타,26800,False,True
08-25,166,매드 라자냐,28400,False,True
08-25,167,비프 & K-라이스,28400,False,True
08-26,168,비프 온더 스톤 채끝등심,39900,False,True
08-26,169,로얄 까르보나라 스파게티,19900,False,True
08-26,170,새우 버섯 샐러드,21900,False,True
08-26,171,해산물 토마토 스파게티,21900,False,True
08-26,172,갈비 리조또,24900,False,True
08-26,173,마르게리따 피자,23900,False,True
08-26,174,트러플 프렌치 프라이,10900,False,True
08-26,175,에그 시저 샐러드,18900,False,True
08-26,176,크림 볼로네제 스파게티,19900,False,True
08-26,177,해산물 치오피노 스파게티,23900,False,True
08-26,178,트러플 크림 버섯 리조또,22900,False,True
08-26,179,해산물 토마토 리조또,23900,False,True
08-26,180,에그&베이컨 피자,21900,False,True
08-26,181,트러플 풍기 피자,23900,False,True
08-26,182,비프 온더 스톤 부채살,33900,False,True
08-26,183,비프 온더 스톤 안심,45900,False,True
08-26,184,BBQ 폭립 플래터,43900,False,True
08-26,185,세가지 베리와 바닐라 아이스크림,7000,False,True
08-27,186,콰트로포르마지피자,25800,False,True
08-27,187,1001셀러드,22800,False,True
08-27,188,안심버섯셀러드,31800,False,True
08-27,189,홍합스튜,35000,False,True
08-27,190,디아볼라피자,23800,False,True
08-27,191,바질페스토피자,24800,False,True
08-28,192,올리브 코스,68000,False,True
08-28,193,Abalone Course,78000,False,True
08-28,194,Grill Course,88000,False,True
08-28,195,Chef Course,98000,False,True
08-28,196,Special Course,128000,False,True
08-28,197,평일런치코스A,35000,False,True
08-29,198,파르미지아노 파니니,7700,False,True
08-29,199,피렌체 파니니,7700,False,True
08-29,200,프로슈토 파니니,7700,False,True
08-29,201,토마토모짜렐라 파니니,7700,False,True
08-29,202,연어게살 샌드위치,8800,False,True
08-29,203,BBQ 립 샌드위치,8800,False,True
08-30,204,뽀모도로,21900,False,True
08-30,205,까르보나라,21900,False,True
08-30,206,알리오올리오,20900,False,True
08-30,207,아마트리치아나,21900,False,True
08-30,208,쉬림프토마토,22900,False,True
08-30,209,명란크림,21900,False,True
08-31,210,숙성특안심,57000,False,True
08-31,211,우몽1인 편백찜 [Lunch],15000,False,True
08-31,212,숙성채끝등심,55000,False,True
08-31,213,숙성눈꽃등심,57000,False,True
08-31,214,새우알등심,67000,False,True
08-31,215,숙성살치살,64000,False,True
08-32,216,Raclette,99000,False,True
08-32,217,Sweet Pumpkin Sujebi,19000,False,True
08-32,218,More veggies pasta,24000,False,True
08-32,219,Muggerbo Ragu Pasta,21000,False,True
08-32,220,Ulleung rice,25000,False,True
08-32,221,Hangover stew,27000,False,True
08-32,222,Rrata Rrata Burrata,27000,False,True
08-32,223,Oh! Lasagna sagna!,21000,False,True
08-32,224,Not Cola It's Rucola,17000,False,True
08-32,225,Spring Naeng-e Oil Pasta,21000,False,True
08-32,226,Grape and Olive,11000,False,True
08-32,227,Just mushrooms,6000,False,True
08-32,228,Dried snack,7000,False,True
08-32,229,Very Berry Cream,8000,False,True
08-32,230,Happy birthday bread,6000,False,True
08-32,231,Monkey Brulee,9000,False,True
08-32,232,Salty Ice cream,14000,False,True
08-33,233,철판A코스,68000,False,True
08-33,234,철판B코스,90000,False,True
08-33,235,런치코스,50000,False,True
08-34,236,빅 블랙퍼스트(2인),27000,False,True
08-34,237,연어 에그 베네딕트,18000,False,True
08-34,238,베이컨 에그베네딕트,18000,False,True
08-34,239,풀드포크 에그베네딕트,19000,False,True
08-34,240,버섯크림파스타,19000,False,True
08-34,241,새우로제파스타,20000,False,True
08-34,242,올리브오일파스타,19500,False,True
08-34,243,봉골래파스타,21000,False,True
08-34,244,클래식프랜치토스트,17500,False,True
08-34,245,크림치즈프렌치토스트,17500,False,True
08-34,246,살치살스테이크,42000,False,True
08-34,247,아보카도비엘티샌드위치,17500,False,True
08-35,248,홍게 다리살 새우 크림 파스타,19000,False,True
08-35,249,새우 로제 파스타,20000,False,True
08-35,250,어란 오일 파스타,24000,False,True
08-35,251,간장새우 오일 파스타,22000,False,True
08-35,252,올리오 피칸테 (할라피뇨 파스타),18000,False,True
08-35,253,라구 볼로네제 파스타,18000,False,True
08-35,254,아라비아따 치킨 리조또,20000,False,True
08-35,255,스테이크 크림 리조또,21000,False,True
08-35,256,부라타 치즈 샐러드,23000,False,True
08-35,257,아보카도 망고 샐러드,20000,False,True
08-35,258,지중해풍 해산물 샐러드,23000,False,True
08-35,259,감바스 알 아히요,17000,False,True
08-35,260,트리플 치즈 딥핑 나초,17000,False,True
08-35,261,라이브 과카몰리와 칩,17000,False,True
08-35,262,프로슈토 루꼴라 피자,22000,False,True
08-35,263,리코타 스피니치 피자,24000,False,True
08-35,264,고메 불고기 피자,26000,False,True
08-35,265,하와이안 아보카도 피자,23000,False,True
08-35,266,슈퍼 페퍼로니 피자,22000,False,True
08-35,267,슈퍼 슈프림 피자,23000,False,True
08-35,268,미트볼 소시지 피자,26000,False,True
08-36,269,딸리아따 디 만조,68000,False,True
08-36,270,클래식 라자냐,26000,False,True
08-36,271,뽈리뽀 알리오 올리오,24000,False,True
08-36,272,까르보나라,22000,False,True
08-36,273,가리비 관자 올리오,26000,False,True
08-36,274,루꼴라 프로슈토 피자,25000,False,True
08-36,275,친퀘 포르모지오 피자,22000,False,True
08-36,276,폭탄피자,27000,False,True
08-36,277,트러플 비스테카,52000,False,True
08-36,278,비스테카 립아이,72000,False,True
08-36,279,프레쉬 마르게리따 피자,19500,False,True
08-36,280,허니콤 모르타델라 토토,25000,False,True
08-36,281,트러플 풍기 피자,24000,False,True
08-36,282,크랩로제 리조또,27000,False,True
08-36,283,부라타 뽀모도로,24000,False,True
08-36,284,화이트 라구 파스타,26000,False,True
08-36,285,카치오 에 페페 뇨끼,26000,False,True
08-36,286,피에몬테 프렌치랙 비스테카,68000,False,True
08-36,287,피렌체 본인 비스테카,98000,False,True
08-36,288,트러플 포르치니 리조또,27000,False,True
08-37,289,베이스캠프버거,8900,False,True
08-37,290,트러플머쉬룸버거,9900,False,True
08-37,291,와일드마운틴버거,12900,False,True
08-37,292,프리미엄 스테이크,12900,False,True
08-37,293,등심 스테이크,15900,False,True
08-37,294,살치살 스테이크,15900,False,True
08-37,295,베이스캠프버거 세트,12900,False,True
08-37,296,와일드마운틴버거 세트,16900,False,True
08-37,297,프리미엄스테이크 세트,16900,False,True
08-37,298,등심스테이크 세트,19900,False,True
08-37,299,살치살스테이크 세트,19900,False,True
08-37,300,스테이크필라프,9900,False,True
08-37,301,갈릭스테이크 필라프,9900,False,True
08-37,302,콜라(355ml),2000,False,True
08-37,303,사이다(355ml),2000,False,True
08-37,304,제로콜라(펩시),2000,False,True
08-37,305,호가든(330ml),6000,False,True
08-37,306,버드와이저(330ml),6000,False,True
08-37,307,생맥주(300cc),2900,False,True
08-37,308,생맥주(500cc),4900,False,True
08-37,309,감자튀김,3000,False,True
08-38,310,아메리카노,5000,False,True
08-38,311,카페라떼,5300,False,True
08-38,312,초코라떼,5500,False,True
08-38,313,루이보스,5000,False,True
08-38,314,오픈샌드위치,19000,False,True
08-38,315,오일파스타,19000,False,True
08-39,316,랍스터 비스큐 파스타,38000,False,True
08-39,317,라클렛 4인,119000,False,True
08-39,318,시금치 페스토 타르틴,18000,False,True
08-39,319,에그 포테이토 타르틴,18000,False,True
08-39,320,베이컨 아보카도 타르틴,19000,False,True
08-39,321,잠봉뵈르 타르틴,20000,False,True
08-39,322,레몬리코타 샐러드,22000,False,True
08-39,323,카피콜라 샐러드,24000,False,True
08-39,324,시저 샐러드,25000,False,True
08-39,325,베이컨 크림 파스타,25000,False,True
08-39,326,치폴레 라구 파스타,26000,False,True
08-39,327,보타르가 파스타,32000,False,True
08-39,328,블랙 트러플 포르치니 리조또,36000,False,True
08-39,329,그린커리,25000,False,True
08-39,330,페퍼로니 피자,26000,False,True
08-39,331,콰트로 포르마지 피자,28000,False,True
08-39,332,디아볼라 피자,28000,False,True
08-39,333,블랙 트러플 피자,34000,False,True
08-39,334,라클렛 2인,59000,False,True
08-39,335,우꽃갈비 스테이크,149000,False,True
08-41,336,크런치 프렌치 토스트,20000,False,True
08-41,337,그릴드 치킨 시저샐러드,21000,False,True
08-41,338,뢰스티(유럽식 감자전),16000,False,True
08-41,339,바질 페스토 파스타,19000,False,True
08-41,340,부라타 대저토마토 샐러드,18000,False,True
08-41,341,에그인헬,18000,False,True
08-42,342,봉골레 오일 파스타,24000,False,True
08-42,343,프로슈토 갈레트 플레이트,28000,False,True
08-42,344,부라타 아보카도 플레이트,29000,False,True
08-42,345,어니언 스프,11000,False,True
08-42,346,클래식 버거와 감자튀김,23000,False,True
08-42,347,프렌치 토스트,20000,False,True
08-45,348,칠리플랩잭,20900,False,True
08-45,349,올데이브런치,16900,False,True
08-45,350,플랩잭샌드위치,10900,False,True
08-45,351,수제리코타샐러드,13900,False,True
08-45,352,포크벨리버거,12900,False,True
08-45,353,채끝/구운야채or감자튀김,28900,False,True
08-48,354,카이센동,17000,False,True
08-49,355,수제 미트볼 토마토파스타,26000,False,True
08-49,356,성게알 오일 파스타,29000,False,True
08-49,357,푸타네스카,29000,False,True
08-49,358,카치오페페,26000,False,True
08-49,359,450아마트리치아나&살시치아,19000,False,True
08-49,360,만조리조또,30000,False,True
08-49,361,게살로제리조또,29000,False,True
08-49,362,라자냐,28000,False,True
08-49,363,브라타치즈샐러드,22000,False,True
08-49,364,로스트치킨샐러드,25000,False,True
08-49,365,시저 샐러드,19000,False,True
08-49,366,남해 달고기 스테이크,41000,False,True
08-49,367,한우1++채끝스테이크,98000,False,True
08-50,368,시그니처 라자냐,23000,False,True
08-50,369,프렌치 블루베리 크레페&바나나브륄레,18000,False,True
08-50,370,시즈널 티라미수,9000,False,True
08-50,371,멀멀 라떼,5500,False,True
08-51,372,치킨 부리또,7900,False,True
08-51,373,스테이크 샐러드,10900,False,True
08-51,374,치킨,8900,False,True
08-51,375,스테이크,12900,False,True
08-51,376,알빠스톨,10900,False,True
08-51,377,그릴새우,13900,False,True
08-51,378,까르니따스,9900,False,True
08-52,379,봉골레,15000,False,True
08-52,380,티본스테이크,50000,False,True
08-52,381,새우버섯샐러드,13000,False,True
08-52,382,이베리코샐러드,17000,False,True
08-52,383,마르게리따 피자,17000,False,True
08-52,384,콰트로포르마지 피자,20000,False,True
08-52,385,리가토니 베이컨 크림 파스타,16000,False,True
08-52,386,해산물 토마토파스타,18000,False,True
08-52,387,해산물 크림 파스타,19000,False,True
08-52,388,폴드포크리조또,17000,False,True
08-52,389,살몬리조또,18000,False,True
08-52,390,한우 1+ 채끝스테이크,60000,False,True
08-53,391,에그연어베네딕트,17000,False,True
08-53,392,통베이컨버섯구이세트,18000,False,True
08-53,393,오션문수제햄버거세트,18000,False,True
08-54,394,고르곤졸라 피자,21000,False,True
08-54,395,새우 오일파스타,17000,False,True
08-54,396,마르게리따 피자,18000,False,True
08-54,397,볼로네제,19000,False,True
08-54,398,크림 뇨끼,18000,False,True
08-54,399,버섯 로제파스타,19000,False,True
08-55,400,맑은 미나리 닭곰탕,9500,False,True
08-55,401,우삼겹 김치 볶음밥,9500,False,True
08-55,402,미나리 닭 칼국수,10000,False,True
08-55,403,들기름 간장 비빔국수,9000,False,True
08-55,404,닭갈비 볶음밥,9500,False,True
08-55,405,곁들임 항정수육,9500,False,True
08-56,406,트레디셔널,6700,False,True
08-56,407,더블 치즈 스테이크,8900,False,True
08-56,408,치킨 까르보나라,6900,False,True
08-56,409,플렉스 스테이크,7500,False,True
08-58,410,감자 그라탕,18000,False,True
08-58,411,가지 그라탕,18000,False,True
08-58,412,감바스 알 아히요,27000,False,True
08-58,413,페퍼로니 감자 뢰스티,25000,False,True
08-58,414,새우 오일 파스타,19000,False,True
08-58,415,매콤 로제 파스타,19000,False,True
08-58,416,차돌박이 깻잎 파스타,23000,False,True
08-58,417,해산물 토마토 국물 파스타,20000,False,True
08-58,418,머쉬룸 트러플 크림 파스타,19000,False,True
08-58,419,토마토 파스타,19000,False,True
08-58,420,등심 버섯 크림 리조또,27000,False,True
08-58,421,비프 찹스테이크,29000,False,True
08-58,422,한우 안심 스테이크 (200g),75000,False,True
08-58,423,한우 채끝등심 스테이크 (200g),67000,False,True
08-58,424,아이올리 샐러드,16000,False,True
08-58,425,버섯구이 샐러드,18000,False,True
08-58,426,부라타 치즈 샐러드,19000,False,True
08-58,427,큐브 스테이크 샐러드,22000,False,True
08-58,428,베이컨 배추구이,15000,False,True
08-58,429,콘노이 플레이트,28000,False,True
08-58,430,메론 프로슈토&올리브,17000,False,True
08-59,431,채끝 등심 스테이크,38000,False,True
08-59,432,부채살 갈 비샐러드,18000,False,True
08-59,433,감베로니 토마토 파스타,17000,False,True
08-59,434,문어 리조또,22000,False,True
08-59,435,마르게리따 피자,18000,False,True
08-60,436,치킨퀘사디아,15900,False,True
08-60,437,까르니따스퀘사디아,16500,False,True
08-60,438,와규스테이크,39000,False,True
08-60,439,철판찹스테이크,29000,False,True
08-60,440,에그인헬,19000,False,True
08-60,441,칠리치킨타코(2pcs),8900,False,True
08-60,442,까르니따스타코(2pcs),9500,False,True
08-60,443,그릴비프타코(2pcs),9900,False,True
08-60,444,쉬림프타코(2pcs),10500,False,True
08-60,445,비건아보카도타코(2pcs),10500,False,True
08-60,446,칠리치킨 BOWL OR BURITTO,9900,False,True
08-60,447,까르니따스 BOWL OR BURITTO,10500,False,True
08-60,448,그릴버프 BOWL OR BURITTO,11500,False,True
08-60,449,쉬림프 BOWL OR BURITTO,12900,False,True
08-60,450,쉬림프샐러드,14500,False,True
08-60,451,버섯아보카도샐러드,13900,False,True
08-60,452,이터스파히타(2인),39000,False,True
08-60,453,콤보플래터(2인),36900,False,True
08-63,454,트러플 순대,7900,False,True
08-63,455,오늘라면,4500,False,True
08-63,456,페퍼로니 피자,12900,False,True
08-63,457,고르곤졸라 피자,12900,False,True
08-63,458,꿀떡,5900,False,True
08-64,459,트리플 스테이크,15800,False,True
08-64,460,대창 덮밥,12500,False,True
08-64,461,400 스테이크 덮밥 (하루 7그릇 한정),15200,False,True
08-64,462,가정식 스테이크 구첩 반상(한정메뉴),15900,False,True
08-64,463,곱창 가정식 스테이크(한정메뉴),18700,False,True
08-64,464,곱창 대창 덮밥 (곱대),13900,False,True
08-64,465,가정식 부챗살 스테이크,14800,False,True
08-64,466,미도인 가정식 스테이크,13800,False,True
08-64,467,화산 불백 덮밥,9300,False,True
08-64,468,미도인 스테이크 덮밥,10500,False,True
08-64,469,대창 큐브 스테이크 덮밥,14800,False,True
08-64,470,곱창 대창 큐브스테이크 덮밥 (한정메뉴),16800,False,True
08-64,471,청두 사천 탄탄멘,8800,False,True
08-64,472,미도인 곱창 라멘 (한정메뉴),12800,False,True
08-64,473,미도인 우실장 떡볶이,9500,False,True
08-64,474,미도인 곱창 떡볶이 (한정메뉴),13900,False,True
08-64,475,새우 로제 생면 파스타,13800,False,True
08-64,476,명란 크림 파스타,12800,False,True
08-64,477,바질크림 새우파스타,14800,False,True
08-64,478,미도인 마제소바 / 곱대 마제소바,0,False,True
08-65,479,히라우치 우동,13000,False,True
08-65,480,애비 히라우치 우동,16800,False,True
08-65,481,아나고 히라우치 우동,18800,False,True
08-67,482,런치세트A,43000,False,True
08-67,483,홈메이드 시저드레싱을 맛을 낸 로메인 샐러드,15000,False,True
08-67,484,나폴리퐁 가지오븐구이,16000,False,True
08-67,485,부팔라 부라티나 치즈 카프레제,19000,False,True
08-67,486,포르치니 버섯 수프,9000,False,True
08-67,487,포모도로 부라타 스파게티,18000,False,True
08-67,488,신선한 바지락으로 맛을 낸 봉골레 스파게티,23000,False,True
08-67,489,일뽀르노퐁 까르보나라 스파게티,23000,False,True
08-67,490,포르치니 리조또,24000,False,True
08-67,491,일뽀르노퐁 볼로네제 라자냐,24000,False,True
08-67,492,하우스 메이드 볼로네제 스파게티,25000,False,True
08-67,493,문어 새우 알리오 올리오 스파게티니,26000,False,True
08-67,494,꽃게를 곁들인 해산물 링귀네 파스타 '페스카토레',32000,False,True
08-67,495,마리나라 콘 부라티나,17000,False,True
08-67,496,마르게리따,19000,False,True
08-67,497,콰트로 포르마지 피자,23000,False,True
08-67,498,D.O.C 피자,24000,False,True
08-67,499,볼로네제 피자,25000,False,True
08-67,500,칼라브레제 피자,25000,False,True
08-67,501,디아볼라,25000,False,True
08-67,502,포르치니 피자,26000,False,True
08-69,503,회오리 오므라이스,10900,False,True
08-69,504,1988 경양식돈까스,12900,False,True
08-69,505,마스터텐동,12900,False,True
08-69,506,클래식 함박스테이크,13900,False,True
08-69,507,팬큐브스테이크,14900,False,True
08-69,508,핫큐브 스테이크,15400,False,True
08-70,509,스트로짜쁘레띠 알 라구비앙꼬,25000,False,True
08-71,510,후무스플레이트,15000,False,True
08-71,511,보리묵은지포케,15000,False,True
08-71,512,퀴노아쉬림프포케,15000,False,True
08-71,513,버미셀리베트남샐러드,14000,False,True
08-71,514,브라운버섯샐러드,16000,False,True
08-71,515,해물빠에야솥밥(2인),30000,False,True
08-71,516,포크소보로솥밥,32000,False,True
08-71,517,포르치니소고기솥밥,38000,False,True
08-71,518,스파이시쭈꾸미솥밥,28000,False,True
08-71,519,스파이시비프스튜,35000,False,True
08-71,520,안심스테이크,52000,False,True
08-71,521,양념포크후라이드,30000,False,True
08-71,522,안심가라아게,27000,False,True
08-71,523,미나리한치초무침,32000,False,True
08-71,524,꽃게감바스,30000,False,True
08-71,525,엔초비꽈리고추,13000,False,True
08-71,526,상하이파스타,23000,False,True
08-71,527,차돌된장파스타,27000,False,True
08-71,528,들기름알리오올리오,24000,False,True
08-71,529,토마토콜드파스타,20000,False,True
08-72,530,소고기 시금치크림리조또,25000,False,True
08-72,531,안심 스테이크,68000,False,True
08-72,532,엔쵸비파스타,23000,False,True
08-72,533,블랙올리브 파스타,23000,False,True
08-72,534,치즈플레이트,25000,False,True
08-72,535,관자 구이,18000,False,True
08-75,536,바질파스타샐러드,0,False,True
08-75,537,리코타치즈,0,False,True
08-75,538,그린샐러드빅볼,7400,False,True
08-75,539,훈제연어샐러드빅볼,0,False,True
08-75,540,구운야채샐러드빅볼,0,False,True
08-75,541,구운토시샐러드빅볼,0,False,True
08-75,542,리코타치즈샐러드빅볼,0,False,True
08-75,543,구운부채샐러드빅볼,0,False,True
08-75,544,치킨텐더샐러드,0,False,True
08-75,545,빅볼샐러드,0,False,True
08-75,546,단호박샌드위치,0,False,True
08-75,547,크래미샌드위치,0,False,True
08-75,548,콜드브루,0,False,True
08-75,549,아메리카노,0,False,True
08-75,550,카페라떼,0,False,True
08-75,551,바닐라라떼,0,False,True
08-75,552,카페모카,0,False,True
08-75,553,연유라떼,0,False,True
08-75,554,부채스테이크,0,False,True
08-75,555,스테이크,0,False,True
08-75,556,에이드,0,False,True
08-76,557,스페인식크로켓,18000,False,True
08-76,558,스페인식감자요리,18500,False,True
08-76,559,감바스앤바게트,19500,False,True
08-76,560,스페인식문어요리,30000,False,True
08-77,561,광어 카르파치오,9000,False,True
08-77,562,치킨 샐러드,17000,False,True
08-77,563,가지 샐러드,19000,False,True
08-77,564,새우알리오 에 올리오,17000,False,True
08-77,565,아귀간 파스타,23000,False,True
08-77,566,청어 파스타,23000,False,True
08-77,567,봉골레 파스타,21000,False,True
08-77,568,버섯크림 파스타,22000,False,True
08-77,569,전복 크림 파스타,24000,False,True
08-77,570,미트볼 파스타,22000,False,True
08-77,571,치오피노 파스타,25000,False,True
08-77,572,안심 스테이크,49800,False,True
08-77,573,채끝 슬라이스 with 볶음김치,39800,False,True
08-78,574,오리지널 참치회 포케,11500,False,True
08-78,575,갈릭 쉬림프 포케,11500,False,True
08-78,576,슈퍼 프로틴 포케,13500,False,True
08-78,577,씨푸드 포케,13000,False,True
08-78,578,노르웨이 생연어 포케,13000,False,True
08-78,579,토시살++스테이크 포케,14000,False,True
08-78,580,아보카도 포케,10000,False,True
08-78,581,훈제오리 포케,10500,False,True
08-80,582,작은 샐러드,2900,False,True
08-80,583,그릴치킨 샐러드,8900,False,True
08-80,584,마늘빵 (1pc),1000,False,True
08-80,585,Set A 마늘빵1+작은샐러드,3900,False,True
08-80,586,Set B 마늘빵2+작은샐러드,4900,False,True
08-80,587,스파게티 포모도로,6900,False,True
08-80,588,스파게티 볼로네이즈,7900,False,True
08-80,589,해산물 스파게티,7900,False,True
08-80,590,얼큰 해산물 스파게티,8900,False,True
08-80,591,치즈오븐 토마토 스파게티,8900,False,True
08-80,592,해산물 치즈오븐 스파게티,8900,False,True
08-80,593,뚝배기 누룽지 얼큰 해산물 스파게티,11900,False,True
08-80,594,해산물 크림스파게티,8900,False,True
08-80,595,스파게티 까르보나라,7900,False,True
08-80,596,날치알 &새우 크림스파게티,8900,False,True
08-80,597,로제소스 해산물 크림스파게티,9900,False,True
08-80,598,케이준 치킨 크림스파게티,8900,False,True
08-80,599,게살&브로콜리 크림스파게티,9900,False,True
08-80,600,뚝배기 매콤한 날치알 새우 크림스파게티,11900,False,True
08-80,601,봉골레 스파게티,8900,False,True
08-81,602,그리스식 치킨 스테이크,18000,False,True
08-81,603,똠양 누들,10000,False,True
08-81,604,마이 치치스 랩,9000,False,True
08-81,605,모로코식 치킨 스테이크,17000,False,True
08-81,606,이탈리안 토마토 치킨 스테이크,17000,False,True
08-81,607,타이식 돼지고기 쌀국수,9000,False,True
08-81,608,타이식 마늘.새우 볶음과 밥,14000,False,True
08-81,609,타이식 샐러드 쌀국수,13000,False,True
08-81,610,타이식 소고기 볶음과 밥,12000,False,True
08-81,611,타이식 소고기 쌀국수,9000,False,True
08-81,612,타이식 치킨 쌀국수,9000,False,True
08-81,613,탄두리 치킨 스테이크,17000,False,True
08-81,614,프렌치 머쉬룸 치킨 스테이크,18000,False,True
08-83,615,런치,60000,False,True
08-85,616,닥치고정식,9900,False,True
08-85,617,블랙닥치고정식,9900,False,True
08-85,618,목살스테이크정식,9900,False,True
08-85,619,닭다리살구이정식,8900,False,True
08-85,620,치킨가라아게덮밥,9900,False,True
08-86,621,전복한방갈비탕 한상차림,60000,False,True
08-89,622,초당짬뽕순두부,10000,False,True
08-89,623,초당차돌짬뽕순두부,11000,False,True
08-89,624,초당짬뽕순두부 칼국수,11000,False,True
08-89,625,초당차돌짬뽕순두부 칼국수,12000,False,True
08-89,626,초당순두부 백반,9000,False,True
08-89,627,초당차돌 청국장,10000,False,True
08-89,628,초당순두부 비빔밥,9000,False,True
08-89,629,제육볶음,9000,False,True
08-89,630,연탄불고기,8000,False,True
08-89,631,모둠전 8종,8000,False,True
08-89,632,녹두전 5p,5000,False,True
08-89,633,김치전 5p,5000,False,True
08-89,634,감자전 5p,5000,False,True
08-89,635,해물부추전 5p,5000,False,True
08-89,636,갈비만두 5p,3500,False,True
08-89,637,고기만두 5p,3000,False,True
08-89,638,김치만두 5p,3000,False,True
08-89,639,떡갈비 스테이크 4p,6000,False,True
08-89,640,메밀전병,3000,False,True
08-89,641,모두부 한모,8000,False,True
08-91,642,하와이안 로코모코(함박 스테이크),17000,False,True
08-91,643,하와이안 피자,21000,False,True
08-91,644,채끝 스테이크,42000,False,True
08-91,645,쉬림프 비스크 파스타,21000,False,True
08-91,646,까르보나라,17000,False,True
08-91,647,머쉬룸 크림 트러플 리조또,17000,False,True
08-92,648,찹스테이크,54400,False,True
08-92,649,통루이스테이크,78400,False,True
08-92,650,토마토안심스튜,54400,False,True
08-94,651,쉬림프 로제 파스타,13900,False,True
08-94,652,스파이시 투움바 파스타,12500,False,True
08-94,653,와카스 파스타,13000,False,True
08-94,654,스테키 나폴리 파스타,12000,False,True
08-94,655,명란 파스타,9300,False,True
08-94,656,하야시 메밀소바,7800,False,True
08-95,657,2인 와규세트,92000,False,True
08-95,658,4개월미만 양프렌치랙스테이크,45000,False,True
08-95,659,이베리코흑돼지 브런치,17900,False,True
08-95,660,함박스테이크,23000,False,True
08-96,661,안심스테이크,53000,False,True
08-96,662,빼쉐리소토,24000,False,True
08-96,663,만조리소토,28000,False,True
08-96,664,굴라쉬리소토,24000,False,True
08-96,665,만조샐러드,24000,False,True
08-96,666,리코타치즈샐러드,17000,False,True
08-96,667,풍기샐러드,20000,False,True
08-96,668,카프레제,18000,False,True
08-96,669,디아볼라,21000,False,True
08-96,670,마르게리따,22000,False,True
08-96,671,카프리쵸사,24000,False,True
08-96,672,엑스트라마르게리따,25000,False,True
08-97,673,파스타,0,False,True
08-100,674,토브나인 치즈 포카치아,6000,False,True
08-100,675,명란 알리오 올리오,16900,False,True
08-100,676,봉골레,17900,False,True
08-101,677,Couple Luxury Full Course,98000,False,True
08-101,678,VIP Wine Pairing Set (2인),150000,False,True
08-101,679,와인 소스를 곁들인 와규 소안심 스테이크 (180g),78000,False,True
08-101,680,뼈육수 소스를 곁들인 양갈비(300g),78000,False,True
08-101,681,관자 새우 바질 리가토니,26000,False,True
08-101,682,눈꽃 감바스 알리오 파스타,26000,False,True
08-102,683,워커바웃 웰링턴 스테이크,67000,False,True
08-102,684,폭립&미트 파스타,25900,False,True
08-102,685,투움바 파스타,25900,False,True
08-102,686,씨푸드 아라비아따,25900,False,True
08-102,687,레몬 치킨 리조또,25900,False,True
08-102,688,치킨 텐더 샐러드,20900,False,True
08-102,689,치폴레 치킨 샐러드,22900,False,True
08-102,690,오지 치즈 후라이즈,10900,False,True
08-102,691,골드 코스트 코코넛 슈림프,20900,False,True
08-102,692,기브미 파이브,38900,False,True
08-102,693,갈릭 립아이,49900,False,True
08-102,694,베이비 백 립(600g),49900,False,True
08-102,695,토마호크 스테이크(100g당),26000,False,True
08-102,696,포터하우스 스테이크(100g당),30000,False,True
08-102,697,스파이시 씨푸드 알리오 올리오,25900,False,True
08-102,698,스파이시 투움바 파스타,25900,False,True
08-105,699,갓성비 매드 런치,22900,False,True
08-105,700,내맘대로 런치 프로모션 세트,77000,False,True
08-105,701,시그니처 스테이크 세트,115000,False,True
08-105,702,스테이크 & 립 콤보 세트,148000,False,True
08-105,703,매드 글레이즈드 립,34900,False,True
08-105,704,만다린 치킨 샐러드,21900,False,True
08-105,705,갈릭페뇨 파스타,26800,False,True
08-105,706,매드 라자냐,28400,False,True
08-105,707,비프 & K-라이스,28400,False,True
08-106,708,빼쉐파스타,8900,False,True
08-106,709,참스테이크,13500,False,True
08-106,710,봉골레파스타,7000,False,True
08-106,711,매운우삽겹오일파스타,7900,False,True
08-106,712,알리오 올리오,5500,False,True
08-106,713,우삼겹 도리아,7900,False,True
08-106,714,스테이크 크림 파스타,9500,False,True
08-106,715,해물 크림 파스타,8500,False,True
08-106,716,고르곤졸라피자(S),7300,False,True
08-108,717,소주,5000,False,True
08-108,718,맥주,5000,False,True
08-108,719,하이볼,8000,False,True
08-108,720,제육덮밥,10000,False,True
08-108,721,간장제육덮밥,10000,False,True
08-108,722,시래기국,6000,False,True
08-108,723,연어 케이크,28000,False,True
08-108,724,석화,20000,False,True
08-108,725,육회와 감태말이,25000,False,True
08-108,726,제육볶음,18000,False,True
08-108,727,간장제육볶음,18000,False,True
08-108,728,닭목살볶음,18000,False,True
08-108,729,항정돼린기,25000,False,True
08-108,730,목살 스테이크,28000,False,True
08-108,731,상하이 파스타,18000,False,True
08-108,732,항정크림파스타,18000,False,True
08-108,733,새우 퐁듀,22000,False,True
08-108,734,해물 누룽지탕,20000,False,True
08-108,735,토마토 스튜,25000,False,True
08-108,736,새우 미나리전,18000,False,True
08-108,737,게빠삭,18000,False,True
08-109,738,동파육,28000,False,True
08-109,739,수비드 항정살 스테이크,22000,False,True
08-109,740,어향가지,19000,False,True
08-109,741,미트볼 에그 토마토 스튜,21000,False,True
08-109,742,고추잡채와 꽃빵,18000,False,True
08-109,743,꿀!대구,22000,False,True
08-109,744,고추폭탄 유린기,18000,False,True
08-109,745,미나리 통새우전,19000,False,True
08-109,746,마라 차돌 토마토탕,24000,False,True
08-109,747,흑임자 트러플 크림 뇨끼,20000,False,True
08-109,748,중화볶음면,18000,False,True
08-109,749,아란치니(버섯크림),10000,False,True
08-109,750,통오징어 레몬 크림 샐러드,18000,False,True
08-109,751,목화솜 탕수육,19000,False,True
08-109,752,새우 세비체,18000,False,True
08-109,753,해물누룽지탕,24000,False,True
08-109,754,볼로네제 뇨끼,20000,False,True
08-109,755,엔초비 감바스 알 아히요,19500,False,True
08-109,756,마라 로제 떡볶이,22000,False,True
08-109,757,깐쇼새우,21000,False,True
08-110,758,사시미플레이트,39000,False,True
08-110,759,광어사시미,28000,False,True
08-110,760,광어 고노와다,24000,False,True
08-110,761,연어사시미,24000,False,True
08-110,762,방어사시미,28000,False,True
08-110,763,우니한판,36000,False,True
08-110,764,메로구이,24000,False,True
08-110,765,삼치구이,24000,False,True
08-110,766,고등어구이,20000,False,True
08-110,767,시샤모구이,16000,False,True
08-110,768,항정살 미소야끼,23000,False,True
08-110,769,명란구이,12900,False,True
08-110,770,한우++육회,29000,False,True
08-110,771,찹스테이크,23000,False,True
08-110,772,소고기타다끼,23000,False,True
08-110,773,차돌박이 숙주볶음,20000,False,True
08-110,774,참치타다끼,23000,False,True
08-110,775,소고기 가라아게,24000,False,True
08-110,776,왕새우튀김,22000,False,True
08-110,777,치킨가라아게,20000,False,True
08-110,778,문어가라아게,20000,False,True
08-111,779,모둠 사시미 한판(21ps이상),49000,False,True
08-111,780,숯불 꼬치구이 8종,27000,False,True
08-111,781,고르곤졸라 찹스테이크,24000,False,True
08-111,782,바지락 술찜,21000,False,True
08-112,783,비프 온더 스톤 안심(170g),47900,False,True
08-112,784,비프 온더 스톤 채끝등심(170g),39900,False,True
08-112,785,비프 온더 스톤 부채살(210g),36900,False,True
08-112,786,본인 립아이 스테이크(500g),119000,False,True
08-112,787,스윗 포테이토 프라이즈,10900,False,True
08-112,788,과카몰리 치킨 샐러드,17900,False,True
08-112,789,마르게리따,24900,False,True
08-112,790,트러플 풍기 피자,23900,False,True
08-112,791,고르곤졸라 피자,23900,False,True
08-112,792,봉골레 가리비 스파게티,23900,False,True
08-112,793,해산물 치오피노스파게티,23900,False,True
08-112,794,감태페스토 전복 리조또,25900,False,True
08-112,795,갈비리조또,26900,False,True
08-112,796,로얄 까르보나라 스파게티,19900,False,True
08-112,797,새우 날치알 크림 파스타,20900,False,True
08-112,798,크림 볼로네제 스파게티,19900,False,True
08-112,799,양송이 스프,6900,False,True
08-112,800,티본 스테이크(850g),179000,False,True
08-112,801,BBQ 폭립 플래터(600g),43900,False,True
08-113,802,알리오올리오,10000,False,True
08-113,803,게살크림파스타,13000,False,True
08-113,804,전복내장크림 파스타,17000,False,True
08-113,805,보코치니 치즈 토마토 페투치네,12000,False,True
08-113,806,라구 딸리아뗄레,13000,False,True
08-113,807,까르보나라,14000,False,True
08-114,808,봉골레 스파게티,29000,False,True
08-114,809,소고기 토마토 스파게티,29000,False,True
08-114,810,까르보나라 스파게티,29000,False,True
08-114,811,해산물 리조또,29000,False,True
08-114,812,안심 스테이크,55000,False,True
08-115,813,가정식 부챗살 스테이크,14800,False,True
08-115,814,미도인 스테이크 덮밥,10500,False,True
08-115,815,트리플 스테이크,15800,False,True
08-115,816,대창 덮밥,12500,False,True
08-115,817,400 스테이크 덮밥 (하루 7그릇 한정),15200,False,True
08-115,818,가정식 스테이크 구첩 반상(한정메뉴),15900,False,True
08-115,819,곱창 가정식 스테이크(한정메뉴),18700,False,True
08-115,820,곱창 대창 덮밥 (곱대),13900,False,True
08-115,821,미도인 가정식 스테이크,13800,False,True
08-115,822,화산 불백 덮밥,9300,False,True
08-115,823,대창 큐브 스테이크 덮밥,14800,False,True
08-115,824,곱창 대창 큐브스테이크 덮밥 (한정메뉴),16800,False,True
08-115,825,청두 사천 탄탄멘,8800,False,True
08-115,826,미도인 곱창 라멘(한정메뉴),12800,False,True
08-115,827,미도인 우실장 떡볶이,9500,False,True
08-115,828,미도인 곱창 떡볶이 (한정메뉴),13900,False,True
08-115,829,새우 로제 생면 파스타,13800,False,True
08-115,830,명란 크림 파스타,12800,False,True
08-115,831,바질크림 새우파스타,14800,False,True
08-116,832,모둠 사시미 한판(21ps이상),49000,False,True
08-116,833,숯불 꼬치구이 8종,27000,False,True
08-116,834,바지락 술찜,21000,False,True
08-117,835,더 치즈버거 (140g),9800,False,True
08-117,836,브루클린 웍스 (140g),12500,False,True
08-117,837,크.림. (140g),12200,False,True
08-117,838,치즈 스커트 (140g),12800,False,True
08-117,839,뉴 멕시코 (140g),12000,False,True
08-117,840,리얼 맥코이 (140g),12000,False,True
08-117,841,냅킨 플리즈 (140g),13200,False,True
08-117,842,버르게리타 (140g),13700,False,True
08-117,843,판타스틱 4,15600,False,True
08-117,844,빅 피쉬,11200,False,True
08-117,845,램버거,14300,False,True
08-117,846,필리 치즈 스테이크,14200,False,True
08-117,847,프렌치 프라이즈,8800,False,True
08-117,848,치즈 프라이즈,10600,False,True
08-117,849,칠리 치즈 프라이즈,14700,False,True
08-117,850,고구마 프라이즈,12600,False,True
08-117,851,베이컨 치즈 프라이즈,14800,False,True
08-117,852,어니언 링,14800,False,True
08-117,853,트리오(프렌치 프라이+고구마 프라이+어니언링),18500,False,True
08-117,854,바닐라 클래식 밀크쉐이크,7800,False,True
08-117,855,오레오 밀크쉐이크,8500,False,True
08-118,856,오늘의 스프(단호박),8000,False,True
08-118,857,부라타 토마토 샐러드,13000,False,True
08-118,858,아보카도 크랩 샐러드,13000,False,True
08-118,859,미나리 오일 파스타,17000,False,True
08-118,860,치킨 크림 파스타,17000,False,True
08-118,861,트러플 크림 뇨끼,18000,False,True
08-118,862,단호박 크림 뇨끼,18000,False,True
08-118,863,로우테라스 라자냐,19000,False,True
08-118,864,로우테라스 스테이크,38000,False,True
08-118,865,글라스 와인(레드/화이트),8000,False,True
08-118,866,호가든,6000,False,True
08-118,867,호가든로제,7000,False,True
08-118,868,오렌지주스,6000,False,True
08-118,869,탄산소다,3000,False,True
08-123,870,살치 스테이크,17000,False,True
08-123,871,채끝 스테이크,41000,False,True
08-123,872,샌프란시스코 해산물 스튜,39000,False,True
08-123,873,로스트 치킨 팟,41000,False,True
08-123,874,아메리칸 치즈버거,24000,False,True
08-123,875,베이컨 아보카도 버거,23000,False,True
08-123,876,앤쵸비 오일 스파게티,23000,False,True
08-123,877,항정 미나리 스파게티,25000,False,True
08-123,878,뉴욕 미트볼 스파게티,26000,False,True
08-123,879,램라구 페투치네,24000,False,True
08-123,880,치킨 알프레도 페투치네,24000,False,True
08-123,881,새우 비스큐 크림 페투치네,25000,False,True
08-123,882,포르치니 크림 뇨끼,25000,False,True
08-123,883,아메리칸 미트 라자냐,31000,False,True
08-123,884,그릴드 시저 샐러드,18000,False,True
08-123,885,할리우드 콥 샐러드,19000,False,True
08-123,886,멕시칸 타코 샐러드,19000,False,True
08-123,887,부라타 샐러드,21000,False,True
08-123,888,보스턴 클램 차우더 스프,14000,False,True
08-123,889,허브 세라노 메론,21000,False,True
08-123,890,가지 캐서롤,15000,False,True
08-124,891,치킨아보카도 샌드위치(런치),16000,False,True
08-124,892,토마토 멜란자네 라자냐(한정수량),23000,False,True
08-124,893,고르곤졸라 안심크림 펜네,26000,False,True
08-124,894,에그 베네딕트(런치),21000,False,True
08-124,895,빅 브레키 플래터(런치),26000,False,True
08-124,896,치즈플래터(디너),48000,False,True
08-124,897,후무스와 올리브(디너),16000,False,True
08-124,898,감바스 알 아히요(디너),29000,False,True
08-124,899,볼로네제파스타,18000,False,True
08-124,900,시즌스프,10000,False,True
08-124,901,머쉬룸치즈샌드위치(런치),17000,False,True
08-124,902,안심스테이크,59000,False,True
08-124,903,채끝스테이크(350~400g),92000,False,True
08-126,904,시그니처 로스까스,11900,False,True
08-126,905,시그니처 히레까스,12900,False,True
08-126,906,경양식돈까스,11900,False,True
08-126,907,왕돈까스,12900,False,True
08-126,908,치즈돈까스,13500,False,True
08-126,909,얼큰뚝배기돈까스,14500,False,True
08-126,910,냉모밀돈까스,11900,False,True
08-126,911,쫄면돈까스,11500,False,True
08-126,912,매콤스위트돈까스,12900,False,True
08-126,913,눈꽃치즈돈까스,12900,False,True
08-126,914,국물떡볶이돈까스,11900,False,True
08-126,915,샐러드돈까스,13900,False,True
08-126,916,돈클정식,14900,False,True
08-126,917,씨푸드정식,14900,False,True
08-126,918,모짜렐라 치즈까스,11500,False,True
08-126,919,큐브스테이크,16900,False,True
08-126,920,고르곤졸라피자,16900,False,True
08-126,921,베이컨포테이토피자,17900,False,True
08-126,922,페퍼로니피자,16900,False,True
08-126,923,마르게리따피자,16900,False,True
08-127,924,오이스터알리올리오,16000,False,True
08-127,925,빼스카또레,18000,False,True
08-128,926,에그 베이컨 (반판),9900,False,True
08-128,927,콰트로 치즈 피자 (반판),9900,False,True
08-128,928,필리 치즈 스테이크 (반판),9900,False,True
08-128,929,베이컨 포테이토 (반판),9900,False,True
08-128,930,고구마 크러스트 (반판),9900,False,True
08-131,931,쭈꾸미 비빔밥,9000,False,True
08-131,932,매콤명태정식,9000,False,True
08-131,933,철판쭈꾸미+삼겹,15000,False,True
08-131,934,매콤명태조림(소),22000,False,True
08-131,935,철판알쌈쭈꾸미,15000,False,True
08-132,936,수룹타코,4800,False,True
08-132,937,칠리타코,4800,False,True
08-132,938,새우살사타코,4800,False,True
08-133,939,2인 스페셜 세트,37900,False,True
08-133,940,치킨 스테이크 정식,11900,False,True
08-133,941,부채살 스테이크 정식,13900,False,True
08-133,942,우삼겹 정식,12900,False,True
08-133,943,소고기 볶음 정식,11900,False,True
08-135,944,깐풍치킨 봉봉,19000,False,True
08-135,945,데리야끼 마늘똥집,14000,False,True
08-135,946,순살 크리스피,18000,False,True
08-135,947,오돌오돌 짜글이,19000,False,True
08-135,948,오징어입&새우머리 튀김,15000,False,True
08-135,949,요거트 치킨 샐러드,12000,False,True
08-135,950,치즈볼,8000,False,True
08-136,951,새우 베이컨 파스타,22000,False,True
08-136,952,해산물 파스타,23000,False,True
08-136,953,매콤한 토마토소스의 비프 스튜 파스타,23000,False,True
08-136,954,바질 크림 새우 파스타,22000,False,True
08-136,955,아보카도를 곁들인 명란 크림 파스타,23000,False,True
08-136,956,등심스테이크를 곁들인 크림소시의 리가토니 파스타,27000,False,True
08-136,957,마르게리타피자,21000,False,True
08-136,958,블루베리크림치즈피자,2900,False,True
08-136,959,루꼴라피자,23000,False,True
08-136,960,콰트로고르곤졸라피자,23000,False,True
08-136,961,비스마르크피자,23000,False,True
08-136,962,제노베제피자,24000,False,True
08-137,963,해물치즈오꼬노미야끼,22000,False,True
08-137,964,얼큰한우대창나베,28000,False,True
08-137,965,얼큰해물짬뽕나베,28000,False,True
08-137,966,깐풍칠리새우,14000,False,True
08-137,967,일품 와규 찹스테이크,26000,False,True
08-137,968,나가사끼짬뽕나베,25000,False,True
08-137,969,닭다리살 가라아게,19000,False,True
08-137,970,트러플오일짜빠게띠,12000,False,True
08-137,971,메뉴판 (시즌한정메뉴),0,False,True
08-137,972,메뉴판1,0,False,True
08-137,973,메뉴판2,0,False,True
08-137,974,메뉴판(주류),0,False,True
08-140,975,한우 토마호크,30000,False,True
08-140,976,한우 티본,30000,False,True
08-140,977,미담 본삼겹,17500,False,True
08-140,978,눈꽃목살,17500,False,True
08-140,979,투뿔 한우 채끝등심,46900,False,True
08-140,980,우대갈비,11900,False,True
08-140,981,눈꽃목살 바베큐,17500,False,True
08-140,982,본삼겹 바베큐,17500,False,True
08-140,983,굴라면,7000,False,True
08-140,984,대게장 볶음밥,7000,False,True
08-140,985,비빔/물냉면,7000,False,True
08-141,986,쭈꾸미 갈릭파스타,19000,False,True
08-141,987,프로슈또 루꼴라 샐러드,12000,False,True
08-141,988,프레쉬 모짜렐라 샐러드,13000,False,True
08-141,989,알리오 올리오,15000,False,True
08-141,990,아라비아따,16000,False,True
08-142,991,카스 맥주,15000,False,True
08-142,992,하이네켄 맥주,20000,False,True
08-142,993,아시히 맥주,20000,False,True
08-142,994,기네스 맥주,20000,False,True
08-142,995,과일,30000,False,True
08-142,996,치즈,30000,False,True
08-142,997,오징어,30000,False,True
08-142,998,윙 + 감자튀김,30000,False,True
08-142,999,나쵸,10000,False,True
08-142,1000,라면,10000,False,True
08-142,1001,참치카나페,20000,False,True
08-142,1002,찹스테이크,30000,False,True
08-142,1003,치즈구이,30000,False,True
08-143,1004,뽀모도로파스타,10000,False,True
08-143,1005,알리오올리오파스타,10000,False,True
08-143,1006,치킨리조또,12000,False,True
08-143,1007,트러플리조또,13000,False,True
08-143,1008,함박스테이크,15000,False,True
08-143,1009,고사리파스타,15000,False,True
08-144,1010,간장 치킨 덮밥(소),7000,False,True
08-144,1011,연어 덮밥(소),12000,False,True
08-144,1012,일본 카레 덮밥(소),7000,False,True
08-144,1013,스테이크 덮밥(소),8000,False,True
08-144,1014,간장 닭강정(12조각),8500,False,True
08-146,1015,스테이크 샐러드,15900,False,True
08-146,1016,치킨텐더 샐러드,12900,False,True
08-146,1017,리미니 계절 과일 샐러드,9900,False,True
08-146,1018,스테이크 팬 라이스,15900,False,True
08-146,1019,매콤 쉬림프 필라프,12900,False,True
08-146,1020,투움바 빠네 파스타,15900,False,True
08-146,1021,크림 빠네 파스타,15900,False,True
08-146,1022,꽃게살 품은 파스타,12900,False,True
08-146,1023,홍합가득 토마토 파스타,12900,False,True
08-146,1024,갈릭 알리오 올리오,9900,False,True
08-146,1025,베이컨 포테이토,17900,False,True
08-146,1026,고르곤졸라,15900,False,True
08-146,1027,마르게리타,15900,False,True
08-146,1028,볼로네제 리조또,9900,False,True
08-146,1029,새우 로제,12900,False,True
08-146,1030,시그니처 더블,17900,False,True
08-146,1031,시그니처 봉골레,12900,False,True
08-146,1032,에그탑 까르보나라,12900,False,True
08-146,1033,프리미엄 채끝등심 스테이크(240g),29900,False,True
08-146,1034,프리미엄 채끝등심 스테이크(320g),39900,False,True
08-147,1035,크림치즈연어말이,14800,False,True
08-147,1036,등심스테이크,16800,False,True
08-147,1037,쭈꾸미 삼겹살 볶음,15800,False,True
08-147,1038,버섯 돈부리나베,13800,False,True
08-147,1039,소고기 찹쌀 탕수육,15800,False,True
08-147,1040,묵은지 김치찜,16800,False,True
08-147,1041,발사믹 모듬치즈 샐러드,17800,False,True
08-149,1042,농부 파스타,19000,False,True
08-149,1043,명란 오일 파스타,17000,False,True
08-149,1044,쉬림프 스테이크 샐러드,21000,False,True
08-149,1045,라구파스타,23000,False,True
08-149,1046,송아지 안심 스테이크 (200g),42000,False,True
08-149,1047,치즈볼 아란치니,17000,False,True
08-150,1048,크림 닭가슴살 구이,16000,False,True
08-150,1049,저탄고지 목살 스테이크,24000,False,True
08-153,1050,알리오올리오,7500,False,True
08-153,1051,새우크림,8900,False,True
08-153,1052,까르보나라,8500,False,True
08-153,1053,치킨도리아,8900,False,True
08-153,1054,베이컨올리오,8900,False,True
08-153,1055,새우로제,8900,False,True
08-155,1056,원조김밥,2500,False,True
08-155,1057,야채김밥,3000,False,True
08-155,1058,참치김밥,3500,False,True
08-155,1059,우동,5000,False,True
08-155,1060,돈까스,7000,False,True
08-156,1061,에그 베이컨 샌드위치,5000,False,True
08-156,1062,커푸치노,2500,False,True
08-156,1063,치킨브레스트,5000,False,True
08-156,1064,치즈스테이크,5500,False,True
08-156,1065,단호박샐러드샌드위치,4000,False,True
08-158,1066,에스프레소,4500,False,True
08-158,1067,아메리카노,4500,False,True
08-158,1068,라떼,5000,False,True
08-158,1069,플랫화이트,5000,False,True
08-158,1070,바닐라라떼,5500,False,True
08-158,1071,카푸치노,5500,False,True
08-158,1072,핑크솔티드크림커피,5500,False,True
08-158,1073,아인슈페너,5500,False,True
08-158,1074,크림초코,6000,False,True
08-158,1075,크림딸기,6000,False,True
08-158,1076,수제얼그레이밀크티,6500,False,True
08-158,1077,바스크치즈케이크,7000,False,True
08-158,1078,플레인크로플,9000,False,True
08-159,1079,프라임 스테이크 (S),9900,False,True
08-159,1080,부채살 스테이크 (S),8900,False,True
08-159,1081,밸런스 채끝 등심 스테이크 (S),11900,False,True
08-159,1082,호주 청정우 특등심 스테이크 (S),14900,False,True
08-159,1083,불고기 치즈 볶음밥,8900,False,True
08-160,1084,육회포케,10900,False,True
08-161,1085,리츠 갈비 버거,13700,False,True
08-161,1086,리츠 아보카도 플래터,18500,False,True
08-161,1087,프렌치 토스트 플래터,18500,False,True
08-161,1088,리츠 오믈렛,17000,False,True
08-161,1089,칠리 오믈렛,18500,False,True
08-161,1090,크림 프렌치 토스트(&과일),16500,False,True
08-161,1091,치즈버거,8700,False,True
08-161,1092,아메리칸 더블버거,14000,False,True
08-161,1093,리츠버거,9700,False,True
08-161,1094,트러플 비프 리조또,25700,False,True
08-161,1095,다이너 스테이크,43000,False,True
08-161,1096,아보카도 칠리 나쵸,19000,False,True
08-161,1097,칠리치즈버거,11700,False,True
08-161,1098,바질 쉬림프 크림 파스타,21500,False,True
08-161,1099,칠리로제파스타,19700,False,True
08-161,1100,게살크림파스타,20500,False,True
08-161,1101,관자 올리브 오일 파스타,23700,False,True
08-161,1102,구운가지 토마토 파스타,19500,False,True
08-162,1103,돈코츠라멘 (M),8000,False,True
08-162,1104,탄탄멘 (M),8000,False,True
08-162,1105,모듬초밥 (11p),7900,False,True
08-162,1106,연어초밥 (11p),8900,False,True
08-162,1107,낙지볶음,18000,False,True
08-164,1108,고구마스틱+허니버터,15000,False,True
08-164,1109,일본식왕교자,15000,False,True
08-164,1110,명란계란탕,16000,False,True
08-164,1111,탄탄 규 미소나베 오뎅탕,28000,False,True
08-164,1112,차돌오뎅탕,28000,False,True
08-164,1113,꽃게 해물가득 오뎅탕,29000,False,True
08-164,1114,나가사키 오뎅(매운맛),29000,False,True
08-164,1115,나가사키 오뎅(순한맛),29000,False,True
08-164,1116,특등급 메로구이스테이크,35000,False,True
08-164,1117,명란구이+감태,20000,False,True
08-164,1118,데리야끼 윙봉구이(6p),17000,False,True
08-164,1119,닭껍질만두구이(6p),17000,False,True
08-164,1120,수제땡초부추전,16000,False,True
08-164,1121,가문어간장구이,15000,False,True
08-164,1122,일본식 모둠튀김(14p),29000,False,True
08-164,1123,유린기,27000,False,True
08-164,1124,수제돌돌 새우튀김,25000,False,True
08-164,1125,매콤칠리새우(중),26000,False,True
08-164,1126,크림새우(중),26000,False,True
08-164,1127,오일버터새우구이(중),27000,False,True
08-165,1128,와뱅와플피자,21000,False,True
08-165,1129,채끝스테이크,40000,False,True
08-166,1130,차돌 두부 버섯조림,18000,False,True
08-166,1131,감자가 들어간 조개탕,19000,False,True
08-166,1132,버터로 바싹 구운 명란,16000,False,True
08-166,1133,부채살 스테이크,27000,False,True
08-166,1134,오늘의 수육,22000,False,True
08-167,1135,순살 치킨 트리오,19000,False,True
08-167,1136,후라이드 치킨,18000,False,True
08-167,1137,순살 후라이드 치킨,13000,False,True
08-167,1138,통파 닭볶음,12000,False,True
08-167,1139,윙스&칩스,12000,False,True
08-167,1140,닭껍데기 칩스,9000,False,True
08-167,1141,오다리&칩스,9000,False,True
08-167,1142,쥐포 튀김,6000,False,True
08-167,1143,허니버터 감자튀김,6000,False,True
08-167,1144,감바스,18000,False,True
08-167,1145,갈비 찹스테이크,17000,False,True
08-167,1146,소세지 감튀 그라탕,15000,False,True
08-167,1147,토마토 치즈 미트볼,14000,False,True
08-167,1148,에그인헬,13000,False,True
08-169,1149,루트 하우스 샐러드,12000,False,True
08-169,1150,감자 튀김,7000,False,True
08-170,1151,진토닉,8000,False,True
08-170,1152,보드카토닉,8000,False,True
08-170,1153,스크류드라이버,8000,False,True
08-170,1154,오렌지블로썸,8000,False,True
08-170,1155,깔루아밀크,8000,False,True
08-170,1156,베일리스밀크,8000,False,True
08-170,1157,블랙러시안,8000,False,True
08-170,1158,블러드메리,8000,False,True
08-170,1159,버진메리,8000,False,True
08-170,1160,잭콕,8000,False,True
08-170,1161,위스키콕,8000,False,True
08-170,1162,하이블,12000,False,True
08-170,1163,대구포,15000,False,True
08-170,1164,마른오징어,15000,False,True
08-170,1165,한치,15000,False,True
08-170,1166,황도,15000,False,True
08-170,1167,감자튀김,15000,False,True
08-170,1168,육포,15000,False,True
08-170,1169,새우튀김,20000,False,True
08-170,1170,소시지야채볶음,20000,False,True
08-170,1171,과일,30000,False,True
08-171,1172,치즈 퐁듀 비프 스테이크,20900,False,True
08-171,1173,콘크림 리조또 스테이크,15900,False,True
08-171,1174,소고기 불 초밥,11900,False,True
08-171,1175,대만식 삼겹쌈,13900,False,True
08-171,1176,쉬림프 에그인헬,12900,False,True
08-171,1177,흑당 카라멜 치킨,15900,False,True
08-173,1178,하누 품은 식탁 A코스,30000,False,True
08-173,1179,하누 품은 식탁 B코스,40000,False,True
08-173,1180,하누 품은 식탁 C코스,50000,False,True
08-173,1181,연어회 덮밥(점심),12000,False,True
08-173,1182,낙지볶음밥(점심),8000,False,True
08-173,1183,간장계란밥(점심),6000,False,True
08-173,1184,육회한 연어,40000,False,True
08-173,1185,연어회,35000,False,True
08-173,1186,육회,25000,False,True
08-173,1187,골뱅이,25000,False,True
08-173,1188,모듬치즈,25000,False,True
08-173,1189,마른안주,20000,False,True
08-173,1190,나쵸,12000,False,True
08-173,1191,육회 비빔밥,12000,False,True
08-173,1192,스테이크 세트,19900,False,True
08-173,1193,불고기 덮밥,11000,False,True
08-175,1194,등심 (100g),22000,False,True
08-175,1195,갈비 (100g),22000,False,True
08-175,1196,살치 (100g),28000,False,True
08-175,1197,치마 (100g),28000,False,True
08-175,1198,안심 (100g),28000,False,True
08-175,1199,안창 (100g),31000,False,True
