restaurant_id,menu_id,menu_name,price,is_deleted,is_active
05-01,1,곰새우찜 & 곰새우라면,40000,False,True
05-01,2,제주딱새우사시미 & 머리튀김,38000,False,True
05-01,3,생연어사시미 & 특제샐러드,24000,False,True
05-01,4,눈꽃살타다끼,25000,False,True
05-01,5,특제메로구이,30000,False,True
05-02,6,모듬 사시미,60000,False,True
05-02,7,문어 숙회,29000,False,True
05-02,8,참치 타다끼,23000,False,True
05-02,9,새우 덴뿌라,22000,False,True
05-02,10,카레 고로케,12000,False,True
05-03,11,닭꼬치 6종모듬,22000,False,True
05-03,12,삼겹살이 5종,22000,False,True
05-03,13,버섯삼겹 5종,22000,False,True
05-03,14,가슴살 5종모듬,22000,False,True
05-03,15,꽈리고추삼겹말이,4000,False,True
05-03,16,팽이삼겹말이,4000,False,True
05-05,17,숙성회모듬,54000,False,True
05-05,18,숙성광어회,35000,False,True
05-05,19,추천꼬치 7종,28000,False,True
05-05,20,민물장어 볏짚구이,30000,False,True
05-05,21,나가사키짬뽕,26000,False,True
05-05,22,스키야끼,32000,False,True
05-05,23,차돌박이 숙주볶음,22000,False,True
05-05,24,와사비크림새우,22000,False,True
05-05,25,명란오일파스타,22000,False,True
05-05,26,새우먹물파스타,24000,False,True
05-05,27,우니크림파스타,32000,False,True
05-05,28,전복내장파스타,30000,False,True
05-05,29,소고기 가라아게,28000,False,True
05-05,30,왕새우튀김,26000,False,True
05-05,31,치킨난반,26000,False,True
05-05,32,치킨가라아게,23000,False,True
05-05,33,문어가라아게,23000,False,True
05-05,34,표고버섯 새우튀김,25000,False,True
05-05,35,모츠나베,32000,False,True
05-05,36,꽃게탕,32000,False,True
05-05,37,스지오뎅탕,25000,False,True
05-07,38,모듬사시미,50000,False,True
05-07,39,수제모듬꼬치7종,25000,False,True
05-07,40,문어가라아게,23000,False,True
05-07,41,특제간장가라아게,21000,False,True
05-07,42,차돌박이생라멘샐러드,20000,False,True
05-08,43,야키토리 3종 오마카세,11300,False,True
05-09,44,차돌야채찜,38000,False,True
05-09,45,문어초회,27000,False,True
05-09,46,메로구이,29000,False,True
05-09,47,명란계란말이,18500,False,True
05-09,48,가리비명란튀김,18000,False,True
05-09,49,삼색조개술찜,24500,False,True
05-09,50,스끼야끼,36000,False,True
05-12,51,모듬 숙성회,48000,False,True
05-12,52,치킨난반,22000,False,True
05-12,53,보우즈시,21000,False,True
05-12,54,조개술찜,20000,False,True
05-14,55,오이사라다,4000,False,True
05-14,56,생강토마토,6500,False,True
05-14,57,설탕토마토,6500,False,True
05-14,58,땡초물만두,6000,False,True
05-14,59,은행구이,7000,False,True
05-14,60,네기마요 타코야끼,9000,False,True
05-14,61,가마보꼬 오뎅,9000,False,True
05-14,62,치즈라면,5000,False,True
05-14,63,포테토스프,7000,False,True
05-14,64,순두부열라면,7000,False,True
05-14,65,어묵우동,7000,False,True
05-14,66,닭껍질교자,10000,False,True
05-14,67,아지후라이,9000,False,True
05-14,68,비빔만두,7000,False,True
05-14,69,파래어묵튀김,7000,False,True
05-14,70,매콤양념오뎅튀김,6000,False,True
05-14,71,후렌치후라이,4500,False,True
05-14,72,고등어소금구이,7000,False,True
05-14,73,오꼬노미야끼,10000,False,True
05-14,74,명란구이,7000,False,True
05-14,75,테바나카,900,False,True
05-17,76,히라메 고노와다,30000,False,True
05-17,77,메로 아라다키,25000,False,True
05-17,78,모야시 이타메,15000,False,True
05-17,79,가이센 이타메,17000,False,True
05-17,80,가이바시라 카타야키,22000,False,True
05-18,81,네기마,3000,False,True
05-18,82,세세리,3000,False,True
05-18,83,하쯔,2500,False,True
05-18,84,메가토리,8000,False,True
05-18,85,카와,2500,False,True
05-18,86,쯔꾸네,4500,False,True
05-18,87,난코쯔,3000,False,True
05-18,88,모모니꾸,3500,False,True
05-18,89,타마고야끼,2500,False,True
05-18,90,삼겹살,3500,False,True
05-18,91,목살,3500,False,True
05-18,92,베이컨토마토,3500,False,True
05-18,93,베이컨모찌,3500,False,True
05-18,94,베이컨아스파라,3500,False,True
05-18,95,꽃갈비,5000,False,True
05-18,96,부채살,4500,False,True
05-18,97,한우대창,4500,False,True
05-18,98,민물장어,5000,False,True
05-18,99,새우,4000,False,True
05-18,100,옥수수,2500,False,True
05-23,101,참치 뱃살 모듬 사시미,49000,False,True
05-23,102,혼마구로 볏짚 타다끼,25000,False,True
05-23,103,오리 다릿살 숯불구이 (미소소스),23000,False,True
05-23,104,규 등신 볏짚 스테이크,25000,False,True
05-23,105,소고기 볏짚 타다끼,23000,False,True
05-24,106,광어반연어반,23000,False,True
05-24,107,시메사바(고등어 초회),18000,False,True
05-24,108,광어 고노와다,18000,False,True
05-24,109,나가사키짬뽕,16000,False,True
05-24,110,7종사시미,35000,False,True
05-26,111,감자&베이컨 크림스프,6000,False,True
05-26,112,닭다리살 칠리볶음,19000,False,True
05-26,113,사천식 해물 볶음면,21000,False,True
05-26,114,불닭발,18000,False,True
05-26,115,닭다리살 데리야끼,19000,False,True
05-27,116,염통,3000,False,True
05-27,117,모래집,3000,False,True
05-27,118,연골,3500,False,True
05-27,119,치즈와사비,3800,False,True
05-27,120,엔라마요(안심),3800,False,True
05-27,121,새송이삼겹말이,3800,False,True
05-28,122,사시미플레이트,39000,False,True
05-28,123,광어사시미,28000,False,True
05-28,124,광어 고노와다,24000,False,True
05-28,125,연어사시미,24000,False,True
05-28,126,방어사시미,28000,False,True
05-28,127,우니한판,36000,False,True
05-28,128,메로구이,24000,False,True
05-28,129,삼치구이,24000,False,True
05-28,130,고등어구이,20000,False,True
05-28,131,시샤모구이,16000,False,True
05-28,132,항정살 미소야끼,23000,False,True
05-28,133,명란구이,12900,False,True
05-28,134,한우++육회,29000,False,True
05-28,135,찹스테이크,23000,False,True
05-28,136,소고기타다끼,23000,False,True
05-28,137,차돌박이 숙주볶음,20000,False,True
05-28,138,참치타다끼,23000,False,True
05-28,139,소고기 가라아게,24000,False,True
05-28,140,왕새우튀김,22000,False,True
05-28,141,치킨가라아게,20000,False,True
05-28,142,문어가라아게,20000,False,True
05-29,143,모둠 사시미 한판(21ps이상),49000,False,True
05-29,144,숯불 꼬치구이 8종,27000,False,True
05-29,145,고르곤졸라 찹스테이크,24000,False,True
05-29,146,바지락 술찜,21000,False,True
05-30,147,두부사라다,15000,False,True
05-30,148,연어사라다,23000,False,True
05-30,149,차돌박이사라다,21000,False,True
05-30,150,치킨가라아게,12000,False,True
05-30,151,게살계란말이,13000,False,True
05-32,152,모둠 사시미 한판(21ps이상),49000,False,True
05-32,153,숯불 꼬치구이 8종,27000,False,True
05-32,154,바지락 술찜,21000,False,True
05-33,155,3종꼬치(1인 1주문기준),12000,False,True
05-33,156,5종꼬치(1인 1주문기준),19500,False,True
05-33,157,7종꼬치(1인 1주문기준),26500,False,True
05-34,158,생 연어 사시미,26000,False,True
05-34,159,특목살 스테이크,25000,False,True
05-34,160,제육 두부김치,20000,False,True
05-34,161,국물 떡볶이,17500,False,True
05-34,162,골뱅이 소면,20000,False,True
05-34,163,나가사끼 짬뽕탕,26000,False,True
05-34,164,해물 어묵 나베,25000,False,True
05-34,165,해물 짬뽕탕,23000,False,True
05-34,166,꼬치 오뎅탕,23000,False,True
05-34,167,얼큰 시원 조개탕,17000,False,True
05-34,168,생목살 김치찌개,23000,False,True
05-34,169,매콤 해물 순두부찌개,15000,False,True
05-34,170,명란 계란탕,15000,False,True
05-34,171,해물 오꼬노미야끼,19000,False,True
05-34,172,고기 김치전,18000,False,True
05-34,173,모짜치즈 감자채전,17500,False,True
05-34,174,촉촉 반건조 노가리,20000,False,True
05-34,175,바싹 먹태구이,18000,False,True
05-34,176,버터구이 오징어다리,19000,False,True
05-34,177,열대 과일화채,19500,False,True
05-36,178,카이센동,18000,False,True
05-36,179,카이센동(특),28000,False,True
05-36,180,사케동,18000,False,True
05-36,181,마구로 사케동,19000,False,True
05-36,182,우나기동,19000,False,True
05-36,183,마구로 우니동,35000,False,True
05-36,184,우니 이쿠라동,40000,False,True
05-38,185,인기 모듬 꼬치 (10종),28000,False,True
05-38,186,모리아와세,60000,False,True
05-38,187,생연어 사시미,23000,False,True
05-38,188,닭다리살 (2p),7000,False,True
05-38,189,관자 (2p),7500,False,True
05-39,190,오이사라다,4000,False,True
05-39,191,생강토마토,6500,False,True
05-39,192,설탕토마토,6500,False,True
05-39,193,땡초물만두,6000,False,True
05-39,194,은행구이,7000,False,True
05-39,195,네기마요 타코야끼,9000,False,True
05-39,196,가마보꼬 오뎅,9000,False,True
05-39,197,치즈라면,5000,False,True
05-39,198,포테토스프,7000,False,True
05-39,199,순두부열라면,7000,False,True
05-39,200,어묵우동,7000,False,True
05-39,201,닭껍질교자,10000,False,True
05-39,202,아지후라이,9000,False,True
05-39,203,비빔만두,7000,False,True
05-39,204,파래어묵튀김,7000,False,True
05-39,205,매콤양념오뎅튀김,6000,False,True
05-39,206,후렌치후라이,4500,False,True
05-39,207,고등어소금구이,7000,False,True
05-39,208,오꼬노미야끼,10000,False,True
05-39,209,명란구이,7000,False,True
05-39,210,테바나카,900,False,True
05-42,211,추천꼬치,18000,False,True
05-42,212,사시미플레이트,40000,False,True
05-42,213,스키야키,29000,False,True
05-42,214,한우모츠나베,29000,False,True
05-42,215,전복내장크림파스타,22000,False,True
05-42,216,한우1++육회,29000,False,True
05-42,217,해물가래떡 떡볶이,20000,False,True
05-42,218,살치살타다끼,26000,False,True
05-42,219,오꼬노미야끼,20000,False,True
05-42,220,새우관자버터야끼,22000,False,True
05-42,221,항정살미소야끼,22000,False,True
05-42,222,명란구이,13000,False,True
05-42,223,메로구이,24000,False,True
05-42,224,수제등심돈카츠,15000,False,True
05-42,225,치킨가라아게,20000,False,True
05-42,226,모둠치즈크래커,13000,False,True
05-42,227,수제게살크림고로케,8000,False,True
05-42,228,아이스크림튀김,8000,False,True
05-42,229,명란오니기리,7000,False,True
05-42,230,맥주행사,7900,False,True
05-43,231,특초밥,22000,False,True
05-43,232,초밥,17000,False,True
05-44,233,새벽연어,24000,False,True
05-46,234,나가사키짬뽕,18000,False,True
05-46,235,오뎅탕,18000,False,True
05-46,236,돼지고기숙주볶음,15000,False,True
05-46,237,돈카츠안주,16000,False,True
05-46,238,아게다시도후,13000,False,True
05-46,239,가츠토지,20000,False,True
05-46,240,한치와땅콩,14000,False,True
05-46,241,반건조노가리,13000,False,True
05-46,242,먹태,14000,False,True
05-46,243,수제고로케,13000,False,True
05-46,244,수제굴튀김,14000,False,True
05-46,245,치킨 가라아게,17000,False,True
05-46,246,닭똥집 가라아게,16000,False,True
05-46,247,오징어다리 튀김,15000,False,True
05-46,248,새우튀김 (6마리),20000,False,True
05-46,249,굴튀김&사케도쿠리3병,30000,False,True
05-46,250,고로케&사케도쿠리3병,29000,False,True
05-46,251,오뎅&사케도쿠리3병,34000,False,True
05-46,252,돈카츠 샐러드,18000,False,True
05-46,253,닭가슴살 샐러드,17000,False,True
05-47,254,쇠고기야채볶음,6800,False,True
05-47,255,오뎅사시미,7300,False,True
05-47,256,돼지고기계란말이,8900,False,True
05-47,257,닭튀김파소스,6800,False,True
05-47,258,오로라새우튀김,7800,False,True
05-47,259,돼지갈비살찜,6800,False,True
05-49,260,모듬사시미(싱글),25000,False,True
05-49,261,사시미와 고노와다,40000,False,True
05-49,262,단새우와 우니,55000,False,True
05-49,263,타코와사비,24000,False,True
05-49,264,문어,25000,False,True
05-49,265,전복초회,20000,False,True
05-49,266,숙성연어사시미,40000,False,True
05-49,267,명란계란말이,22000,False,True
05-49,268,명란크림파스타,25000,False,True
05-49,269,오코노미야끼,20000,False,True
05-49,270,해물야끼우동,26000,False,True
05-49,271,삼겹숙주볶음,25000,False,True
05-49,272,송이감바스,23000,False,True
05-49,273,문어가라아게,24000,False,True
05-49,274,순살치킨가라아게,18000,False,True
05-49,275,명란구이,20000,False,True
05-49,276,감자버터구이,9000,False,True
05-49,277,통오징어구이,18000,False,True
05-49,278,연어화로구이,25000,False,True
05-49,279,통새우가라아게,20000,False,True
05-54,280,게딱지 대게장소스구이 + 주먹밥,14000,False,True
05-54,281,오리다릿살 숯불구이,23000,False,True
05-54,282,아나고 덴뿌라,25000,False,True
05-54,283,스파이시 에비마요,18000,False,True
05-54,284,소고기 숙주볶음,18000,False,True
05-54,285,치킨남방 가라아게,17000,False,True
05-54,286,타마고 멘치까스,15000,False,True
05-56,287,쇼유라멘,10000,False,True
05-56,288,매운미소라멘,10000,False,True
05-56,289,교카이돈코츠,11000,False,True
05-56,290,츠케멘,13000,False,True
05-58,291,가지,1500,False,True
05-58,292,간사이오뎅나베,15000,False,True
05-58,293,계란말이,5000,False,True
05-58,294,고노와다,5000,False,True
05-58,295,광어와폰즈,18000,False,True
05-58,296,광어회와고노와다,18000,False,True
05-58,297,꽈리고추삼겹,3500,False,True
05-58,298,나가사끼짬뽕나베,15000,False,True
05-58,299,나또,5000,False,True
05-58,300,닭날개,3500,False,True
05-58,301,닭다리,2500,False,True
05-58,302,닭다리파,2500,False,True
05-58,303,닭모래집,2000,False,True
05-58,304,닭물렁뼈,3000,False,True
05-58,305,닭염통,2000,False,True
05-58,306,뎀뿌라우동나베,15000,False,True
05-58,307,도미머리소금구이,18000,False,True
05-58,308,메로구이,14000,False,True
05-58,309,모듬사시미(7종),25000,False,True
05-58,310,모듬튀김,8000,False,True
05-59,311,야채구이,18000,False,True
05-59,312,청경채삼겹구이,7600,False,True
05-59,313,토마토삼겹말이,7600,False,True
05-59,314,양송이삼겹말이,7800,False,True
05-59,315,아스파라거스삼겹말이,7600,False,True
05-59,316,팽이버섯삼겹말이,7600,False,True
05-63,317,모듬사시미(2인),36000,False,True
05-63,318,모듬사시미(큰접시),49000,False,True
05-63,319,마구로와리폰즈무침,20000,False,True
05-63,320,"해물나베(매운맛,순한맛)",26000,False,True
05-63,321,토마토마라 오뎅나베,25000,False,True
05-63,322,가니미소치킨나베,25000,False,True
05-64,323,오꼬노미야끼,25000,False,True
05-64,324,관서 오뎅탕,27000,False,True
05-64,325,모듬사시미,65000,False,True
05-64,326,모듬꼬치,32000,False,True
05-64,327,메로구이,28000,False,True
05-65,328,광어사시미,30000,False,True
05-65,329,함박파스타,20000,False,True
05-65,330,한우야채전골,35000,False,True
05-65,331,중화풍 닭강정,20000,False,True
05-65,332,후토마끼,20000,False,True
05-66,333,나가사끼짬뽕탕,15000,False,True
05-66,334,해물알탕,15000,False,True
05-66,335,쇼군오뎅탕,13000,False,True
05-66,336,참차타다키,18000,False,True
05-66,337,낙지소면,13000,False,True
05-68,338,숙성사미시(소),39000,False,True
05-68,339,사시미 물회,45000,False,True
05-68,340,광어 사시미,35000,False,True
05-68,341,연어사시미,30000,False,True
05-68,342,우니 한판,45000,False,True
05-68,343,수제새우장,22000,False,True
05-68,344,대하튀김,20000,False,True
05-68,345,청어튀김,15000,False,True
05-68,346,복어가라아게,15000,False,True
05-68,347,가지튀김,12000,False,True
05-68,348,시샤모튀김,12000,False,True
05-68,349,방울토마토 매실절임,8000,False,True
05-68,350,백합탕,12000,False,True
05-68,351,타코와사비,8000,False,True
05-68,352,모찌리도후,6000,False,True
05-68,353,방어(30p),65000,False,True
05-68,354,석화(13ea),23000,False,True
05-68,355,치킨가라아게,18000,False,True
05-68,356,광어+연어 사시미,33000,False,True
05-68,357,뽈락튀김,13000,False,True
05-69,358,연어사시미,23900,False,True
05-69,359,새우카라아게,9900,False,True
05-69,360,마른오징어몸통구이,12900,False,True
05-69,361,골뱅이소면,15900,False,True
05-69,362,해물볶음우동,15900,False,True
05-70,363,명란크림파스타,19900,False,True
05-70,364,쉬림프로제파스타,21900,False,True
05-70,365,부리타포모도로,24900,False,True
05-70,366,감바스알아히요,22900,False,True
05-70,367,까망베르치즈구이,18900,False,True
05-70,368,타마고야끼,12900,False,True
05-70,369,해물오꼬노미야끼,19900,False,True
05-70,370,해산물국물떡볶이,28900,False,True
05-70,371,야끼교자,9900,False,True
05-70,372,치킨가라아게,18900,False,True
05-70,373,왕새우눈꽃튀김,29000,False,True
05-70,374,트러플오일프렌치프라이,13900,False,True
05-70,375,모둠오뎅,19900,False,True
05-70,376,해물나가사끼짬뽕,28900,False,True
05-70,377,모둠해물나베,29900,False,True
05-75,378,사각오뎅,2500,False,True
05-75,379,길쭉오뎅,2500,False,True
05-75,380,물떡,3000,False,True
05-75,381,곤약,2500,False,True
05-75,382,야채오뎅,3000,False,True
05-75,383,치즈오뎅,3000,False,True
05-75,384,고추당면,3000,False,True
05-75,385,유부주머니,3500,False,True
05-75,386,한뺀,4000,False,True
05-75,387,치쿠와,4500,False,True
05-75,388,스모크소세지,4500,False,True
05-75,389,소시지 미르바 점보,6500,False,True
05-75,390,아지타마고,3000,False,True
05-75,391,롤양배추,4000,False,True
05-75,392,무우,4500,False,True
05-75,393,아츠아게,6000,False,True
05-75,394,표고버섯,6000,False,True
05-75,395,스지,9000,False,True
05-75,396,한우육사시미,22000,False,True
05-75,397,스텔라마리스,19000,False,True
05-75,398,코모치야리이까,14000,False,True
05-76,399,1人 사시미,22000,False,True
05-76,400,후토마키,20000,False,True
05-76,401,마파두부,16000,False,True
05-76,402,야키소바,15000,False,True
05-76,403,참치마키 (반 줄),18000,False,True
05-76,404,사케동,15000,False,True
05-76,405,로스카츠,12000,False,True
05-76,406,가라아게동,10000,False,True
05-76,407,명란구이,15000,False,True
05-76,408,시샤모 덴뿌라,9000,False,True
05-76,409,사와라 레아 후라이,12000,False,True
05-76,410,멘치카츠,12000,False,True
05-76,411,오뎅 모리아 와세,20000,False,True
05-76,412,시메사바 보우즈시,25000,False,True
05-76,413,교자,7000,False,True
05-76,414,하무캬베츠,6000,False,True
05-76,415,모츠나베,24000,False,True
05-76,416,치킨 가라아게,12000,False,True
05-77,417,코스,35000,False,True
