id,name,category_id,score,review,address,operating_hour,expanded_days,time_range,phone_number,image_urls,convenience,caution,is_deleted
04-01,뚜에이오,이탈리안,4.2,873,경기 성남시 분당구 판교공원로3길 24-2,매일 11:00 ~ 21:20,"월,화,수,목,금,토,일",11:00 ~ 21:20,3180161865.0,"//img1.kakaocdn.net/cthumb/local/C640x640.q50/?fname=http%3A%2F%2Ft1.daumcdn.net%2Fplace%2FB82840AE9F744073B9D6094C29710FC6, //img1.kakaocdn.net/cthumb/local/C320x320.q50/?fname=http%3A%2F%2Ft1.daumcdn.net%2Flocal%2FkakaomapPhoto%2Freview%2Fe24915e23baf44f44b8b11275f41ebbbf30acbb2%3Foriginal, //img1.kakaocdn.net/cthumb/local/C320x320.q50/?fname=http%3A%2F%2Ft1.daumcdn.net%2Flocal%2FkakaomapPhoto%2Freview%2F150dff4ef35678581f6c0082d4d944e845a19652%3Foriginal","WIFI
동물출입
주차
휠체어사용
놀이방
흡연실","예약가능, 배달불가, 포장가능",False
04-02,파파라구,이탈리안,3.7,521,"경기 성남시 분당구 판교역로10번길 22-3 1층 101,102호","월,수,목,금,토,일 11:30 ~ 21:00","월,수,목,금,토,일",11:30 ~ 21:00,317095624.0,"//img1.kakaocdn.net/cthumb/local/C640x640.q50/?fname=http%3A%2F%2Ft1.daumcdn.net%2Flocalfiy%2F8973E9C7A0CE41B08710975BA50ABCF1, //img1.kakaocdn.net/cthumb/local/C320x320.q50/?fname=http%3A%2F%2Ft1.daumcdn.net%2Flocalfiy%2Fsearchregister_476580354, //img1.kakaocdn.net/cthumb/local/C320x320.q50/?fname=http%3A%2F%2Ft1.kakaocdn.net%2Fmystore%2FBC425AD040DC4600B6C64D731889D516","WIFI
동물출입
주차
휠체어사용
놀이방
흡연실","예약가능, 배달불가, 포장불가",False
04-03,라비떼,이탈리안,3.9,274,경기 성남시 분당구 판교공원로3길 16 1층,"월,수,목,금,토,일 15:00 ~ 17:30","월,수,목,금,토,일",15:00 ~ 17:30,,"//img1.kakaocdn.net/cthumb/local/C640x640.q50/?fname=http%3A%2F%2Ft1.daumcdn.net%2Flocal%2FkakaomapPhoto%2Freview%2F1def0ea4858280591039c8bb29fce9d0f315529a%3Foriginal, //img1.kakaocdn.net/cthumb/local/C320x320.q50/?fname=http%3A%2F%2Ft1.daumcdn.net%2Flocal%2FkakaomapPhoto%2Freview%2F446554de6c23735d5e0387be33b370aa7c18adaf%3Foriginal, //img1.kakaocdn.net/cthumb/local/C320x320.q50/?fname=http%3A%2F%2Ft1.daumcdn.net%2Flocal%2FkakaomapPhoto%2Freview%2Fd745934381b680d25efff2133a3ef256e21ee7dc%3Foriginal","WIFI
동물출입
주차
휠체어사용
놀이방
흡연실","예약가능, 배달가능, 포장가능",False
04-04,빈티지1988,이탈리안,3.1,442,경기 성남시 분당구 판교역로 231 H스퀘어 S동 1층 101호,월~금 14:30 ~ 17:30,"월,화,수,목,금",14:30 ~ 17:30,50713871993.0,"//img1.kakaocdn.net/cthumb/local/C640x640.q50/?fname=http%3A%2F%2Ft1.daumcdn.net%2Fcfile%2F126FF7464FFA64F81D, //img1.kakaocdn.net/cthumb/local/C320x320.q50/?fname=http%3A%2F%2Ft1.daumcdn.net%2Fcfile%2F2021A2434FFA653F2C, //img1.kakaocdn.net/cthumb/local/C320x320.q50/?fname=http%3A%2F%2Ft1.daumcdn.net%2Flocalfiy%2F0EF2F3FE94A34CB38838C2F1EAD50271",주차,예약가능,False
04-05,세렌,이탈리안,3.8,300,경기 성남시 분당구 운중로188번길 11 1층,매일 15:00 ~ 17:30,"월,화,수,목,금,토,일",15:00 ~ 17:30,317090775.0,이미지 정보 없음,편의시설 정보 없음,유의사항 정보 없음,False
04-06,푸치니,이탈리안,4.2,52,경기 성남시 분당구 판교로25번길 6-3 1층,화~토 15:00 ~ 17:30,"화,수,목,금,토",15:00 ~ 17:30,317013398.0,이미지 정보 없음,편의시설 정보 없음,유의사항 정보 없음,False
04-07,오스테리아 워모잡,이탈리안,3.4,250,경기 성남시 분당구 판교공원로2길 40-1 1층,매일 15:00 ~ 17:30,"월,화,수,목,금,토,일",15:00 ~ 17:30,1030059541.0,"//img1.kakaocdn.net/cthumb/local/C640x640.q50/?fname=http%3A%2F%2Ft1.daumcdn.net%2Flocalfiy%2Fsearchregister_1876655045, //img1.kakaocdn.net/cthumb/local/C320x320.q50/?fname=http%3A%2F%2Ft1.daumcdn.net%2Flocalfiy%2FB7DA27DC93A54FCFB5D8279AF222FED1, //img1.kakaocdn.net/cthumb/local/C320x320.q50/?fname=http%3A%2F%2Ft1.daumcdn.net%2Fplace%2F4514A6591B97421DA0E1C0826AAC89EB",편의시설 정보 없음,유의사항 정보 없음,False
04-08,라그릴리아 판교점,이탈리안,4.2,112,경기 성남시 분당구 판교역로 166 카카오 판교 아지트 1층 17호,매일 11:30 ~ 21:00,"월,화,수,목,금,토,일",11:30 ~ 21:00,317070999.0,"//img1.kakaocdn.net/cthumb/local/C640x640.q50/?fname=http%3A%2F%2Ft1.kakaocdn.net%2Ffiy_reboot%2Fplace%2F1F79BCF05170474896655B1794C0CEC9, //img1.kakaocdn.net/cthumb/local/C320x320.q50/?fname=http%3A%2F%2Ft1.daumcdn.net%2Flocal%2FkakaomapPhoto%2Freview%2Fe8ff1fbe71bfe749a2aacc85cb99bb90a03ff10f%3Foriginal, //img1.kakaocdn.net/cthumb/local/C320x320.q50/?fname=http%3A%2F%2Ft1.daumcdn.net%2Flocal%2FkakaomapPhoto%2Freview%2Fdc1f7c8802c81ba74e7fe99125b3215a391914df%3Foriginal","WIFI
동물출입
주차
휠체어사용","예약가능, 배달불가, 포장가능",False
04-09,라스토리아1001,이탈리안,,266,경기 성남시 분당구 판교공원로3길 24 1층,수~일 11:00 ~ 21:00,"수,목,금,토,일",11:00 ~ 21:00,50255516969.0,"//img1.kakaocdn.net/cthumb/local/C640x640.q50/?fname=http%3A%2F%2Ft1.daumcdn.net%2Fplace%2F39CE7677E1224AB29BF7CABEBCC30EDB, //img1.kakaocdn.net/cthumb/local/C320x320.q50/?fname=https%3A%2F%2Fpostfiles.pstatic.net%2FMjAyNDEyMTRfNjEg%2FMDAxNzM0MTc1ODQ3Mzgz.gqAcdiiv1-4iRAdJPhUHXoDvLd2aR0MV4Mp-nCw7Of8g.uIpuMzCYiSmapuZHx8c3B0vXJ2a-i5tMDH6h9BT4_Pkg.JPEG%2FKakaoTalk_20241214_202300299_15.jpg%3Ftype%3Dw966, //img1.kakaocdn.net/cthumb/local/C320x320.q50/?fname=https%3A%2F%2Fpostfiles.pstatic.net%2FMjAyNDEyMTRfMjgz%2FMDAxNzM0MTc2MDE4NTI5.QoCGDS1BbdKIUfOhRHfRBT-dcVHLbMMRp4xjhmOm_4sg.kQe82WRIj3nKVNumCT8SETXGcdZotw96cdMwt12p5Fog.JPEG%2FIMG_7751.JPG%3Ftype%3Dw966","WIFI
동물출입
주차
휠체어사용
놀이방
흡연실","예약가능, 배달불가, 포장가능",False
04-10,이탈리 판교점,이탈리안,3.2,231,경기 성남시 분당구 판교역로146번길 20 현대백화점 지하1층,월~목 10:30 ~ 20:00,"월,화,수,목",10:30 ~ 20:00,3151701061.0,"//img1.kakaocdn.net/cthumb/local/C640x640.q50/?fname=http%3A%2F%2Ft1.daumcdn.net%2Fplace%2F69575383D004495694C62007A51D4955, //img1.kakaocdn.net/cthumb/local/C320x320.q50/?fname=http%3A%2F%2Ft1.daumcdn.net%2Flocal%2FkakaomapPhoto%2Freview%2F227f30d1c47269b0079b4a62155d537ef7b1fa77%3Foriginal, //img1.kakaocdn.net/cthumb/local/C320x320.q50/?fname=http%3A%2F%2Ft1.daumcdn.net%2Flocal%2FkakaomapPhoto%2Freview%2F5572427af547f6e729f170634f4ff19c70dde076%3Foriginal",주차,유의사항 정보 없음,False
04-11,베네쿠치,이탈리안,4.1,48,경기 성남시 분당구 운중로146번길 19 1층,화~금 11:30 ~ 21:30,"화,수,목,금",11:30 ~ 21:30,,"//img1.kakaocdn.net/cthumb/local/C640x640.q50/?fname=http%3A%2F%2Ft1.daumcdn.net%2Fplace%2F4EEFD72E8366454194DE7AE54DDCCDEC, //img1.kakaocdn.net/cthumb/local/C320x320.q50/?fname=http%3A%2F%2Ft1.daumcdn.net%2Flocal%2FkakaomapPhoto%2Freview%2Fc4a1bd15b2fe732ff21e56c5dbba2478bd3a5175%3Foriginal, //img1.kakaocdn.net/cthumb/local/C320x320.q50/?fname=http%3A%2F%2Ft1.daumcdn.net%2Flocal%2FkakaomapPhoto%2Freview%2Fd2b9e2eada92ef8e1ef05d79982ada7455ab143a%3Foriginal",주차,예약가능,False
04-12,피제리아 비니스,이탈리안,4.5,598,경기 성남시 분당구 판교공원로1길 70 1층,수~일 15:30 ~ 17:30,"수,목,금,토,일",15:30 ~ 17:30,317010345.0,"//img1.kakaocdn.net/cthumb/local/C640x640.q50/?fname=http%3A%2F%2Ft1.kakaocdn.net%2Fmystore%2F4947E278FE9F42A48071CA5B2AA09D1A, //img1.kakaocdn.net/cthumb/local/C320x320.q50/?fname=http%3A%2F%2Ft1.kakaocdn.net%2Fmystore%2F4F24E17D4342433191F323D574708619, //img1.kakaocdn.net/cthumb/local/C320x320.q50/?fname=http%3A%2F%2Ft1.kakaocdn.net%2Fmystore%2F4D222479C31A49AAA589F6A274A502CB",주차,유의사항 정보 없음,False
04-13,더플레이스 판교점,이탈리안,4.4,169,경기 성남시 분당구 동판교로177번길 25 1층,매일 10:00 ~ 22:00,"월,화,수,목,금,토,일",10:00 ~ 22:00,317010421.0,"//img1.kakaocdn.net/cthumb/local/C640x640.q50/?fname=http%3A%2F%2Ft1.kakaocdn.net%2Fmystore%2F786AA23600B3441790908105A95F1406, //img1.kakaocdn.net/cthumb/local/C320x320.q50/?fname=http%3A%2F%2Ft1.kakaocdn.net%2Fmystore%2FDF3E48C0E17543EEAA756F9929C282B2, //img1.kakaocdn.net/cthumb/local/C320x320.q50/?fname=http%3A%2F%2Ft1.kakaocdn.net%2Fmystore%2F05EFD500C2B442228BE3C3B833DF5ADA","WIFI
동물출입
주차
휠체어사용
흡연실","예약가능, 배달불가, 포장가능",False
04-14,메즈클라,이탈리안,3.9,0,경기 성남시 분당구 운중로146번길 35-1,화~일 15:00 ~ 17:30,"화,수,목,금,토,일",15:00 ~ 17:30,50713607544.0,"//img1.kakaocdn.net/cthumb/local/C640x640.q50/?fname=http%3A%2F%2Ft1.daumcdn.net%2Flocalfiy%2F1B86086D5B2B43AB88D371C1B0272AFB, //img1.kakaocdn.net/cthumb/local/C320x320.q50/?fname=http%3A%2F%2Ft1.daumcdn.net%2Flocalfiy%2FE587B85A321742268EC0B7C2C69D700D, //img1.kakaocdn.net/cthumb/local/C320x320.q50/?fname=http%3A%2F%2Ft1.daumcdn.net%2Flocal%2FkakaomapPhoto%2Freview%2Fa1edac375f7daf70bc24e2039390af1f77462f65%3Foriginal",주차,예약불가,False
04-15,에이치541,이탈리안,3.5,10,경기 성남시 분당구 판교역로146번길 20 현대백화점 판교점 9층,매일 10:30 ~ 21:30,"월,화,수,목,금,토,일",10:30 ~ 21:30,3151702541.0,"//img1.kakaocdn.net/cthumb/local/C640x640.q50/?fname=http%3A%2F%2Ft1.kakaocdn.net%2Ffiy_reboot%2Fplace%2F746BA92B638C4474BBC3794EF8C477CE, //img1.kakaocdn.net/cthumb/local/C320x320.q50/?fname=http%3A%2F%2Ft1.daumcdn.net%2Flocal%2FkakaomapPhoto%2Freview%2F0f4c9bb7b2f812da8438f55086fbb2d5d37ab459%3Foriginal, //img1.kakaocdn.net/cthumb/local/C320x320.q50/?fname=http%3A%2F%2Ft1.daumcdn.net%2Flocal%2FkakaomapPhoto%2Freview%2F05964b549291f601ac99b6759dc92828b49b3a8a%3Foriginal",주차,유의사항 정보 없음,False
04-16,체르또,이탈리안,4.6,23,경기 성남시 분당구 동판교로52번길 13-10 1층 102호,화~토 11:00 ~ 21:30,"화,수,목,금,토",11:00 ~ 21:30,50255501744.0,이미지 정보 없음,편의시설 정보 없음,유의사항 정보 없음,False
04-17,에이치이에이,이탈리안,5.0,467,경기 성남시 분당구 판교공원로1길 67 지하1층,매일 11:00 ~ 23:00,"월,화,수,목,금,토,일",11:00 ~ 23:00,317810122.0,이미지 정보 없음,편의시설 정보 없음,유의사항 정보 없음,False
04-18,더이탈리안클럽 판교테크원점,이탈리안,3.6,207,경기 성남시 분당구 분당내곡로 131 1층 5-2호,월~금 15:00 ~ 17:30,"월,화,수,목,금",15:00 ~ 17:30,,"//img1.kakaocdn.net/cthumb/local/C640x640.q50/?fname=http%3A%2F%2Ft1.daumcdn.net%2Fplace%2F4043FB44BB5E4E3D80938662F6213BF8, //img1.kakaocdn.net/cthumb/local/C320x320.q50/?fname=http%3A%2F%2Ft1.daumcdn.net%2Flocal%2FkakaomapPhoto%2Freview%2F6d6187b7f53e3deeb01626cfc0dd7e9d07877650%3Foriginal, //img1.kakaocdn.net/cthumb/local/C320x320.q50/?fname=http%3A%2F%2Ft1.daumcdn.net%2Flocal%2FkakaomapPhoto%2Freview%2F3269e3b72c8760d0edec5036c1aed3d08f285396%3Foriginal",주차,"예약가능, 포장가능",False
04-19,비스트로바이콘,이탈리안,4.3,18,경기 성남시 분당구 대왕판교로645번길 36 1층,월~금 11:00 ~ 21:00,"월,화,수,목,금",11:00 ~ 21:00,316068511.0,"//img1.kakaocdn.net/cthumb/local/C640x640.q50/?fname=http%3A%2F%2Ft1.daumcdn.net%2Fplace%2F72763F140BDE498D9F722FDC2784B312, //img1.kakaocdn.net/cthumb/local/C320x320.q50/?fname=https%3A%2F%2Fpostfiles.pstatic.net%2FMjAyNDExMjhfNTUg%2FMDAxNzMyNzg3NDgyMDkw.5gh8FCut0ESujYQTAQD1f9aoGCIxJRFFOg_WUDvQbEsg.O_siazouFjXkpbWcrQbdwf2EsNRQ--58btjVal-TytAg.JPEG%2FIMG_9807.JPG%3Ftype%3Dw966, //img1.kakaocdn.net/cthumb/local/C320x320.q50/?fname=https%3A%2F%2Fpostfiles.pstatic.net%2FMjAyNDExMjhfMTk3%2FMDAxNzMyNzg3NDgyMTMw.4sGphTUk6dPzF4yhUe86MkIWVl-8o75NSv-T-XLRjgEg.HilFQ3G7aQ5bRL9UwAMF-SI2K7qA84ity6apAV5mrUIg.JPEG%2FIMG_9806.JPG%3Ftype%3Dw966","WIFI
주차",유의사항 정보 없음,False
04-20,까사파스토,이탈리안,4.9,36,경기 성남시 분당구 판교역로10번길 14-5 1층 102호,화~토 10:30 ~ 21:00,"화,수,목,금,토",10:30 ~ 21:00,317269155.0,"//img1.kakaocdn.net/cthumb/local/C640x640.q50/?fname=http%3A%2F%2Ft1.daumcdn.net%2Fplace%2F28496E3046B94D6FA8752A8A5F55B711, //img1.kakaocdn.net/cthumb/local/C320x320.q50/?fname=http%3A%2F%2Ft1.kakaocdn.net%2Fmystore%2F93EE961CF25845BFA16730815711FFA1, //img1.kakaocdn.net/cthumb/local/C320x320.q50/?fname=http%3A%2F%2Ft1.kakaocdn.net%2Fmystore%2F5A48AAC82E2549269FD141594CC1EDB7","WIFI
동물출입
휠체어사용
놀이방
흡연실","예약가능, 배달가능, 포장가능",False
04-21,판교의하루일과,이탈리안,3.5,84,경기 성남시 분당구 분당내곡로 131 2층 11호,매일 11:30 ~ 24:00,"월,화,수,목,금,토,일",11:30 ~ 24:00,316017559.0,"//img1.kakaocdn.net/cthumb/local/C640x640.q50/?fname=http%3A%2F%2Ft1.daumcdn.net%2Fplace%2F13BAD30E2C204E13A2FD5664CD01DA9E, //img1.kakaocdn.net/cthumb/local/C320x320.q50/?fname=http%3A%2F%2Ft1.kakaocdn.net%2Ffiy_reboot%2Fplace%2FA3393900C4A54CDDB55B89064101DBD4, //img1.kakaocdn.net/cthumb/local/C320x320.q50/?fname=http%3A%2F%2Ft1.kakaocdn.net%2Ffiy_reboot%2Fplace%2F8521FF560A6147E194060691F2B9BCF4",주차,유의사항 정보 없음,False
04-22,구세뻬,이탈리안,3.6,4,경기 성남시 분당구 판교로33번길 21 1층,월~토 10:00 ~ 20:00,"월,화,수,목,금,토",10:00 ~ 20:00,,"//img1.kakaocdn.net/cthumb/local/C640x640.q50/?fname=http%3A%2F%2Ft1.daumcdn.net%2Fplace%2F7C8C223902534A3E985F4E2B6C5CD4B3, //img1.kakaocdn.net/cthumb/local/C320x320.q50/?fname=http%3A%2F%2Ft1.daumcdn.net%2Flocal%2FkakaomapPhoto%2Freview%2F16a6c2a13c63a726a9d6be2a2e0d49d759a677df%3Foriginal, //img1.kakaocdn.net/cthumb/local/C320x320.q50/?fname=http%3A%2F%2Ft1.daumcdn.net%2Flocal%2FkakaomapPhoto%2Freview%2F30ea745c59a93fca35d1c83d56fea4fed9213cac%3Foriginal",편의시설 정보 없음,유의사항 정보 없음,False
04-23,챠오바라이트,이탈리안,3.0,10,경기 성남시 분당구 대왕판교로 660 유스페이스1 1층 125호,월~금 11:30 ~ 10:00,"월,화,수,목,금",11:30 ~ 10:00,316284545.0,"//img1.kakaocdn.net/cthumb/local/C640x640.q50/?fname=http%3A%2F%2Ft1.daumcdn.net%2Fplace%2F1F92BD49C422488C9A002FB820DF3015, //img1.kakaocdn.net/cthumb/local/C320x320.q50/?fname=http%3A%2F%2Ft1.daumcdn.net%2Flocal%2FkakaomapPhoto%2Freview%2F9fbfd7190102004ccfbf66cd1a280eb6fd7c35ac%3Foriginal, //img1.kakaocdn.net/cthumb/local/C320x320.q50/?fname=http%3A%2F%2Ft1.daumcdn.net%2Flocal%2FkakaomapPhoto%2Freview%2F89a64dd1620fddf443ac14edc4de9f2d42957ead%3Foriginal",편의시설 정보 없음,유의사항 정보 없음,False
04-24,스너그,이탈리안,3.7,28,경기 성남시 분당구 운중로113번길 12-2 1층 101호,매일 10:00 ~ 22:00,"월,화,수,목,금,토,일",10:00 ~ 22:00,1072572055.0,이미지 정보 없음,편의시설 정보 없음,유의사항 정보 없음,False
04-25,더 키친 일뽀르노 현대백화점 판교점,이탈리안,3.8,87,경기 성남시 분당구 판교역로146번길 20 5층,매일 10:30 ~ 21:00,"월,화,수,목,금,토,일",10:30 ~ 21:00,3151701592.0,"//img1.kakaocdn.net/cthumb/local/C640x640.q50/?fname=http%3A%2F%2Ft1.kakaocdn.net%2Ffiy_reboot%2Fplace%2F343745CAEBD64500812E8E1182298A6D, //img1.kakaocdn.net/cthumb/local/C320x320.q50/?fname=http%3A%2F%2Ft1.kakaocdn.net%2Ffiy_reboot%2Fplace%2FC38BD0D9873B476A956843CA743B4593, //img1.kakaocdn.net/cthumb/local/C320x320.q50/?fname=http%3A%2F%2Ft1.kakaocdn.net%2Ffiy_reboot%2Fplace%2F765C1F0BF8224CF6A6BD9967271F70F6",편의시설 정보 없음,유의사항 정보 없음,False
04-26,라빌란치아 이탈리안음식전문점,이탈리안,4.8,2,경기 성남시 분당구 판교공원로2길 49 1층,월~토 11:00 ~ 22:00,"월,화,수,목,금,토",11:00 ~ 22:00,,"//img1.kakaocdn.net/cthumb/local/C640x640.q50/?fname=http%3A%2F%2Ft1.kakaocdn.net%2Ffiy_reboot%2Fplace%2FB8B7ED61E1EE4BDD81AAB4A4BA48C07A, //img1.kakaocdn.net/cthumb/local/C320x320.q50/?fname=http%3A%2F%2Ft1.daumcdn.net%2Flocal%2FkakaomapPhoto%2Freview%2F21070f93054d75e0d067e297ef03ad4abf0f4328%3Foriginal, //img1.kakaocdn.net/cthumb/local/C320x320.q50/?fname=http%3A%2F%2Ft1.daumcdn.net%2Flocal%2FkakaomapPhoto%2Freview%2Fc7125d22497f49187e4f7833b47c67700929a254%3Foriginal","WIFI
주차","예약가능, 배달가능, 포장가능",False
04-27,비스트로허디거디,이탈리안,5.0,0,경기 성남시 분당구 산운로32번길 14,,,,3180173214.0,이미지 정보 없음,편의시설 정보 없음,유의사항 정보 없음,False
04-28,빔스,이탈리안,4.5,0,경기 성남시 분당구 대왕판교로606번길 39 12층 1201호,,,,,이미지 정보 없음,편의시설 정보 없음,유의사항 정보 없음,False
04-29,105파스타 서판교점,이탈리안,4.2,3,경기 성남시 분당구 판교공원로5길 3 1층 102호,매일 11:30 ~ 22:00,"월,화,수,목,금,토,일",11:30 ~ 22:00,317070105.0,"//img1.kakaocdn.net/cthumb/local/C640x640.q50/?fname=http%3A%2F%2Ft1.kakaocdn.net%2Ffiy_reboot%2Fplace%2FFBFDE3E4606F4A44A32975398DB89F78, //img1.kakaocdn.net/cthumb/local/C320x320.q50/?fname=http%3A%2F%2Ft1.daumcdn.net%2Fplace%2F801522F204634C6F976A24498E46B3DC, //img1.kakaocdn.net/cthumb/local/C320x320.q50/?fname=https%3A%2F%2Fpostfiles.pstatic.net%2FMjAyNDAxMDRfMjMz%2FMDAxNzA0MzU3Mjk1MjY0.dxKQGxaoxyjb8q4y3ejbVkkvGgnVoMgNZ-cxUX_VRbwg.Caxf6oGOiWLt-W1zGqRDIECnLs955vEJchnoGxOjONUg.JPEG.nks9548%2FKakaoTalk_20240101_171514066_07.jpg%3Ftype%3Dw966",WIFI,포장가능,False
04-30,파토리아1964,이탈리안,2.9,0,경기 성남시 분당구 판교역로146번길 20 현대백화점 판교점 9층,,,,3151701938.0,"//img1.kakaocdn.net/cthumb/local/C640x640.q50/?fname=https%3A%2F%2Ft1.daumcdn.net%2Flocal%2Freview_placeapp%2FbtqqFYpNhUL_xXCLRfXbVKCztAYcy4HM60_img.jpg, //img1.kakaocdn.net/cthumb/local/C320x320.q50/?fname=http%3A%2F%2Ft1.daumcdn.net%2Flocal%2FkakaomapPhoto%2Freview%2Ffbf2fd47984d2cb19d9a9fd3cd82cca442a38708%3Foriginal, //img1.kakaocdn.net/cthumb/local/C320x320.q50/?fname=https%3A%2F%2Ft1.daumcdn.net%2Flocal%2Freview_placeapp%2FbtqqFYpNhUL_xXCLRfXbVKCztAYcy4HM60_img.jpg",편의시설 정보 없음,유의사항 정보 없음,False
04-31,오말리 판교점,이탈리안,0.0,0,경기 성남시 분당구 대왕판교로606번길 47,,,,316251232.0,이미지 정보 없음,편의시설 정보 없음,유의사항 정보 없음,False
04-32,라 피아디나,이탈리안,0.0,0,경기 성남시 분당구 판교역로146번길 20,,,,,이미지 정보 없음,편의시설 정보 없음,유의사항 정보 없음,False
04-33,레스토랑마고,이탈리안,4.2,161,경기 성남시 분당구 정자일로 230 동양파라곤 105동 지하 103호,매일 11:30 ~ 22:00,"월,화,수,목,금,토,일",11:30 ~ 22:00,1045260589.0,"//img1.kakaocdn.net/cthumb/local/C640x640.q50/?fname=http%3A%2F%2Ft1.kakaocdn.net%2Fmystore%2F707FB104E3E740049149D5890574DC53, //img1.kakaocdn.net/cthumb/local/C320x320.q50/?fname=http%3A%2F%2Ft1.kakaocdn.net%2Fmystore%2FDCB45A60450E49EE893CA7FA345B9588, //img1.kakaocdn.net/cthumb/local/C320x320.q50/?fname=http%3A%2F%2Ft1.kakaocdn.net%2Fmystore%2F9E2DB72075EC4402B53A1EFE68A25B09","WIFI
동물출입
주차
휠체어사용
흡연실","예약가능, 배달불가, 포장가능",False
04-34,메이빌 분당점,이탈리안,4.0,84,경기 성남시 분당구 서현로210번길 16 유성트윈프라자 2층,매일 11:30 ~ 21:30,"월,화,수,목,금,토,일",11:30 ~ 21:30,317054267.0,"//img1.kakaocdn.net/cthumb/local/C640x640.q50/?fname=http%3A%2F%2Ft1.daumcdn.net%2Fcfile%2F120EEA3B4F4D3B4B3A, //img1.kakaocdn.net/cthumb/local/C320x320.q50/?fname=http%3A%2F%2Ft1.daumcdn.net%2Fcfile%2F1810A33B4F4D3B4C30, //img1.kakaocdn.net/cthumb/local/C320x320.q50/?fname=http%3A%2F%2Ft1.daumcdn.net%2Fcfile%2F170A723B4F4D3B4B35","WIFI
동물출입
주차
휠체어사용
놀이방","예약가능, 배달불가, 포장가능",False
04-35,토브나인,이탈리안,4.1,95,"경기 성남시 수정구 사송로 56 1,2층",매일 10:30 ~ 21:00,"월,화,수,목,금,토,일",10:30 ~ 21:00,7088709990.0,"//img1.kakaocdn.net/cthumb/local/C640x640.q50/?fname=http%3A%2F%2Ft1.daumcdn.net%2Fplace%2FC530ADC96FA34CDAAA3F0602A32BAFC8, //img1.kakaocdn.net/cthumb/local/C320x320.q50/?fname=http%3A%2F%2Ft1.daumcdn.net%2Flocal%2FkakaomapPhoto%2Freview%2F6b957d5481a07fc1175973b3020487c835a116a1%3Foriginal, //img1.kakaocdn.net/cthumb/local/C320x320.q50/?fname=http%3A%2F%2Ft1.daumcdn.net%2Flocal%2FkakaomapPhoto%2Freview%2Fe9e0a4d5cde9e02da977f104330e2b3e1325b2b2%3Foriginal",주차,"예약가능, 포장가능",False
04-36,쏘렐라파스타 본점,이탈리안,3.8,33,경기 성남시 분당구 정자일로 177 인텔리지빌딩 상가 3층 306호,월~토 11:30 ~ 22:00,"월,화,수,목,금,토",11:30 ~ 22:00,317825882.0,"//img1.kakaocdn.net/cthumb/local/C640x640.q50/?fname=http%3A%2F%2Ft1.kakaocdn.net%2Fmystore%2F47106427CDA24658B3432CDAFCD72BDD, //img1.kakaocdn.net/cthumb/local/C320x320.q50/?fname=http%3A%2F%2Ft1.kakaocdn.net%2Fmystore%2F4956B7F2620241A8ADD7D739268B4DAD, //img1.kakaocdn.net/cthumb/local/C320x320.q50/?fname=http%3A%2F%2Ft1.kakaocdn.net%2Fmystore%2F7247EB9FB505446297426DACCFABAD41","WIFI
동물출입
주차
휠체어사용
놀이방
흡연실","예약가능, 배달가능, 포장가능",False
04-37,돈파스타,이탈리안,3.9,64,경기 성남시 분당구 황새울로342번길 11 금호리빙스텔 2층 201호,화~금 11:30 ~ 15:00,"화,수,목,금",11:30 ~ 15:00,317012155.0,"//img1.kakaocdn.net/cthumb/local/C640x640.q50/?fname=http%3A%2F%2Ft1.daumcdn.net%2Fplace%2F0C17366F3CB34212A31E75DB6DC3875D, //img1.kakaocdn.net/cthumb/local/C320x320.q50/?fname=http%3A%2F%2Ft1.daumcdn.net%2Flocal%2FkakaomapPhoto%2Freview%2F078f137727ebe39574f221905dfb77509cd4f752%3Foriginal, //img1.kakaocdn.net/cthumb/local/C320x320.q50/?fname=http%3A%2F%2Ft1.daumcdn.net%2Flocal%2FkakaomapPhoto%2Freview%2F63cb3ab0d0cad5f6acadb112727d6ed08fac508d%3Foriginal",주차,"예약가능, 배달불가, 포장가능",False
04-38,꼰떼넨떼,이탈리안,3.4,211,경기 성남시 분당구 정자일로 210 2단지 101호,매일 15:00 ~ 17:30,"월,화,수,목,금,토,일",15:00 ~ 17:30,317182777.0,"//img1.kakaocdn.net/cthumb/local/C640x640.q50/?fname=http%3A%2F%2Ft1.daumcdn.net%2Fplace%2F9CCEE664F0A1463AB8FC045A232CED25, //img1.kakaocdn.net/cthumb/local/C320x320.q50/?fname=http%3A%2F%2Ft1.daumcdn.net%2Flocal%2FkakaomapPhoto%2Freview%2F65dc0783a58dca762d246ed1728b865fba348e48%3Foriginal, //img1.kakaocdn.net/cthumb/local/C320x320.q50/?fname=http%3A%2F%2Ft1.daumcdn.net%2Flocal%2FkakaomapPhoto%2Freview%2Fe5652ed78cb77707af4f8834387372c4827c0e98%3Foriginal",주차,예약가능,False
04-39,롤링파스타 서현역점,이탈리안,4.4,184,경기 성남시 분당구 분당로53번길 14 서현프라자 2층,매일 11:00 ~ 21:00,"월,화,수,목,금,토,일",11:00 ~ 21:00,317073547.0,"//img1.kakaocdn.net/cthumb/local/C640x640.q50/?fname=http%3A%2F%2Ft1.kakaocdn.net%2Fmystore%2F7694B636D7424703AE6A46E67A81853F, //img1.kakaocdn.net/cthumb/local/C320x320.q50/?fname=http%3A%2F%2Ft1.daumcdn.net%2Flocalfiy%2Fsearchregister_1462799448, //img1.kakaocdn.net/cthumb/local/C320x320.q50/?fname=http%3A%2F%2Ft1.daumcdn.net%2Flocalfiy%2Fsearchregister_1629882925",주차,예약가능,False
04-40,투파인드피터 서현점,이탈리안,4.7,621,경기 성남시 분당구 황새울로360번길 26 4층 401호,매일 11:00 ~ 22:00,"월,화,수,목,금,토,일",11:00 ~ 22:00,317786263.0,"//img1.kakaocdn.net/cthumb/local/C640x640.q50/?fname=http%3A%2F%2Ft1.kakaocdn.net%2Fmystore%2F67AE650F1619491A878D29D12C4746FA, //img1.kakaocdn.net/cthumb/local/C320x320.q50/?fname=http%3A%2F%2Ft1.daumcdn.net%2Flocal%2FkakaomapPhoto%2Freview%2Fea7cfa97b02bbfb993c9469c328cde623dbf9265%3Foriginal, //img1.kakaocdn.net/cthumb/local/C320x320.q50/?fname=http%3A%2F%2Ft1.daumcdn.net%2Flocal%2FkakaomapPhoto%2Freview%2F06b0cfb6bb7ec3b85a162ba00c4b3145ce43182f%3Foriginal","WIFI
동물출입
주차","예약가능, 배달가능, 포장가능",False
04-41,다크앤라이트,이탈리안,4.5,162,경기 성남시 수정구 달래내로 252 2층,수~일 15:00 ~ 17:30,"수,목,금,토,일",15:00 ~ 17:30,317088730.0,"//img1.kakaocdn.net/cthumb/local/C640x640.q50/?fname=http%3A%2F%2Ft1.kakaocdn.net%2Fmystore%2FA05E4443344543A6BCB64C943479D6DC, //img1.kakaocdn.net/cthumb/local/C320x320.q50/?fname=http%3A%2F%2Ft1.kakaocdn.net%2Fmystore%2F59A905DAE0534BCC8F1A3F305C1E3AA5, //img1.kakaocdn.net/cthumb/local/C320x320.q50/?fname=http%3A%2F%2Ft1.kakaocdn.net%2Fmystore%2F6BC839C57AF44F5D908B8FFFAF661E37","WIFI
동물출입
주차
휠체어사용
놀이방
흡연실","예약가능, 배달불가, 포장불가",False
04-42,닐리파스타앤피자 정자역점,이탈리안,3.5,27,경기 성남시 분당구 정자일로 210 정자동양파라곤 1층 108호,매일 11:00 ~ 22:00,"월,화,수,목,금,토,일",11:00 ~ 22:00,317121944.0,"//img1.kakaocdn.net/cthumb/local/C640x640.q50/?fname=http%3A%2F%2Ft1.daumcdn.net%2Fplace%2F1E24C77122BA4FF7BB636EDC361FD990, //img1.kakaocdn.net/cthumb/local/C320x320.q50/?fname=http%3A%2F%2Ft1.daumcdn.net%2Flocal%2FkakaomapPhoto%2Freview%2F3ee1e95789139d160982de24e69979e9b93c0e79%3Foriginal, //img1.kakaocdn.net/cthumb/local/C320x320.q50/?fname=http%3A%2F%2Ft1.daumcdn.net%2Flocal%2FkakaomapPhoto%2Freview%2F35f63488ab73411bf387e3b2c4454a3b14c866f7%3Foriginal",주차,유의사항 정보 없음,False
04-43,몽델리부티크,이탈리안,3.6,222,경기 성남시 분당구 백현로 26 더블트리 바이힐튼호텔 판교 지하1층 2호,매일 10:00 ~ 22:00,"월,화,수,목,금,토,일",10:00 ~ 22:00,,"//img1.kakaocdn.net/cthumb/local/C640x640.q50/?fname=http%3A%2F%2Ft1.kakaocdn.net%2Ffiy_reboot%2Fplace%2FB5C33A1657384D3CA63BCF0D87D22B7B, //img1.kakaocdn.net/cthumb/local/C320x320.q50/?fname=http%3A%2F%2Ft1.kakaocdn.net%2Ffiy_reboot%2Fplace%2F2CBB025D55D149AFB9FB4A8D3652E50F, //img1.kakaocdn.net/cthumb/local/C320x320.q50/?fname=http%3A%2F%2Ft1.daumcdn.net%2Flocal%2FkakaomapPhoto%2Freview%2F09becc7235ae6a0f2f94a4fb3e1cb6c6303e6314%3Foriginal","WIFI
주차",포장가능,False
04-44,미츠스테이크 서현,이탈리안,4.4,121,경기 성남시 분당구 분당로53번길 11 서원플라자 5층,매일 11:30 ~ 22:00,"월,화,수,목,금,토,일",11:30 ~ 22:00,317086617.0,"//img1.kakaocdn.net/cthumb/local/C640x640.q50/?fname=http%3A%2F%2Ft1.kakaocdn.net%2Fmystore%2FAAD9752C70724FB9BCD98A7995700414, //img1.kakaocdn.net/cthumb/local/C320x320.q50/?fname=http%3A%2F%2Ft1.kakaocdn.net%2Fmystore%2FA51E4BC0BA494DE7BA9DBF99D5666CD2, //img1.kakaocdn.net/cthumb/local/C320x320.q50/?fname=http%3A%2F%2Ft1.kakaocdn.net%2Fmystore%2FA161C981174A4C3CAF8553144FB5264A","WIFI
동물출입
주차
휠체어사용
놀이방
흡연실","예약가능, 배달불가, 포장가능",False
04-45,라그릴리아 롯데백화점분당점,이탈리안,3.9,30,경기 성남시 분당구 황새울로200번길 45 1층,매일 10:30 ~ 21:00,"월,화,수,목,금,토,일",10:30 ~ 21:00,317382051.0,"//img1.kakaocdn.net/cthumb/local/C640x640.q50/?fname=http%3A%2F%2Ft1.daumcdn.net%2Fplace%2F1A1CBD23E0E945DBB9F22F3648649864, //img1.kakaocdn.net/cthumb/local/C320x320.q50/?fname=http%3A%2F%2Ft1.daumcdn.net%2Flocal%2FkakaomapPhoto%2Freview%2F57ba29ec70b76e49ab465fe4f62f8425cab0e0b6%3Foriginal, //img1.kakaocdn.net/cthumb/local/C320x320.q50/?fname=http%3A%2F%2Ft1.daumcdn.net%2Flocal%2FkakaomapPhoto%2Freview%2F8fd20522840747b53a405b9fdf82929fe6c2a321%3Foriginal",주차,"예약가능, 포장가능",False
04-46,스파게티스토리,이탈리안,3.3,10,경기 성남시 분당구 서현로210번길 16 1층,월~금 11:00 ~ 21:00,"월,화,수,목,금",11:00 ~ 21:00,7088352302.0,"//img1.kakaocdn.net/cthumb/local/C640x640.q50/?fname=http%3A%2F%2Ft1.daumcdn.net%2Fplace%2F329C8554E952426B97330878E2CFF2F3, //img1.kakaocdn.net/cthumb/local/C320x320.q50/?fname=http%3A%2F%2Ft1.daumcdn.net%2Flocal%2FkakaomapPhoto%2Freview%2F4d2fc3ed17c28538fb61e81b3a5970f65c3e9f60%3Foriginal, //img1.kakaocdn.net/cthumb/local/C320x320.q50/?fname=http%3A%2F%2Ft1.daumcdn.net%2Flocal%2FkakaomapPhoto%2Freview%2Fee0f6d34d48d84a2abe52599463a329098ca5412%3Foriginal",편의시설 정보 없음,유의사항 정보 없음,False
04-47,롤링파스타 분당정자점,이탈리안,3.8,1,경기 성남시 분당구 황새울로108번길 5 1층,매일 11:00 ~ 21:00,"월,화,수,목,금,토,일",11:00 ~ 21:00,317173547.0,"//img1.kakaocdn.net/cthumb/local/C640x640.q50/?fname=http%3A%2F%2Ft1.kakaocdn.net%2Ffiy_reboot%2Fplace%2F8AB16F3C73F34BE485455E82D55D3476, //img1.kakaocdn.net/cthumb/local/C320x320.q50/?fname=http%3A%2F%2Ft1.daumcdn.net%2Flocal%2FkakaomapPhoto%2Freview%2F31256ba087c5d0eb3935851e5c105a05552f2f9b%3Foriginal, //img1.kakaocdn.net/cthumb/local/C320x320.q50/?fname=http%3A%2F%2Ft1.daumcdn.net%2Fplace%2F90A4AD6619C24596838D193DF4D7D860","WIFI
동물출입
주차
휠체어사용
놀이방
흡연실","예약가능, 배달가능, 포장가능",False
04-48,파스타테이블,이탈리안,4.8,21,경기 성남시 분당구 분당로53번길 21 산호프라자 2층 207호,화~일 11:00 ~ 21:30,"화,수,목,금,토,일",11:00 ~ 21:30,50255502093.0,"//img1.kakaocdn.net/cthumb/local/C640x640.q50/?fname=http%3A%2F%2Ft1.kakaocdn.net%2Fmystore%2FFF5A3BCF88454BA491A6562584AF2988, //img1.kakaocdn.net/cthumb/local/C320x320.q50/?fname=http%3A%2F%2Ft1.kakaocdn.net%2Ffiy_reboot%2Fplace%2F7D37AC07299C478DB46F280696B24A0C, //img1.kakaocdn.net/cthumb/local/C320x320.q50/?fname=http%3A%2F%2Ft1.kakaocdn.net%2Fmystore%2F90B973F6B57443A585C6160FD5487159",주차,예약가능,False
04-49,105파스타,이탈리안,4.3,10,경기 성남시 분당구 양현로 126 1층,화~일 11:30 ~ 20:40,"화,수,목,금,토,일",11:30 ~ 20:40,317079105.0,"//img1.kakaocdn.net/cthumb/local/C640x640.q50/?fname=http%3A%2F%2Ft1.daumcdn.net%2Fplace%2F243D025A84764835A961E8F1BD291183, //img1.kakaocdn.net/cthumb/local/C320x320.q50/?fname=http%3A%2F%2Ft1.daumcdn.net%2Flocal%2FkakaomapPhoto%2Freview%2F0974201244ea684946f601ffdaf3e0b96e64bf66%3Foriginal, //img1.kakaocdn.net/cthumb/local/C320x320.q50/?fname=https%3A%2F%2Fpostfiles.pstatic.net%2FMjAyNDEyMDdfMTg0%2FMDAxNzMzNTgwMTcyNjE0.ojhuH8DhlLweLayhairQ8vmhZjFk3tw1RGP3SJ_WrAog.-PRfA2DKiOuFZVR6C6hFETqcLt_97ed9_NCQitzqrDgg.JPEG%2Foutput_2368262266.jpg%3Ftype%3Dw580",편의시설 정보 없음,유의사항 정보 없음,False
04-50,미태리 분당아름마을점,이탈리안,5.0,24,경기 성남시 분당구 판교로 441 남서울프라자 1층 110호,매일 11:00 ~ 21:00,"월,화,수,목,금,토,일",11:00 ~ 21:00,317037333.0,"//img1.kakaocdn.net/cthumb/local/C640x640.q50/?fname=http%3A%2F%2Ft1.kakaocdn.net%2Ffiy_reboot%2Fplace%2FEBFFDEC4863341F18DC628BFD68DD565, //img1.kakaocdn.net/cthumb/local/C320x320.q50/?fname=http%3A%2F%2Ft1.kakaocdn.net%2Ffiy_reboot%2Fplace%2F504013D3E17847538590A5AA457EF646, //img1.kakaocdn.net/cthumb/local/C320x320.q50/?fname=http%3A%2F%2Ft1.kakaocdn.net%2Ffiy_reboot%2Fplace%2F5DE7EB41FC234DB39D1C363F9416F3EA","WIFI
주차","예약가능, 포장가능",False
04-51,파스타마마 수내점,이탈리안,3.4,7,경기 성남시 분당구 백현로101번길 16 1층,월~금 10:00 ~ 20:00,"월,화,수,목,금",10:00 ~ 20:00,317123700.0,"//img1.kakaocdn.net/cthumb/local/C640x640.q50/?fname=http%3A%2F%2Ft1.kakaocdn.net%2Ffiy_reboot%2Fplace%2F7E36924152CC4397A4A6D5CF9D6880A8, //img1.kakaocdn.net/cthumb/local/C320x320.q50/?fname=http%3A%2F%2Ft1.daumcdn.net%2Flocal%2FkakaomapPhoto%2Freview%2F105a688f39154ea560a88035da471ba962bcfc3f%3Foriginal, //img1.kakaocdn.net/cthumb/local/C320x320.q50/?fname=https%3A%2F%2Fpostfiles.pstatic.net%2FMjAyMjA5MjNfMjE3%2FMDAxNjYzOTI4MzM0NDcz.9yAV477cvZNwPVdNuKgIRNgd3gVoC_DqA0WwNu05094g.xntd2LpZjUfsU6J7gQ5gbIgWyImEeAEWTrbJ5s3CUgkg.JPEG.alohalice%2FIMG_1334.JPG%3Ftype%3Dw966",편의시설 정보 없음,포장가능,False
04-52,라까사데파스타,이탈리안,4.7,0,경기 성남시 분당구 중앙공원로31번길 42,화~토 11:30 ~ 21:00,"화,수,목,금,토",11:30 ~ 21:00,1087418588.0,"//img1.kakaocdn.net/cthumb/local/C640x640.q50/?fname=http%3A%2F%2Ft1.kakaocdn.net%2Ffiy_reboot%2Fplace%2F5113D66CF2F243FEA8727FF2A48A080E, //img1.kakaocdn.net/cthumb/local/C320x320.q50/?fname=http%3A%2F%2Ft1.kakaocdn.net%2Ffiy_reboot%2Fplace%2F6FA21DA95DF34822B6D312D9601D47F8, //img1.kakaocdn.net/cthumb/local/C320x320.q50/?fname=http%3A%2F%2Ft1.kakaocdn.net%2Ffiy_reboot%2Fplace%2F056FCE2F8C09438CA45BB392B60D82CE",편의시설 정보 없음,유의사항 정보 없음,False
04-53,요녀석파스타 분당점,이탈리안,4.7,0,경기 성남시 분당구 느티로87번길 17 1층,"수,토 09:30 ~ 02:00","수,토",09:30 ~ 02:00,317126667.0,"//img1.kakaocdn.net/cthumb/local/C640x640.q50/?fname=http%3A%2F%2Ft1.daumcdn.net%2Flocal%2FkakaomapPhoto%2Freview%2F0f1c2c1064575b6fc86abab9aeafa77d8300de6e%3Foriginal, //img1.kakaocdn.net/cthumb/local/C320x320.q50/?fname=http%3A%2F%2Ft1.daumcdn.net%2Fplace%2FC783F148A7D84798840FA6957F2693E6, //img1.kakaocdn.net/cthumb/local/C320x320.q50/?fname=http%3A%2F%2Ft1.daumcdn.net%2Fplace%2F9D798A7752E3422A9C8C7F79AAA06DAD",편의시설 정보 없음,유의사항 정보 없음,False
04-54,몬테쿠치나,이탈리안,0.0,0,경기 성남시 분당구 안양판교로828번길 20,,,,3180160987.0,이미지 정보 없음,편의시설 정보 없음,유의사항 정보 없음,False
04-55,올데이파스타,이탈리안,0.0,0,경기 성남시 분당구 황새울로319번길 6 텍스타워 지하1층 B107호,,,,,"//img1.kakaocdn.net/cthumb/local/C640x640.q50/?fname=http%3A%2F%2Ft1.daumcdn.net%2Fplace%2F20AD0CD16AC6405A8D9EAA7845E737C7, //img1.kakaocdn.net/cthumb/local/C320x320.q50/?fname=http%3A%2F%2Ft1.daumcdn.net%2Fplace%2F1A2F14D9108B4290B000056BBCC4DF90, //img1.kakaocdn.net/cthumb/local/C320x320.q50/?fname=http%3A%2F%2Ft1.daumcdn.net%2Fplace%2F024728B80BF4468B9AB2DA720D9850C5",편의시설 정보 없음,유의사항 정보 없음,False
04-56,파스타어때,이탈리안,0.0,5,경기 성남시 분당구 백현로101번길 16 대덕프라자 지하1층 B102호,매일 00:00 ~ 24:00,"월,화,수,목,금,토,일",00:00 ~ 24:00,,"//img1.kakaocdn.net/cthumb/local/C640x640.q50/?fname=http%3A%2F%2Ft1.daumcdn.net%2Fplace%2F8BE7D5BE5D7F448F877F898436F9B8F8, //img1.kakaocdn.net/cthumb/local/C320x320.q50/?fname=http%3A%2F%2Ft1.daumcdn.net%2Fplace%2FD61D1C914DE747029CE31BB1039F2EC4, //img1.kakaocdn.net/cthumb/local/C320x320.q50/?fname=http%3A%2F%2Ft1.daumcdn.net%2Fplace%2FC3A77CB94AD04DEEA86ECB6A7BB37EF2",편의시설 정보 없음,유의사항 정보 없음,False
04-57,다리오42,이탈리안,0.0,4,경기 성남시 분당구 느티로51번길 8-3,화~일 11:00 ~ 23:00,"화,수,목,금,토,일",11:00 ~ 23:00,,"//img1.kakaocdn.net/cthumb/local/C640x640.q50/?fname=http%3A%2F%2Ft1.daumcdn.net%2Fplace%2F9BB4C0DFE677443987D5EFBCD627E32B, //img1.kakaocdn.net/cthumb/local/C320x320.q50/?fname=https%3A%2F%2Fpostfiles.pstatic.net%2FMjAyMzExMjRfMjUg%2FMDAxNzAwNzUzNjQzMjAy.NisVmH_yw5lgskYdtVI36POqwvukDu8BhC8hyl16o7Eg.9tuySf6DTtor-AQFGBJdEn7OTxNSybWwrMy9jcK4ygQg.JPEG.icekbs%2F1700753641814.jpg%3Ftype%3Dw966, //img1.kakaocdn.net/cthumb/local/C320x320.q50/?fname=https%3A%2F%2Fpostfiles.pstatic.net%2FMjAyMzExMjRfMjE2%2FMDAxNzAwNzUzNTkxNTQ1.BTKzPk3YptrWfdDSDUrEBWlmOOKWlcbtFQ7u3ty4kNcg.UcUfgCXJG1AJfBvLXNRFmK0wfVXQ61KuJCB-RwnvxGog.JPEG.icekbs%2F1700753589920.jpg%3Ftype%3Dw966",편의시설 정보 없음,유의사항 정보 없음,False
04-58,어퍼그레이 AK플라자 분당점,이탈리안,4.5,22,경기 성남시 분당구 황새울로360번길 42 7층,매일 11:00 ~ 20:30,"월,화,수,목,금,토,일",11:00 ~ 20:30,3180232700.0,"//img1.kakaocdn.net/cthumb/local/C640x640.q50/?fname=http%3A%2F%2Ft1.daumcdn.net%2Fplace%2FA55751036A4D4B428F668A35587D8D0B, //img1.kakaocdn.net/cthumb/local/C320x320.q50/?fname=http%3A%2F%2Ft1.daumcdn.net%2Flocal%2FkakaomapPhoto%2Freview%2Fa4bd832940cca1630829b00d56ee4edc94918d5d59c72cd552ad1050b530ff0f, //img1.kakaocdn.net/cthumb/local/C320x320.q50/?fname=https%3A%2F%2Fpostfiles.pstatic.net%2FMjAyNDA3MjRfMjEg%2FMDAxNzIxODAxMjM0NTk0.CfZ_eUiS9IkJBuEjjPrYJOkqkGSZijGXBpW2LIUhFhcg.CPbeKhTldtNZ1b5k3YWuO2Xeu2asAWBbSt6i1rdpLDwg.JPEG%2FSE-29b2c6cc-b3c5-4172-a3b7-c4b4996b78c7.jpg%3Ftype%3Dw773",편의시설 정보 없음,유의사항 정보 없음,False
04-59,미태리파스타 분당아름마을점,이탈리안,0.0,0,경기 성남시 분당구 판교로 441 남서울프라자 1층 110호,,,,,이미지 정보 없음,편의시설 정보 없음,유의사항 정보 없음,False
04-60,마리에뜨다이닝,이탈리안,0.0,0,경기 성남시 분당구 황새울로360번길 42,,,,,이미지 정보 없음,편의시설 정보 없음,유의사항 정보 없음,False
04-61,괴짜쉐프파스타,이탈리안,0.0,0,경기 성남시 분당구 내정로119번길 18 1층,매일 10:00 ~ 02:00,"월,화,수,목,금,토,일",10:00 ~ 02:00,,"//img1.kakaocdn.net/cthumb/local/C640x640.q50/?fname=http%3A%2F%2Ft1.daumcdn.net%2Fplace%2FF0D7FE62222541CDACE8A73A3A636F7A, //img1.kakaocdn.net/cthumb/local/C320x320.q50/?fname=http%3A%2F%2Ft1.daumcdn.net%2Fplace%2F2705D9558D3F4E71A13A2823736B777A, //img1.kakaocdn.net/cthumb/local/C320x320.q50/?fname=http%3A%2F%2Ft1.daumcdn.net%2Fplace%2F4957AEA293084DFE82483E90EBAE9AE8",편의시설 정보 없음,유의사항 정보 없음,False
04-62,파스타제면소,이탈리안,0.0,0,경기 성남시 분당구 백현로101번길 16,,,,7077754004.0,이미지 정보 없음,편의시설 정보 없음,유의사항 정보 없음,False
04-63,그릴러,이탈리안,0.0,0,경기 성남시 분당구 황새울로 315 대현빌딩 2층 205호,,,,,이미지 정보 없음,편의시설 정보 없음,유의사항 정보 없음,False
