﻿restaurant_id,menu_id,menu_name,price,is_deleted,is_active
01-01,1,참치오도로,67000,FALSE,TRUE
01-01,2,스시,27000,FALSE,TRUE
01-01,3,특스시,37000,FALSE,TRUE
01-01,4,런치스페셜A,47000,FALSE,TRUE
01-01,5,주말가족특선A,60000,FALSE,TRUE
01-01,6,양념갈비살구이 (330g),37000,FALSE,TRUE
01-01,7,회덮밥 정식,22000,FALSE,TRUE
01-01,8,모둠사시미(12p),32000,FALSE,TRUE
01-01,9,계절 생선탕/지리,24000,FALSE,TRUE
01-02,10,할통전복죽,25000,FALSE,TRUE
01-02,11,모둠사시미 (18PCS),50000,FALSE,TRUE
01-02,12,모둠해산물,20000,FALSE,TRUE
01-02,13,모둠튀김,30000,FALSE,TRUE
01-02,14,긴자 사사미 코스,68000,FALSE,TRUE
01-02,15,긴자 사사미 스페셜,90000,FALSE,TRUE
01-03,16,점심-회덮밥,11000,FALSE,TRUE
01-03,17,참치무한리필-VIP,90000,FALSE,TRUE
01-03,18,점심-대구탕,11000,FALSE,TRUE
01-03,19,참치무한리필-혼골드,120000,FALSE,TRUE
01-03,20,반반반초밥(+우동),20000,FALSE,TRUE
01-03,21,홍게라면,12000,FALSE,TRUE
01-03,22,대구지리,11000,FALSE,TRUE
01-03,23,참치일품초밥,27000,FALSE,TRUE
01-03,24,참치혼도로초밥,33000,FALSE,TRUE
01-03,25,점심-일반정식,23000,FALSE,TRUE
01-03,26,참치무한리필-대진,49000,FALSE,TRUE
01-03,27,참치무한리필-일품,59000,FALSE,TRUE
01-03,28,점심-특정식,28000,FALSE,TRUE
01-03,29,점심-혼마정식,40000,FALSE,TRUE
01-03,30,점심-폭탄회덮밥,15000,FALSE,TRUE
01-03,31,점심-알밥(+우동),11000,FALSE,TRUE
01-03,32,점심-알탕,11000,FALSE,TRUE
01-04,33,카이센동,20000,FALSE,TRUE
01-04,34,다이호시 카이센동,35000,FALSE,TRUE
01-04,35,사시미 (1인),30000,FALSE,TRUE
01-04,36,마구로동,35000,FALSE,TRUE
01-04,37,사케동,24000,FALSE,TRUE
01-04,38,사케이꾸라동,27000,FALSE,TRUE
01-04,39,마구로 우니동,45000,FALSE,TRUE
01-04,40,우니동,45000,FALSE,TRUE
01-04,41,우니이꾸라동,45000,FALSE,TRUE
01-05,42,규카츠 (180g),19000,FALSE,TRUE
01-05,43,일본식 오므라이스,14000,FALSE,TRUE
01-05,44,스테키 정식,19000,FALSE,TRUE
01-05,45,스테키 덮밥,19000,FALSE,TRUE
01-05,46,야마가타 민치카레,14000,FALSE,TRUE
01-05,47,우삼겹 덮밥,14000,FALSE,TRUE
01-05,48,에비카츠동,13000,FALSE,TRUE
01-05,49,니꾸온우동(계절메뉴),10000,FALSE,TRUE
01-05,50,냉소바(계절메뉴),10000,FALSE,TRUE
01-06,51,토시살 (1인분),18000,FALSE,TRUE
01-06,52,마늘갈비 (1인분),18000,FALSE,TRUE
01-06,53,초벌우대갈비 (1인분),28000,FALSE,TRUE
01-07,54,수제 돈가스,12000,FALSE,TRUE
01-07,55,치즈돈까스,14000,FALSE,TRUE
01-07,56,함박스테이크,15500,FALSE,TRUE
01-07,57,카레 돈가스,14000,FALSE,TRUE
01-07,58,고구마 치즈돈가스,15500,FALSE,TRUE
01-08,59,스시코스 (Lunch),45000,FALSE,TRUE
01-08,60,오마카세 (Lunch),60000,FALSE,TRUE
01-08,61,오마카세 (Dinner),90000,FALSE,TRUE
01-09,62,모듬초밥(10개),14900,FALSE,TRUE
01-09,63,좋아초밥(12개),17900,FALSE,TRUE
01-09,64,짱좋아초밥(14개),21900,FALSE,TRUE
01-09,65,연어초밥세트,20000,FALSE,TRUE
01-09,66,연어스테이크초밥세트,20000,FALSE,TRUE
01-09,67,광어초밥세트,21000,FALSE,TRUE
01-10,68,사시미,28000,FALSE,TRUE
01-10,69,특사시미,40000,FALSE,TRUE
01-10,70,광어 (1pcs),2500,FALSE,TRUE
01-10,71,광어지느러미 (1pcs),3000,FALSE,TRUE
01-10,72,농어 (1pcs),2500,FALSE,TRUE
01-10,73,런치 오마카세,40000,FALSE,TRUE
01-10,74,런치 사시미정식,28000,FALSE,TRUE
01-10,75,런치 스시정식,20000,FALSE,TRUE
01-10,76,오마카세,60000,FALSE,TRUE
01-10,77,스시오마카세,75000,FALSE,TRUE
01-10,78,모리아와세,85000,FALSE,TRUE
01-11,79,로스카츠,13000,FALSE,TRUE
01-11,80,히레카츠,14000,FALSE,TRUE
01-11,81,히레카츠나베,12000,FALSE,TRUE
01-11,82,로스카츠동,12000,FALSE,TRUE
01-11,83,정식2인세트,32000,FALSE,TRUE
01-11,84,2인맥주세트,22000,FALSE,TRUE
01-12,85,카이센동,22000,FALSE,TRUE
01-12,86,특선 카이센동,33000,FALSE,TRUE
01-12,87,특선 아부리동,25000,FALSE,TRUE
01-12,88,쯔께 카이센동,25000,FALSE,TRUE
01-12,89,혼마구로동,27000,FALSE,TRUE
01-12,90,혼마구로 우니동,39000,FALSE,TRUE
01-12,91,혼마구로 사케 이쿠라동,25000,FALSE,TRUE
01-12,92,민물장어 명란 사케동,25000,FALSE,TRUE
01-12,93,사케동,18000,FALSE,TRUE
01-12,94,사케 우니 이쿠라동,28000,FALSE,TRUE
01-12,95,우니 가니미소,9000,FALSE,TRUE
01-12,96,민물장어덮밥,29000,FALSE,TRUE
01-13,97,런치 초밥 (10p),11000,FALSE,TRUE
01-13,98,모듬 초밥 (12p),15000,FALSE,TRUE
01-13,99,판교 초밥 (12p),19000,FALSE,TRUE
01-13,100,판교 스페샬 (12p),30000,FALSE,TRUE
01-13,101,2인 초밥 세트,42000,FALSE,TRUE
01-13,102,어린이초밥 (8p),8000,FALSE,TRUE
01-14,103,실장추천참치,44000,FALSE,TRUE
01-14,104,점심메뉴) 특정식,28000,FALSE,TRUE
01-14,105,참치스페셜,36000,FALSE,TRUE
01-14,106,일품참치,57000,FALSE,TRUE
01-14,107,혼마구로,85000,FALSE,TRUE
01-14,108,혼마구로플러스,110000,FALSE,TRUE
01-15,109,카이센동,20000,FALSE,TRUE
01-15,110,스페셜 카이센동,28000,FALSE,TRUE
01-15,111,히카루 카이센동,38000,FALSE,TRUE
01-15,112,사케동,16000,FALSE,TRUE
01-15,113,사케 이꾸라동,24000,FALSE,TRUE
01-15,114,아부리 사케동,17000,FALSE,TRUE
01-16,115,광어,2000,FALSE,TRUE
01-16,116,엔가와,2000,FALSE,TRUE
01-16,117,민물장어,2000,FALSE,TRUE
01-16,118,아까미,2000,FALSE,TRUE
01-16,119,황새치,2000,FALSE,TRUE
01-16,120,연어,2000,FALSE,TRUE
01-16,121,연어&양파,2000,FALSE,TRUE
01-16,122,연어직화,2000,FALSE,TRUE
01-16,123,연어&갈릭,2000,FALSE,TRUE
01-16,124,왕새우직화,2000,FALSE,TRUE
01-16,125,새우장,2000,FALSE,TRUE
01-16,126,생새우,2000,FALSE,TRUE
01-16,127,대하직화,2000,FALSE,TRUE
01-16,128,대하&갈릭,2000,FALSE,TRUE
01-16,129,계란새우장,2000,FALSE,TRUE
01-17,130,런치,19000,FALSE,TRUE
01-17,131,디너,29000,FALSE,TRUE
01-18,132,규카츠 정식,14000,FALSE,TRUE
01-18,133,규카츠 타미고텐동 정식,15000,FALSE,TRUE
01-18,134,규카츠 카레 정식(매운카레),16000,FALSE,TRUE
01-18,135,규카츠 카레 정식(버터크림),16000,FALSE,TRUE
01-18,136,규카츠 점보 정식,21000,FALSE,TRUE
01-18,137,규카츠 타마고텐동 점보 정식,22000,FALSE,TRUE
01-18,138,규카츠 카레 점보 정식,23000,FALSE,TRUE
01-18,139,하이볼(얼그레이/토닉워터/진저에일),8000,FALSE,TRUE
01-18,140,추가 규카츠,9000,FALSE,TRUE
01-18,141,추가 카레,3000,FALSE,TRUE
01-18,142,추가 타마고텐동,2000,FALSE,TRUE
01-18,143,콜라,2000,FALSE,TRUE
01-18,144,제로콜라,2000,FALSE,TRUE
01-18,145,스프라이트,2000,FALSE,TRUE
01-18,146,테라 병맥주,5000,FALSE,TRUE
01-18,147,새로 소주,5000,FALSE,TRUE
01-19,148,원카키아게,7000,FALSE,TRUE
01-19,149,투카키아게,12000,FALSE,TRUE
01-19,150,새우 세븐카키아게,15000,FALSE,TRUE
01-19,151,카레라이스,9000,FALSE,TRUE
01-19,152,규카레라이스,10500,FALSE,TRUE
01-19,153,니꾸우동,10500,FALSE,TRUE
01-19,154,규카레우동,10500,FALSE,TRUE
01-19,155,덴푸라 우동,9500,FALSE,TRUE
01-19,156,덴푸라 냉우동,12000,FALSE,TRUE
01-19,157,카레우동,9000,FALSE,TRUE
01-19,158,에비텐 카레우동,10500,FALSE,TRUE
01-19,159,부타데리야끼덮밥,12000,FALSE,TRUE
01-19,160,에비텐 카레라이스,10500,FALSE,TRUE
01-19,161,덴푸라덮밥,9500,FALSE,TRUE
01-20,162,제주산 흑돈 로스가스,13000,FALSE,TRUE
01-20,163,코돈부르,11000,FALSE,TRUE
01-21,164,2~3인 제철 사시미,48000,FALSE,TRUE
01-21,165,남해안 문어숙회,28000,FALSE,TRUE
01-21,166,문어 세비체,28000,FALSE,TRUE
01-21,167,문어 삼겹보쌈,52000,FALSE,TRUE
01-21,168,문어 육회쌈,55000,FALSE,TRUE
01-21,169,경상도 암소 육회,32000,FALSE,TRUE
01-21,170,전복 새우 버터야끼,35000,FALSE,TRUE
01-21,171,석쇠불고기 떡볶이,29000,FALSE,TRUE
01-21,172,오징어순대와 명태회무침,28000,FALSE,TRUE
01-21,173,도미머리구이,30000,FALSE,TRUE
01-21,174,백합술찜,29000,FALSE,TRUE
01-21,175,생백합탕,32000,FALSE,TRUE
01-21,176,가마보코 어묵나베,24000,FALSE,TRUE
01-21,177,전복게우 파스타,28000,FALSE,TRUE
01-21,178,후토마키(한줄),32000,FALSE,TRUE
01-21,179,히라메 고노와다,38000,FALSE,TRUE
01-21,180,육회감태초밥10p,23000,FALSE,TRUE
01-21,181,날치알 회무침,38000,FALSE,TRUE
01-21,182,후토마키(반줄),18000,FALSE,TRUE
01-22,183,시오파이탄,10000,FALSE,TRUE
01-22,184,지로st라멘,13000,FALSE,TRUE
01-22,185,매운라멘,10500,FALSE,TRUE
01-22,186,쇼유파이탄,10000,FALSE,TRUE
01-22,187,쇼유라멘,9000,FALSE,TRUE
01-23,188,츠케살몬동,15000,FALSE,TRUE
01-23,189,타레고등어 구이,9500,FALSE,TRUE
01-23,190,네기시오살몬동,15000,FALSE,TRUE
01-25,191,점심정식,40000,FALSE,TRUE
01-27,192,미스터신 특선 생돈까스,9500,FALSE,TRUE
01-27,193,진짜 생돈까스,9000,FALSE,TRUE
01-27,194,따뜻한 우동,7000,FALSE,TRUE
01-27,195,해물 냄비 우동,9000,FALSE,TRUE
01-27,196,생선까스,11500,FALSE,TRUE
01-28,197,가오초밥 (11ea),16000,FALSE,TRUE
01-28,198,가오라멘,9500,FALSE,TRUE
01-28,199,감자고로케 (4ea),10000,FALSE,TRUE
01-28,200,장어 덮밥,17000,FALSE,TRUE
01-28,201,회 덮밥,15000,FALSE,TRUE
01-28,202,연어 덮밥,16000,FALSE,TRUE
01-29,203,기요항,15000,FALSE,TRUE
01-29,204,아부리동,17000,FALSE,TRUE
01-29,205,우니동,22000,FALSE,TRUE
01-29,206,가니동,22000,FALSE,TRUE
01-29,207,제이타쿠동,29000,FALSE,TRUE
01-29,208,이쿠라동,29000,FALSE,TRUE
01-29,209,젠우니동,35000,FALSE,TRUE
01-29,210,규동,12000,FALSE,TRUE
01-29,211,사시미,15000,FALSE,TRUE
01-30,212,런치오마카세,25000,FALSE,TRUE
01-30,213,디너오마카세,38000,FALSE,TRUE
01-31,214,모듬사시미(소),50000,FALSE,TRUE
01-31,215,모듬사시미(중),70000,FALSE,TRUE
01-31,216,성게알 단새우회,45000,FALSE,TRUE
01-31,217,해선안주 5종,60000,FALSE,TRUE
01-31,218,비프칠리 가지 라자냐,25000,FALSE,TRUE
01-31,219,와후 함박스테이크,30000,FALSE,TRUE
01-31,220,와후 감바스,28000,FALSE,TRUE
01-31,221,연어 아보카도 샐러드,28000,FALSE,TRUE
01-31,222,참치 아보카도 트러플오일 무침,32000,FALSE,TRUE
01-31,223,일본식 본로인 카츠,26000,FALSE,TRUE
01-31,224,시메사바 크림치즈 봉초밥,30000,FALSE,TRUE
01-31,225,토마토 해물나베,35000,FALSE,TRUE
01-31,226,스끼야끼 나베,38000,FALSE,TRUE
01-31,227,후토마끼(5pcs),22000,FALSE,TRUE
01-31,228,민물장어 숯불구이,50000,FALSE,TRUE
01-31,229,도미머리 소금구이,30000,FALSE,TRUE
01-31,230,은갈치 버섯말이구이,32000,FALSE,TRUE
01-31,231,아보카도와 참치 프로슈토 타다끼,35000,FALSE,TRUE
01-31,232,시메사바,30000,FALSE,TRUE
01-31,233,시이타케 카츠,28000,FALSE,TRUE
01-32,234,콤비까스,11500,FALSE,TRUE
01-32,235,로스(등심)까스,10000,FALSE,TRUE
01-32,236,히레(안심)까스,10000,FALSE,TRUE
01-32,237,생선까스,12000,FALSE,TRUE
01-32,238,카레돈까스,13000,FALSE,TRUE
01-34,239,카이센동,17000,FALSE,TRUE
01-35,240,흥도카츠,12000,FALSE,TRUE
01-35,241,히레카츠 정식,16000,FALSE,TRUE
01-35,242,로스카츠 정식,14000,FALSE,TRUE
01-35,243,상로스카츠 정식,17000,FALSE,TRUE
01-35,244,모듬카츠 정식,18000,FALSE,TRUE
01-35,245,로스카레,14000,FALSE,TRUE
01-35,246,히레카레,15000,FALSE,TRUE
01-35,247,흥도라멘,11000,FALSE,TRUE
01-35,248,흥도얼큰라멘,12000,FALSE,TRUE
01-35,249,유부미니우동,3000,FALSE,TRUE
01-36,250,코스 A 12종,35000,FALSE,TRUE
01-36,251,코스 B 8종,25000,FALSE,TRUE
01-36,252,다릿살,3000,FALSE,TRUE
01-36,253,윗날개,3000,FALSE,TRUE
01-36,254,염통,3000,FALSE,TRUE
01-36,255,모래집,3000,FALSE,TRUE
01-36,256,안쪽살,3000,FALSE,TRUE
01-36,257,옆구리껍질,3000,FALSE,TRUE
01-36,258,꼬리살,3500,FALSE,TRUE
01-36,259,다릿살 대파,3500,FALSE,TRUE
01-36,260,어깨살,3500,FALSE,TRUE
01-36,261,날개,4000,FALSE,TRUE
01-36,262,목살,4000,FALSE,TRUE
01-36,263,연골,4000,FALSE,TRUE
01-36,264,츠쿠네,4000,FALSE,TRUE
01-37,265,런치오마카세,60000,FALSE,TRUE
01-37,266,디너오마카세,100000,FALSE,TRUE
01-38,267,오마카세,0,FALSE,TRUE
01-40,268,런치 오마카세,60000,FALSE,TRUE
01-40,269,디너 오마카세,120000,FALSE,TRUE
01-41,270,우동정식,11000,FALSE,TRUE
01-41,271,돌솥카레정식,12000,FALSE,TRUE
01-41,272,카레라멘정식,12000,FALSE,TRUE
01-41,273,초밥정식,23000,FALSE,TRUE
01-41,274,우나동정식,20000,FALSE,TRUE
01-42,275,서호가스,14000,FALSE,TRUE
01-42,276,명성가스,12000,FALSE,TRUE
01-42,277,로스가스,10000,FALSE,TRUE
01-42,278,히레가스,11000,FALSE,TRUE
01-42,279,로스히레콤보,14000,FALSE,TRUE
01-43,280,와규눈꽃갈비,24000,FALSE,TRUE
01-43,281,와규살치살,23000,FALSE,TRUE
01-43,282,와규등심,21000,FALSE,TRUE
01-43,283,프라임갈빗살,15000,FALSE,TRUE
01-43,284,한우특상우설,25000,FALSE,TRUE
01-43,285,한우대창,15000,FALSE,TRUE
01-44,286,카소미야 정식,14000,FALSE,TRUE
01-45,287,돈카츠,10500,FALSE,TRUE
01-45,288,모짜렐라 치즈카츠,12900,FALSE,TRUE
01-45,289,체다치즈카츠,12900,FALSE,TRUE
01-45,290,오꼬노미카츠,12900,FALSE,TRUE
01-45,291,에비텐 모듬카츠,13900,FALSE,TRUE
01-45,292,치즈 모듬카츠,13900,FALSE,TRUE
01-45,293,냉소바,9500,FALSE,TRUE
01-45,294,자루소바,9500,FALSE,TRUE
01-45,295,냉소바+에비텐 (1개),12900,FALSE,TRUE
01-45,296,자루소비+에비텐 (1개),12900,FALSE,TRUE
01-45,297,냉소바+돈카츠,14500,FALSE,TRUE
01-45,298,자루소비+돈카츠,14500,FALSE,TRUE
01-45,299,마제소바,9900,FALSE,TRUE
01-45,300,마제소바+에비텐,13500,FALSE,TRUE
01-45,301,마제소바+돈카츠,14900,FALSE,TRUE
01-45,302,카라이마제소바,10500,FALSE,TRUE
01-45,303,카라이마제소바+에비텐,13900,FALSE,TRUE
01-45,304,카라이마제소바+돈카츠,15500,FALSE,TRUE
01-45,305,에비텐어묵우동,9900,FALSE,TRUE
01-45,306,에비텐어묵우동+돈카츠,14900,FALSE,TRUE
01-45,307,카라이에비텐어묵우통,10500,FALSE,TRUE
01-46,308,세이로무시 A 정식(1인),52000,FALSE,TRUE
01-46,309,세이로무시 B 정식(1인),65000,FALSE,TRUE
01-46,310,스키야키 정식(1인),93000,FALSE,TRUE
01-46,311,샤브 정식(1인),48000,FALSE,TRUE
01-46,312,세이로무시(중),72000,FALSE,TRUE
01-46,313,세이로무시(대),89000,FALSE,TRUE
01-47,314,가오초밥 (11ea),16000,FALSE,TRUE
01-47,315,가오라멘,9500,FALSE,TRUE
01-47,316,감자고로케 (4ea),10000,FALSE,TRUE
01-47,317,장어 덮밥,17000,FALSE,TRUE
01-47,318,회 덮밥,15000,FALSE,TRUE
01-47,319,연어 덮밥,16000,FALSE,TRUE
01-48,320,소코아카레,15000,FALSE,TRUE
01-48,321,에비카레,10000,FALSE,TRUE
01-48,322,반반카레,13000,FALSE,TRUE
01-48,323,토리카레,11000,FALSE,TRUE
01-48,324,키마카레,11000,FALSE,TRUE
01-48,325,소코연어동,15000,FALSE,TRUE
01-48,326,소코동,13000,FALSE,TRUE
01-48,327,소코카츠,13000,FALSE,TRUE
01-48,328,치킨치즈카츠,14000,FALSE,TRUE
01-48,329,소코치즈카츠,14900,FALSE,TRUE
01-48,330,아보카도새우냉우동,14000,FALSE,TRUE
01-48,331,아보카도연어냉우동,15000,FALSE,TRUE
01-48,332,아보카도비프냉우동,14000,FALSE,TRUE
01-48,333,마제카레우동,10000,FALSE,TRUE
01-48,334,온우동,10000,FALSE,TRUE
01-49,335,야끼도리동,22000,FALSE,TRUE
01-49,336,사케동,16000,FALSE,TRUE
01-49,337,스테끼동,18000,FALSE,TRUE
01-49,338,세세리동,13000,FALSE,TRUE
01-49,339,네기도로동,16000,FALSE,TRUE
01-49,340,후쿠오카에비스야갈비우동,16000,FALSE,TRUE
01-49,341,후쿠오카갈비우동,13000,FALSE,TRUE
01-51,342,생연어초밥(6P),9500,FALSE,TRUE
01-51,343,모듬초밥(10P),12000,FALSE,TRUE
01-51,344,모듬YOU,8900,FALSE,TRUE
01-51,345,생연어덮밥,9900,FALSE,TRUE
01-51,346,치킨크림파스타,13900,FALSE,TRUE
01-52,347,등심카츠,11900,FALSE,TRUE
01-52,348,안심카츠,12900,FALSE,TRUE
01-52,349,치즈카츠,12900,FALSE,TRUE
01-52,350,생선카츠,12900,FALSE,TRUE
01-52,351,등심+안심,13900,FALSE,TRUE
01-52,352,등심+생선,13900,FALSE,TRUE
01-52,353,등심+치즈,13900,FALSE,TRUE
01-52,354,안심+생선,13900,FALSE,TRUE
01-52,355,안심+치즈,13900,FALSE,TRUE
01-52,356,생선+치즈,13900,FALSE,TRUE
01-52,357,등심+안심+셍선,15900,FALSE,TRUE
01-52,358,등심+안심+치즈,15900,FALSE,TRUE
01-52,359,안심+생선+치즈,15900,FALSE,TRUE
01-52,360,등심+생선+치즈,15900,FALSE,TRUE
01-52,361,뜨끈즉석 우동 & 등심카츠,12900,FALSE,TRUE
01-52,362,뜨끈즉석 우동 & 안심카츠,12900,FALSE,TRUE
01-52,363,뜨끈즉석 우동 & 치즈카츠,12900,FALSE,TRUE
01-52,364,뜨끈즉석 우동 & 생선카츠,12900,FALSE,TRUE
01-52,365,뜨끈즉석 우동 & 등심+안심,13900,FALSE,TRUE
01-52,366,뜨끈즉석 우동 & 등심+생선,13900,FALSE,TRUE
01-53,367,등심돈가스세트,11000,FALSE,TRUE
01-53,368,듬뿍치즈돈가스세트,12000,FALSE,TRUE
01-53,369,매콤돈가스세트,11000,FALSE,TRUE
01-53,370,시원냉소바세트,11000,FALSE,TRUE
01-53,371,듬뿍치즈돈가스,9500,FALSE,TRUE
01-54,372,제주흑돼지 수제돈까스,13000,FALSE,TRUE
01-54,373,모짜치즈돈까스,15000,FALSE,TRUE
01-54,374,치킨가라아케카레,13000,FALSE,TRUE
01-54,375,돈까스카레,13000,FALSE,TRUE
01-54,376,냉우동 돈까스세트,12000,FALSE,TRUE
01-54,377,우동 새우튀김세트,12000,FALSE,TRUE
01-54,378,얼큰우동 유부초밥,12000,FALSE,TRUE
01-54,379,냉모밀 돈까스세트,12000,FALSE,TRUE
01-54,380,비빔모밀새우튀김,12000,FALSE,TRUE
01-54,381,후토마끼(5PCS),14000,FALSE,TRUE
01-54,382,후토마끼 냉모밀세트,21000,FALSE,TRUE
01-54,383,후토마끼 우동세트,21000,FALSE,TRUE
01-54,384,가츠동,11000,FALSE,TRUE
01-54,385,애배동,11000,FALSE,TRUE
01-54,386,믹스동,13000,FALSE,TRUE
01-54,387,연어국수세트,20000,FALSE,TRUE
01-54,388,연어덮밥,17000,FALSE,TRUE
01-54,389,참치회덮밥,17000,FALSE,TRUE
01-54,390,연어회초밥,17000,FALSE,TRUE
01-54,391,치킨가라아케,9000,FALSE,TRUE
01-57,392,연어초밥(10p),20000,FALSE,TRUE
01-57,393,광어초밥(10p),22000,FALSE,TRUE
01-57,394,장어초밥(10p),26000,FALSE,TRUE
01-57,395,소고기초밥(10p),20000,FALSE,TRUE
01-57,396,갈릭치즈새우초밥(10p),21000,FALSE,TRUE
01-57,397,초밥우동,13000,FALSE,TRUE
01-57,398,매콤비빔면,15000,FALSE,TRUE
01-57,399,모듬초밥(12p),17000,FALSE,TRUE
01-57,400,후토마끼(8p),25000,FALSE,TRUE
01-57,401,혼술사시미(12p),25000,FALSE,TRUE
01-57,402,광어사시미(20p),45000,FALSE,TRUE
01-57,403,연어사시미(20p),40000,FALSE,TRUE
01-57,404,모듬사시미(20p),45000,FALSE,TRUE
01-57,405,참다랑어오도로(10p),50000,FALSE,TRUE
01-57,406,계절사시미 (20p),60000,FALSE,TRUE
01-57,407,광어(5p)+연어(5p),21000,FALSE,TRUE
01-57,408,광어(5p)+간장새우(5p),24000,FALSE,TRUE
01-57,409,연어(5p)+갈릭새우(5p),21000,FALSE,TRUE
01-57,410,연어(5p)+소고기(5p),21000,FALSE,TRUE
01-57,411,회덮밥,12000,FALSE,TRUE
01-57,412,광어회덮밥,19000,FALSE,TRUE
01-59,413,1人 사시미,22000,FALSE,TRUE
01-59,414,후토마키,20000,FALSE,TRUE
01-59,415,마파두부,16000,FALSE,TRUE
01-59,416,야키소바,15000,FALSE,TRUE
01-59,417,참치마키 (반 줄),18000,FALSE,TRUE
01-59,418,사케동,15000,FALSE,TRUE
01-59,419,로스카츠,12000,FALSE,TRUE
01-59,420,가라아게동,10000,FALSE,TRUE
01-59,421,명란구이,15000,FALSE,TRUE
01-59,422,시샤모 덴뿌라,9000,FALSE,TRUE
01-59,423,사와라 레아 후라이,12000,FALSE,TRUE
01-59,424,멘치카츠,12000,FALSE,TRUE
01-59,425,오뎅 모리아 와세,20000,FALSE,TRUE
01-59,426,시메사바 보우즈시,25000,FALSE,TRUE
01-59,427,교자,7000,FALSE,TRUE
01-59,428,하무캬베츠,6000,FALSE,TRUE
01-59,429,모츠나베,24000,FALSE,TRUE
01-59,430,치킨 가라아게,12000,FALSE,TRUE
01-61,431,매콤돈까스,9000,FALSE,TRUE
01-61,432,달달돈까스,9000,FALSE,TRUE
01-61,433,물냉면,7000,FALSE,TRUE
01-61,434,매운돈까스,9000,FALSE,TRUE
01-61,435,새우까스(새우8),10000,FALSE,TRUE
01-61,436,반반돈까스(돈1새우4),10000,FALSE,TRUE
01-61,437,비냉면,7000,FALSE,TRUE
01-61,438,돈물냉면,10500,FALSE,TRUE
01-61,439,돈비냉면,10500,FALSE,TRUE
01-61,440,철판김치돈까스나베,9000,FALSE,TRUE
01-61,441,철판치즈돈까스나베,10000,FALSE,TRUE
01-61,442,소유라멘+돈까스,10500,FALSE,TRUE
01-61,443,사골온면+돈까스,10500,FALSE,TRUE
01-61,444,미소라멘돈까스,10500,FALSE,TRUE
01-61,445,비빔국수+돈까스,11000,FALSE,TRUE
01-61,446,단품사골온면,7000,FALSE,TRUE
01-61,447,단품쇼유라멘,7000,FALSE,TRUE
01-61,448,단품비빔국수,7000,FALSE,TRUE
01-62,449,지라시스시,35000,FALSE,TRUE
01-62,450,광어회덮밥,30000,FALSE,TRUE
01-62,451,생대구탕,28000,FALSE,TRUE
01-62,452,도미머리조림,34000,FALSE,TRUE
01-62,453,메로된장구이,38000,FALSE,TRUE
01-63,454,쥬와리 자루소바,14000,FALSE,TRUE
01-63,455,모듬가츠,18000,FALSE,TRUE
01-63,456,다누끼 소바,15000,FALSE,TRUE
01-63,457,가케 온소바,15000,FALSE,TRUE
01-63,458,히야시소바,16000,FALSE,TRUE
01-63,459,돈/치킨가츠,13000,FALSE,TRUE
01-65,460,런치 오마카세,70000,FALSE,TRUE
01-65,461,디너 오마카세,150000,FALSE,TRUE
01-66,462,프리미엄 애플망고빙수,15000,FALSE,TRUE
01-66,463,아이스크림/생크림 크로와플,7900,FALSE,TRUE
01-66,464,아메리카노 (M),4800,FALSE,TRUE
01-66,465,카페라떼 (M),5300,FALSE,TRUE
01-66,466,바닐라/헤이즐넛 라떼 (M),5800,FALSE,TRUE
01-67,467,고쿠텐동,13000,FALSE,TRUE
01-67,468,새우텐동,15000,FALSE,TRUE
01-67,469,장어텐동,18000,FALSE,TRUE
01-67,470,로우텐동,11000,FALSE,TRUE
01-67,471,유자토마토,3000,FALSE,TRUE
01-68,472,수제 등심 돈까스,10000,FALSE,TRUE
01-68,473,진가와 스페셜 우동,15000,FALSE,TRUE
01-68,474,자루 소면,8000,FALSE,TRUE
01-68,475,냉 소면,9000,FALSE,TRUE
01-68,476,카케 우동,8000,FALSE,TRUE
01-70,477,등심 돈카츠,16000,FALSE,TRUE
01-70,478,안심 돈카츠,17000,FALSE,TRUE
01-70,479,치킨카츠,16000,FALSE,TRUE
01-70,480,등심+안심돈카츠,19000,FALSE,TRUE
01-70,481,스페셜등심돈카츠,21000,FALSE,TRUE
01-70,482,믹스카츠,25000,FALSE,TRUE
01-72,483,트리플 스테이크,15800,FALSE,TRUE
01-72,484,대창 덮밥,12500,FALSE,TRUE
01-72,485,400 스테이크 덮밥 (하루 7그릇 한정),15200,FALSE,TRUE
01-72,486,가정식 스테이크 구첩 반상(한정메뉴),15900,FALSE,TRUE
01-72,487,곱창 가정식 스테이크(한정메뉴),18700,FALSE,TRUE
01-72,488,곱창 대창 덮밥 (곱대),13900,FALSE,TRUE
01-72,489,가정식 부챗살 스테이크,14800,FALSE,TRUE
01-72,490,미도인 가정식 스테이크,13800,FALSE,TRUE
01-72,491,화산 불백 덮밥,9300,FALSE,TRUE
01-72,492,미도인 스테이크 덮밥,10500,FALSE,TRUE
01-72,493,대창 큐브 스테이크 덮밥,14800,FALSE,TRUE
01-72,494,곱창 대창 큐브스테이크 덮밥 (한정메뉴),16800,FALSE,TRUE
01-72,495,청두 사천 탄탄멘,8800,FALSE,TRUE
01-72,496,미도인 곱창 라멘 (한정메뉴),12800,FALSE,TRUE
01-72,497,미도인 우실장 떡볶이,9500,FALSE,TRUE
01-72,498,미도인 곱창 떡볶이 (한정메뉴),13900,FALSE,TRUE
01-72,499,새우 로제 생면 파스타,13800,FALSE,TRUE
01-72,500,명란 크림 파스타,12800,FALSE,TRUE
01-72,501,바질크림 새우파스타,14800,FALSE,TRUE
01-72,502,미도인 마제소바 / 곱대 마제소바,0,FALSE,TRUE
01-73,503,히라우치 우동,13000,FALSE,TRUE
01-73,504,애비 히라우치 우동,16800,FALSE,TRUE
01-73,505,아나고 히라우치 우동,18800,FALSE,TRUE
01-74,506,돈코츠라멘,8000,FALSE,TRUE
01-74,507,카라 돈코츠라멘,8500,FALSE,TRUE
01-74,508,차슈덮밥,8500,FALSE,TRUE
01-74,509,마제소바,9000,FALSE,TRUE
01-74,510,냉라면,8000,FALSE,TRUE
01-74,511,미소라멘,8000,FALSE,TRUE
01-75,512,차슈 시오라멘,10000,FALSE,TRUE
01-76,513,정직유부,4500,FALSE,TRUE
01-76,514,비빔막국수,6500,FALSE,TRUE
01-76,515,물비빔막국수,7000,FALSE,TRUE
01-76,516,참치마요유부,5600,FALSE,TRUE
01-76,517,볶음김치유부,5600,FALSE,TRUE
01-76,518,불고기유부,5600,FALSE,TRUE
01-76,519,에그유부,5600,FALSE,TRUE
01-76,520,크래미와사마요유부,5600,FALSE,TRUE
01-76,521,닭갈비유부,5600,FALSE,TRUE
01-76,522,매콤참치유부,5600,FALSE,TRUE
01-76,523,시그니처 8종 모둠세트,12500,FALSE,TRUE
01-76,524,정직냉모밀,6500,FALSE,TRUE
01-76,525,삼겹비빔면,5200,FALSE,TRUE
01-76,526,순두부우동,6200,FALSE,TRUE
01-76,527,정직우동,5000,FALSE,TRUE
01-76,528,정직라면,4000,FALSE,TRUE
01-76,529,참깨두계면,6200,FALSE,TRUE
01-76,530,정직우볶이,3900,FALSE,TRUE
01-76,531,닭곰탕우동,6200,FALSE,TRUE
01-77,532,오리지날라멘,9500,FALSE,TRUE
01-77,533,차슈덮밥,9000,FALSE,TRUE
01-77,534,메운라멘,10000,FALSE,TRUE
01-77,535,튀김왕교자,5500,FALSE,TRUE
01-77,536,치킨가라아게(5p),4500,FALSE,TRUE
01-78,537,츠케맨 (M),10000,FALSE,TRUE
01-78,538,매운츠케맨 (M),10000,FALSE,TRUE
01-78,539,신라멘,10000,FALSE,TRUE
01-78,540,돈코츠라멘,10000,FALSE,TRUE
01-78,541,바질라멘,11000,FALSE,TRUE
01-78,542,츠케맨 (L),11000,FALSE,TRUE
01-78,543,매운츠케맨 (L),11000,FALSE,TRUE
01-79,544,쫄면,7000,FALSE,TRUE
01-79,545,치즈돈까스,11000,FALSE,TRUE
01-79,546,경양식돈까스,9000,FALSE,TRUE
01-79,547,돈까스오므라이스,9500,FALSE,TRUE
01-79,548,돈까스김치나베,9000,FALSE,TRUE
01-79,549,모체모체돈까스,11000,FALSE,TRUE
01-79,550,김치떡,10500,FALSE,TRUE
01-81,551,와규&블랙타이거 테판,39000,FALSE,TRUE
01-81,552,토리모모 테판,29000,FALSE,TRUE
01-81,553,스페셜치즈오꼬노미야끼,21000,FALSE,TRUE
01-81,554,얼큰해물나베,32000,FALSE,TRUE
01-81,555,스지오뎅나베,31000,FALSE,TRUE
01-81,556,스테이크벤또,15000,FALSE,TRUE
01-81,557,카츠벤또,12000,FALSE,TRUE
01-81,558,모듬사시미,54000,FALSE,TRUE
01-81,559,호르몬(대창)테판,34000,FALSE,TRUE
01-81,560,야끼소바,18000,FALSE,TRUE
01-81,561,차슈벤또,12000,FALSE,TRUE
01-81,562,와사비마요새우튀김,25000,FALSE,TRUE
01-81,563,치킨가라아게,25000,FALSE,TRUE
01-81,564,오징어먹물가라아게,25000,FALSE,TRUE
01-81,565,모찌리도후&아마구로미,15000,FALSE,TRUE
01-81,566,산토리하이볼,9000,FALSE,TRUE
01-84,567,본가실속세트,22000,FALSE,TRUE
01-84,568,참치회덮밥,13000,FALSE,TRUE
01-84,569,연어회덮밥,15000,FALSE,TRUE
01-84,570,장어덮밥,16000,FALSE,TRUE
01-84,571,활어회덮밥,18000,FALSE,TRUE
01-84,572,미니우동,5000,FALSE,TRUE
01-85,573,백두산초밥,25900,FALSE,TRUE
01-85,574,한라산초밥,16900,FALSE,TRUE
01-85,575,지리산초밥,12900,FALSE,TRUE
01-85,576,회덮밥,9900,FALSE,TRUE
01-85,577,연어덮밥,15500,FALSE,TRUE
01-85,578,장어덮밥,19900,FALSE,TRUE
01-85,579,사누끼우동,7000,FALSE,TRUE
01-85,580,냉모밀,7500,FALSE,TRUE
01-85,581,탄산음료,2000,FALSE,TRUE
01-85,582,레몬에이드,3500,FALSE,TRUE
01-86,583,(혼키시그니처)돈코츠라멘,11000,FALSE,TRUE
01-86,584,(오사카)탄탄멘,11010,FALSE,TRUE
01-86,585,카라이라멘,11000,FALSE,TRUE
01-86,586,쇼유탕멘,11000,FALSE,TRUE
01-86,587,야끼도리동,12000,FALSE,TRUE
01-86,588,차슈동,15000,FALSE,TRUE
01-86,589,치킨가라아게(3p),3000,FALSE,TRUE
01-87,590,특상 한우 스키야키 코스(런치),60000,FALSE,TRUE
01-87,591,특상 한우 스키야키 코스(디너),135000,FALSE,TRUE
01-88,592,김치나베,14000,FALSE,TRUE
01-88,593,카레우동,15000,FALSE,TRUE
01-88,594,얼큰해장나베,13000,FALSE,TRUE
01-88,595,히레카츠(안심),16000,FALSE,TRUE
01-88,596,로스카츠(등심),15000,FALSE,TRUE
01-88,597,치즈카츠,17000,FALSE,TRUE
01-88,598,생선카츠,17000,FALSE,TRUE
01-88,599,로스+히레카츠,15000,FALSE,TRUE
01-88,600,히레+생선카츠,17000,FALSE,TRUE
01-88,601,로스+생선카츠,16000,FALSE,TRUE
01-88,602,히레+새우카츠,19000,FALSE,TRUE
01-88,603,로스+새우카츠,18000,FALSE,TRUE
01-88,604,카츠동,12000,FALSE,TRUE
01-88,605,에비동,14000,FALSE,TRUE
01-88,606,우나기동,21000,FALSE,TRUE
01-88,607,카레동,12000,FALSE,TRUE
01-88,608,믹스동,13000,FALSE,TRUE
01-88,609,돈코츠라멘,12000,FALSE,TRUE
01-88,610,탄탄멘,12000,FALSE,TRUE
01-88,611,가쯔오우동,10000,FALSE,TRUE
01-89,612,스시,10000,FALSE,TRUE
01-91,613,루비떡볶이,4800,FALSE,TRUE
01-91,614,소시지김밥,5200,FALSE,TRUE
01-91,615,참치마요 유부초밥,2000,FALSE,TRUE
01-91,616,바질소바,8500,FALSE,TRUE
01-91,617,갈비치킨 유부초밥,2500,FALSE,TRUE
01-93,618,연어덮밥,13900,FALSE,TRUE
01-93,619,연어&아보카도덮밥,11900,FALSE,TRUE
01-93,620,명란마요 스팸+아보카도 덮밥,11900,FALSE,TRUE
01-93,621,대게내장덮밥,10900,FALSE,TRUE
01-94,622,숙성 사시미,40000,FALSE,TRUE
01-94,623,금태 사시미,35000,FALSE,TRUE
01-94,624,고등어 사시미,20000,FALSE,TRUE
01-94,625,시메사바 보우즈시,24000,FALSE,TRUE
01-94,626,스시 12pcs,22000,FALSE,TRUE
01-94,627,우니 단새우 관자,45000,FALSE,TRUE
01-94,628,후토마끼,30000,FALSE,TRUE
01-94,629,카니미소 파스타,18000,FALSE,TRUE
01-94,630,전복 내장 파스타,18000,FALSE,TRUE
01-94,631,브리치즈 후라이,16000,FALSE,TRUE
01-94,632,모츠나베,30000,FALSE,TRUE
01-94,633,제철 조개 술찜,24000,FALSE,TRUE
01-94,634,가지볶음,13000,FALSE,TRUE
01-94,635,모듬 초밥 (8pcs) (점심메뉴),15000,FALSE,TRUE
01-94,636,고등어 봉초밥 (half) (점심메뉴),12000,FALSE,TRUE
01-94,637,연어 초밥 (10pcs) (점심메뉴),21000,FALSE,TRUE
01-94,638,광어초밥 (10pcs) (점심메뉴),22000,FALSE,TRUE
01-94,639,도미초밥 (10pcs) (점심메뉴),22000,FALSE,TRUE
01-98,640,텐붓가케우동,14500,FALSE,TRUE
01-98,641,등심돈까스정식,14000,FALSE,TRUE
01-98,642,치즈돈까스정식,16000,FALSE,TRUE
01-98,643,붓가케우동,10500,FALSE,TRUE
01-98,644,자루우동,11000,FALSE,TRUE
01-98,645,명란크림우동,14500,FALSE,TRUE
01-98,646,명란버터우동,13000,FALSE,TRUE
01-98,647,가케우동,8500,FALSE,TRUE
01-98,648,유부우동,10000,FALSE,TRUE
01-98,649,후토마끼반줄,14000,FALSE,TRUE
01-98,650,유부초밥,6000,FALSE,TRUE
01-98,651,가라아게,9000,FALSE,TRUE
01-98,652,모듬튀김,5000,FALSE,TRUE
01-99,653,울트라아멘,13500,FALSE,TRUE
01-99,654,돈코츠 소유라아멘,10000,FALSE,TRUE
01-99,655,돈코츠 미소라아멘,10000,FALSE,TRUE
01-99,656,특제 마제소바,11000,FALSE,TRUE
01-99,657,돈코츠 시오라아멘,10000,FALSE,TRUE
01-99,658,멘타이코멘,11000,FALSE,TRUE
01-99,659,쿠로시오라아멘,11000,FALSE,TRUE
01-99,660,츠케멘,11500,FALSE,TRUE
01-99,661,탄탄멘,10000,FALSE,TRUE
01-99,662,울트라동,13500,FALSE,TRUE
01-99,663,큐슈 규동,10500,FALSE,TRUE
01-99,664,가라아게동,10000,FALSE,TRUE
01-99,665,가라아게 카레,10500,FALSE,TRUE
01-99,666,카츠동,11500,FALSE,TRUE
01-99,667,가쓰오 멘타이코통,11500,FALSE,TRUE
01-99,668,차슈동,11000,FALSE,TRUE
01-99,669,고로케 카레,10500,FALSE,TRUE
01-99,670,돈까스 카레,11500,FALSE,TRUE
01-100,671,마제소바(기본),10000,FALSE,TRUE
01-100,672,마제소바(매운맛),11000,FALSE,TRUE
01-100,673,하츠마부시,32000,FALSE,TRUE
01-100,674,로스카츠정식,14000,FALSE,TRUE
01-100,675,키마카레,10000,FALSE,TRUE
01-101,676,효카츠,11000,FALSE,TRUE
01-101,677,콤보카츠,12000,FALSE,TRUE
01-101,678,로스카츠,10000,FALSE,TRUE
01-101,679,히레카츠,11000,FALSE,TRUE
01-101,680,치즈카츠,12000,FALSE,TRUE
01-101,681,유부우동,7500,FALSE,TRUE
01-101,682,냉모밀&돈카츠 세트,12000,FALSE,TRUE
01-101,683,유부우동&돈가츠 세트,10500,FALSE,TRUE
01-102,684,히쯔마부시(특),57000,FALSE,TRUE
01-102,685,히쯔마부시(보통),39500,FALSE,TRUE
01-102,686,히쯔마부시(미니),25000,FALSE,TRUE
01-102,687,우나쥬(특),59000,FALSE,TRUE
01-102,688,우나쥬(보통),46000,FALSE,TRUE
01-103,689,길우동,6500,FALSE,TRUE
01-103,690,길꼬마김밥,4000,FALSE,TRUE
01-103,691,길떡볶이,5000,FALSE,TRUE
01-103,692,땡초우동,7500,FALSE,TRUE
01-103,693,어묵우동,8000,FALSE,TRUE
01-103,694,야채튀김우동,8000,FALSE,TRUE
01-103,695,매운어묵꼬마김밥,5000,FALSE,TRUE
01-103,696,멸치꼬마김밥,5000,FALSE,TRUE
01-103,697,사색두부꼬마김밥,6500,FALSE,TRUE
01-103,698,돼지국밥,9000,FALSE,TRUE
01-103,699,등심돈가스,9000,FALSE,TRUE
01-103,700,치즈돈가스,9500,FALSE,TRUE
01-104,701,런치,40000,FALSE,TRUE
01-104,702,디너,70000,FALSE,TRUE
01-105,703,스테이크동,11000,FALSE,TRUE
01-105,704,스테이크동 더블,14000,FALSE,TRUE
01-105,705,가츠카레,9000,FALSE,TRUE
01-105,706,풍미구이동,10000,FALSE,TRUE
01-105,707,풍미구이동 더블,13000,FALSE,TRUE
01-105,708,가라아게 카레,9000,FALSE,TRUE
01-105,709,치라시마(일반),10000,FALSE,TRUE
01-105,710,치라시마(더블),14000,FALSE,TRUE
01-105,711,생연어동(일반),11000,FALSE,TRUE
01-105,712,생연어동(더블),14000,FALSE,TRUE
01-105,713,에비 카레,9000,FALSE,TRUE
01-110,714,우동 스키,12500,FALSE,TRUE
01-110,715,마라 스키야키,15500,FALSE,TRUE
01-110,716,스키야키,15500,FALSE,TRUE
01-110,717,규동,12500,FALSE,TRUE
01-110,718,소고기 수프카레,12500,FALSE,TRUE
01-110,719,가라아게,5000,FALSE,TRUE
01-111,720,모듬 데판야끼,13900,FALSE,TRUE
01-111,721,해물데판야끼,12900,FALSE,TRUE
01-111,722,모듬햄데판야끼,12900,FALSE,TRUE
01-111,723,고기가득데판야끼,12900,FALSE,TRUE
01-111,724,야끼우동,12900,FALSE,TRUE
01-111,725,야끼소바,12900,FALSE,TRUE
01-111,726,청양낙지볶음밥,11900,FALSE,TRUE
01-111,727,눈꽃치즈우삼겹볶음밥,11900,FALSE,TRUE
01-111,728,낙지 데판야끼,11900,FALSE,TRUE
01-111,729,우삼겹 데판야끼,10900,FALSE,TRUE
01-111,730,닭가슴데판야끼,10900,FALSE,TRUE
01-111,731,새우데판야끼,10900,FALSE,TRUE
01-129,732,특초밥,22000,FALSE,TRUE
01-129,733,초밥,17000,FALSE,TRUE
01-135,734,한우스끼야끼(대),49000,FALSE,TRUE
01-135,735,한우스끼야끼(중),39000,FALSE,TRUE
01-135,736,수입스끼야끼(대),39000,FALSE,TRUE
01-135,737,수입스끼야끼(중),29000,FALSE,TRUE
01-135,738,하이라이스,8000,FALSE,TRUE
01-135,739,불고기덮밥,9000,FALSE,TRUE
01-135,740,묵밥,7000,FALSE,TRUE
01-135,741,돼지김치짜글이,8000,FALSE,TRUE
01-137,742,덴뿌라,12000,FALSE,TRUE
01-137,743,찌꾸와,11000,FALSE,TRUE
01-137,744,소고기,15000,FALSE,TRUE
01-137,745,돈까스카레,15000,FALSE,TRUE
01-137,746,카레,12000,FALSE,TRUE
01-137,747,덴뿌라카레,14000,FALSE,TRUE
01-137,748,가라아게카레,14000,FALSE,TRUE
01-137,749,치킨가라아게,20000,FALSE,TRUE
01-137,750,오꼬노미야끼,15000,FALSE,TRUE
01-137,751,새우크림,16000,FALSE,TRUE
01-137,752,명란크림,15000,FALSE,TRUE
01-137,753,장어덮밥,20000,FALSE,TRUE
01-137,754,소고기덮밥,16000,FALSE,TRUE
01-138,755,프리미엄 다이벤또,54000,FALSE,TRUE
01-138,756,고메벤또,38000,FALSE,TRUE
01-138,757,스시벤또,28000,FALSE,TRUE
01-138,758,긴자벤또,23000,FALSE,TRUE
01-139,759,가마우동 (보통),9500,FALSE,TRUE
01-139,760,냉우동 (보통),9500,FALSE,TRUE
01-139,761,오뎅우동 (보통),9500,FALSE,TRUE
01-139,762,야채튀김우동 (보통),9500,FALSE,TRUE
01-139,763,새우튀김우동,9500,FALSE,TRUE
01-139,764,니꾸우동,13000,FALSE,TRUE
01-140,765,가정식 돈까스 단품,12000,FALSE,TRUE
01-140,766,가정식 돈까스 정식,13500,FALSE,TRUE
01-140,767,매운 가정식 돈까스 단품,12000,FALSE,TRUE
01-140,768,매운 가정식 돈까스 정식,13500,FALSE,TRUE
01-141,769,니고라멘,9500,FALSE,TRUE
01-141,770,초라멘,9500,FALSE,TRUE
01-141,771,오코노미야끼,16000,FALSE,TRUE
01-141,772,교자(6p),4000,FALSE,TRUE
01-141,773,가라아게(5p),4000,FALSE,TRUE
01-142,774,Set 1,32000,FALSE,TRUE
01-142,775,Set 2,36000,FALSE,TRUE
01-142,776,고쿠텐동,12000,FALSE,TRUE
01-142,777,새우텐동,14000,FALSE,TRUE
01-142,778,카레텐동,14000,FALSE,TRUE
01-142,779,한치텐동,17000,FALSE,TRUE
01-142,780,장어텐동,17000,FALSE,TRUE
01-142,781,장한스페셜텐동,23000,FALSE,TRUE
01-142,782,타래카츠동,11000,FALSE,TRUE
01-142,783,로우텐동,10000,FALSE,TRUE
01-144,784,시로,9000,FALSE,TRUE
01-144,785,쿠로,9500,FALSE,TRUE
01-144,786,쇼유,9000,FALSE,TRUE
01-144,787,부타동,9000,FALSE,TRUE
01-144,788,냉라멘,9500,FALSE,TRUE
01-144,789,매운라멘,9500,FALSE,TRUE
01-144,790,차슈,3000,FALSE,TRUE
01-144,791,오코노미야끼(미니),10000,FALSE,TRUE
01-145,792,돈카츠,9000,FALSE,TRUE
01-145,793,돈카츠 우동정식,13000,FALSE,TRUE
01-145,794,토리 가라아게동,8000,FALSE,TRUE
01-145,795,에비동,8000,FALSE,TRUE
01-145,796,규동,8000,FALSE,TRUE
01-146,797,특 사시미 코스 (1인),39000,FALSE,TRUE
01-146,798,스페셜 사시미 코스 (1인),63000,FALSE,TRUE
01-146,799,골드 사시미 코스 (1인),90000,FALSE,TRUE
01-146,800,혼마구로 사시미 코스 (1인),130000,FALSE,TRUE
01-146,801,특초밥(1인),18000,FALSE,TRUE
01-146,802,스페셜초밥(1인),30000,FALSE,TRUE
01-147,803,광어 스시 (10피스),24500,FALSE,TRUE
01-147,804,연어 아부리 스시 (10피스),22500,FALSE,TRUE
01-147,805,모듬 사시미 (소),39000,FALSE,TRUE
01-147,806,광어 사시미 (소),37000,FALSE,TRUE
01-147,807,장어덮밥 (미니),17000,FALSE,TRUE
01-148,808,오마카세 (런치),40000,FALSE,TRUE
01-148,809,오마카세 (디너),80000,FALSE,TRUE
01-149,810,2인세트,51000,FALSE,TRUE
01-149,811,2인세트 플러스,65000,FALSE,TRUE
01-149,812,2인세트 스페셜,77000,FALSE,TRUE
01-150,813,스시 코스 (Dinner),80000,FALSE,TRUE
01-150,814,사시미 코스 (Dinner),100000,FALSE,TRUE
01-150,815,오마카세 코스 (Dinner),150000,FALSE,TRUE
01-150,816,스시 코스 (Lunch),55000,FALSE,TRUE
01-150,817,오마카세 코스 (Lunch),90000,FALSE,TRUE
01-150,818,콜키지,30000,FALSE,TRUE
01-151,819,장어초밥(4P)+소고기불초밥(4P) 세트,17500,FALSE,TRUE
01-151,820,연어초밥(4P)+소고기불초밥(4P) 세트,16000,FALSE,TRUE
01-151,821,활어초밥(5P)+연어초밥(4P) 세트,17500,FALSE,TRUE
01-151,822,광어초밥(1P),2000,FALSE,TRUE
01-151,823,연어초밥(1P),2000,FALSE,TRUE
01-152,824,시그니처 로스까스,11900,FALSE,TRUE
01-152,825,시그니처 히레까스,12900,FALSE,TRUE
01-152,826,경양식돈까스,11900,FALSE,TRUE
01-152,827,왕돈까스,12900,FALSE,TRUE
01-152,828,치즈돈까스,13500,FALSE,TRUE
01-152,829,얼큰뚝배기돈까스,14500,FALSE,TRUE
01-152,830,냉모밀돈까스,11900,FALSE,TRUE
01-152,831,쫄면돈까스,11500,FALSE,TRUE
01-152,832,매콤스위트돈까스,12900,FALSE,TRUE
01-152,833,눈꽃치즈돈까스,12900,FALSE,TRUE
01-152,834,국물떡볶이돈까스,11900,FALSE,TRUE
01-152,835,샐러드돈까스,13900,FALSE,TRUE
01-152,836,돈클정식,14900,FALSE,TRUE
01-152,837,씨푸드정식,14900,FALSE,TRUE
01-152,838,모짜렐라 치즈까스,11500,FALSE,TRUE
01-152,839,큐브스테이크,16900,FALSE,TRUE
01-152,840,고르곤졸라피자,16900,FALSE,TRUE
01-152,841,베이컨포테이토피자,17900,FALSE,TRUE
01-152,842,페퍼로니피자,16900,FALSE,TRUE
01-152,843,마르게리따피자,16900,FALSE,TRUE
01-153,844,오리지날라멘,9000,FALSE,TRUE
01-153,845,마제소바,11000,FALSE,TRUE
01-154,846,히토리 A 코스 (1인분),28000,FALSE,TRUE
01-154,847,시로미 고노와다,20000,FALSE,TRUE
01-154,848,타코와사비,15000,FALSE,TRUE
01-154,849,관자&새우 치즈버터야끼,18000,FALSE,TRUE
01-154,850,메로유안야끼 (250g),20000,FALSE,TRUE
01-156,851,블루핀 스페셜,100000,FALSE,TRUE
01-156,852,블루핀 로얄,75000,FALSE,TRUE
01-156,853,블,55000,FALSE,TRUE
01-156,854,루,38000,FALSE,TRUE
01-156,855,블루핀 정식,38000,FALSE,TRUE
01-157,856,스시강초밥 (12p),17000,FALSE,TRUE
01-157,857,참다랑어뱃살초밥 (1pcs),4000,FALSE,TRUE
01-157,858,간장새우초밥 (1pcs),2000,FALSE,TRUE
01-157,859,타코와사비초밥 (1pcs),2000,FALSE,TRUE
01-157,860,계란초밥 (1pcs),1500,FALSE,TRUE
01-158,861,스시홍초밥(12PCS),12000,FALSE,TRUE
01-158,862,스페셜스시홍초밥(12PCS),19000,FALSE,TRUE
01-158,863,오늘의활어초밥(12PCS),17000,FALSE,TRUE
01-158,864,오늘의광어초밥(12PCS),20000,FALSE,TRUE
01-158,865,연어초밥(12PCS),23000,FALSE,TRUE
01-158,866,참치초밥(12PCS),18000,FALSE,TRUE
01-158,867,민물장어초밥(12PCS),20000,FALSE,TRUE
01-158,868,소고기초밥(12PCS),16000,FALSE,TRUE
01-158,869,활어회덮밥,10000,FALSE,TRUE
01-158,870,연어회덮밥,11000,FALSE,TRUE
01-158,871,참치회덮밥,10000,FALSE,TRUE
01-158,872,모듬사시미(대),44000,FALSE,TRUE
01-158,873,광어사시미(대),44000,FALSE,TRUE
01-158,874,활어사시미(대),42000,FALSE,TRUE
01-158,875,참치사시미(대),39000,FALSE,TRUE
01-158,876,연어사시미(대),48000,FALSE,TRUE
01-158,877,활어회무침,15000,FALSE,TRUE
01-158,878,참치회무침,15000,FALSE,TRUE
01-158,879,연어회무침,17000,FALSE,TRUE
01-158,880,연어샐러드,17000,FALSE,TRUE
01-160,881,시스오마카세,45000,FALSE,TRUE
01-160,882,사시미오마카세,65000,FALSE,TRUE
01-160,883,런치오마카세,25000,FALSE,TRUE
01-160,884,디너오마카세,45000,FALSE,TRUE
01-160,885,1인사시미,20000,FALSE,TRUE
01-161,886,참치(기본),30000,FALSE,TRUE
01-161,887,참치(특선),45000,FALSE,TRUE
01-161,888,참치(스페셜),65000,FALSE,TRUE
01-162,889,속초 고퀄리티 제철모듬회(중),38000,FALSE,TRUE
01-163,890,광어,5600,FALSE,TRUE
01-163,891,도미,6300,FALSE,TRUE
01-163,892,연어,5600,FALSE,TRUE
01-164,893,제주 은뜸동,20000,FALSE,TRUE
01-164,894,비양도 톳 후토마끼,19000,FALSE,TRUE
01-164,895,오름 눈꽃연어초밥,19000,FALSE,TRUE
01-164,896,딱새우니,42000,FALSE,TRUE
01-164,897,수제 왕 새우튀김,8000,FALSE,TRUE
01-165,898,모듬사시미(소),29000,FALSE,TRUE
01-165,899,우니사시미(소),21000,FALSE,TRUE
01-165,900,계절생선 멘타이코(명란무침),23500,FALSE,TRUE
01-165,901,시메사바,17000,FALSE,TRUE
01-165,902,네기도로마끼,19000,FALSE,TRUE
01-165,903,계절생선과고노와다,23500,FALSE,TRUE
01-165,904,타코와사비,12000,FALSE,TRUE
01-165,905,고노와다,12000,FALSE,TRUE
01-165,906,카니미소,12000,FALSE,TRUE
01-165,907,낫또와김,11000,FALSE,TRUE
01-165,908,해물숙주볶음,21000,FALSE,TRUE
01-165,909,카리오뎅탕,20000,FALSE,TRUE
01-165,910,가자미덴뿌라,12000,FALSE,TRUE
01-165,911,피쉬앤칩스,16000,FALSE,TRUE
01-165,912,나가사끼짬뽕탕,21000,FALSE,TRUE
01-165,913,시샤모,12000,FALSE,TRUE
01-165,914,차돌숙주볶음,21000,FALSE,TRUE
01-165,915,야끼우동,21000,FALSE,TRUE
01-165,916,토마토와인홍합탕,23000,FALSE,TRUE
01-165,917,연어머리구이,15000,FALSE,TRUE
01-166,918,모듬튀김,20000,FALSE,TRUE
01-166,919,연어샐러드,12000,FALSE,TRUE
01-166,920,간장새우(5마리),7000,FALSE,TRUE
01-166,921,타코와사비,12000,FALSE,TRUE
01-166,922,감자고로케(6pcs),12000,FALSE,TRUE
01-166,923,게살크림고로케(6pcs),14000,FALSE,TRUE
01-167,924,차슈멘,8000,FALSE,TRUE
01-167,925,매운라멘,8000,FALSE,TRUE
01-167,926,카레라멘,8000,FALSE,TRUE
01-167,927,카레라이스,8000,FALSE,TRUE
01-167,928,야키교자,3000,FALSE,TRUE
01-167,929,오코노미야키(돼지고기),9900,FALSE,TRUE
01-169,930,이안초밥 (10P),14900,FALSE,TRUE
01-169,931,이안스페셜초밥 (12P),17900,FALSE,TRUE
01-169,932,연어초밥 (10P),17900,FALSE,TRUE
01-169,933,연어양파초밥 (10P),18900,FALSE,TRUE
01-169,934,광어초밥 (10P),17900,FALSE,TRUE
01-169,935,광어묵은지초밥 (10P),18900,FALSE,TRUE
01-170,936,츠케멘 (중/대),11000,FALSE,TRUE
01-170,937,모토라멘(돈코츠라멘),10000,FALSE,TRUE
01-170,938,매운라멘,10000,FALSE,TRUE
01-170,939,매운 츠케멘 (중/대),11000,FALSE,TRUE
01-170,940,새우튀김,7000,FALSE,TRUE
01-170,941,유부초밥,4000,FALSE,TRUE
01-170,942,콜라/사이다,2000,FALSE,TRUE
01-170,943,아사히 병맥주,7000,FALSE,TRUE
01-170,944,카스 병맥주,4000,FALSE,TRUE
01-170,945,차슈,2000,FALSE,TRUE
01-170,946,계란,1000,FALSE,TRUE
01-171,947,A 세트,8000,FALSE,TRUE
01-171,948,B세트,8000,FALSE,TRUE
01-171,949,C세트,8000,FALSE,TRUE
01-171,950,D세트,8000,FALSE,TRUE
01-171,951,김치우동정식,7500,FALSE,TRUE
01-171,952,돈까스 정식,7500,FALSE,TRUE
01-171,953,물냉면,5000,FALSE,TRUE
01-171,954,물냉면정식,7000,FALSE,TRUE
01-171,955,비빔냉면정식,7000,FALSE,TRUE
01-171,956,가쓰오우동,5000,FALSE,TRUE
01-171,957,김치우동,6000,FALSE,TRUE
01-171,958,돈까스,6000,FALSE,TRUE
01-171,959,매운돈까스,6500,FALSE,TRUE
01-171,960,비빔국수,5000,FALSE,TRUE
01-171,961,비빔냉면,5000,FALSE,TRUE
01-171,962,새우까스,7000,FALSE,TRUE
01-171,963,새우볶음밥,6000,FALSE,TRUE
01-171,964,생선까스,7000,FALSE,TRUE
01-171,965,소고기덮밥,7000,FALSE,TRUE
01-171,966,어묵우동,6000,FALSE,TRUE
01-173,967,등심+안심,11000,FALSE,TRUE
01-173,968,치즈+등심,11000,FALSE,TRUE
01-173,969,안심+치즈,13000,FALSE,TRUE
01-174,970,한 접시당,1790,FALSE,TRUE
01-175,971,알탕,15000,FALSE,TRUE
01-175,972,대구탕,15000,FALSE,TRUE
01-175,973,기본,42000,FALSE,TRUE
01-175,974,참치플러스특선,55000,FALSE,TRUE
01-175,975,실장특선,100000,FALSE,TRUE
01-175,976,메로탕,20000,FALSE,TRUE
01-176,977,정식돈까스,10000,FALSE,TRUE
01-176,978,등심돈까스,8500,FALSE,TRUE
01-176,979,안심돈까스,9000,FALSE,TRUE
01-176,980,매운돈까스,9000,FALSE,TRUE
01-176,981,까르보돈까스,9500,FALSE,TRUE
01-178,982,도미회(소),23000,FALSE,TRUE
01-178,983,도미회(중),34000,FALSE,TRUE
01-178,984,도미회(대),45000,FALSE,TRUE
01-178,985,도미회(특대),56000,FALSE,TRUE
01-178,986,생선가게(1인),39000,FALSE,TRUE
01-179,987,브라더 돈까스,8500,FALSE,TRUE
01-179,988,스노우치즈 돈까스,10000,FALSE,TRUE
01-179,989,오리엔탈 파스타,8500,FALSE,TRUE
01-179,990,아라비아따 파스타,8500,FALSE,TRUE
01-179,991,크림 파스타,8500,FALSE,TRUE
01-179,992,카레돈까스,10000,FALSE,TRUE
01-180,993,돈코츠라멘,8000,FALSE,TRUE
01-180,994,미소라멘,8500,FALSE,TRUE
01-180,995,매운라멘,8500,FALSE,TRUE
01-180,996,큰차슈덮밥,8500,FALSE,TRUE
01-180,997,카라아게돈,8500,FALSE,TRUE
01-180,998,수제카라아게,5500,FALSE,TRUE
01-181,999,알밥,8000,FALSE,TRUE
01-181,1000,회덮밥,8000,FALSE,TRUE
01-181,1001,가쓰오우동,7000,FALSE,TRUE
01-181,1002,모듬사시미(소),25000,FALSE,TRUE
01-181,1003,참치타다끼,25000,FALSE,TRUE
01-182,1004,런치오마카세,50000,FALSE,TRUE
01-182,1005,디너오마카세,80000,FALSE,TRUE
01-183,1006,가정식 부챗살 스테이크,14800,FALSE,TRUE
01-183,1007,미도인 스테이크 덮밥,10500,FALSE,TRUE
01-183,1008,트리플 스테이크,15800,FALSE,TRUE
01-183,1009,대창 덮밥,12500,FALSE,TRUE
01-183,1010,400 스테이크 덮밥 (하루 7그릇 한정),15200,FALSE,TRUE
01-183,1011,가정식 스테이크 구첩 반상(한정메뉴),15900,FALSE,TRUE
01-183,1012,곱창 가정식 스테이크(한정메뉴),18700,FALSE,TRUE
01-183,1013,곱창 대창 덮밥 (곱대),13900,FALSE,TRUE
01-183,1014,미도인 가정식 스테이크,13800,FALSE,TRUE
01-183,1015,화산 불백 덮밥,9300,FALSE,TRUE
01-183,1016,대창 큐브 스테이크 덮밥,14800,FALSE,TRUE
01-183,1017,곱창 대창 큐브스테이크 덮밥 (한정메뉴),16800,FALSE,TRUE
01-183,1018,청두 사천 탄탄멘,8800,FALSE,TRUE
01-183,1019,미도인 곱창 라멘(한정메뉴),12800,FALSE,TRUE
01-183,1020,미도인 우실장 떡볶이,9500,FALSE,TRUE
01-183,1021,미도인 곱창 떡볶이 (한정메뉴),13900,FALSE,TRUE
01-183,1022,새우 로제 생면 파스타,13800,FALSE,TRUE
01-183,1023,명란 크림 파스타,12800,FALSE,TRUE
01-183,1024,바질크림 새우파스타,14800,FALSE,TRUE
01-184,1025,돈가스정식,11000,FALSE,TRUE
01-184,1026,등심가스,9000,FALSE,TRUE
01-184,1027,속 꽉찬 치즈가스(치즈),12000,FALSE,TRUE
01-184,1028,비빔국수,7000,FALSE,TRUE
01-184,1029,우동,6000,FALSE,TRUE
01-184,1030,새우등심,11000,FALSE,TRUE
01-184,1031,생선가스,12000,FALSE,TRUE
01-184,1032,치킨등심,10500,FALSE,TRUE
01-185,1033,참치대가 (1인),125000,FALSE,TRUE
01-185,1034,참치초밥 (10p),15000,FALSE,TRUE
01-185,1035,참치회정식,20000,FALSE,TRUE
01-185,1036,모듬초밥 A (12p),10000,FALSE,TRUE
01-185,1037,치즈카츠,8000,FALSE,TRUE
01-186,1038,오마카세 런치,19000,FALSE,TRUE
01-186,1039,오마카세 디너,29000,FALSE,TRUE
01-187,1040,스키야키(1인분),13000,FALSE,TRUE
01-187,1041,돈까스,7500,FALSE,TRUE
01-187,1042,치즈 돈까스,9000,FALSE,TRUE
01-187,1043,차슈동,7000,FALSE,TRUE
01-187,1044,카레우동,6500,FALSE,TRUE
01-190,1045,호랑이 대창전골,15900,FALSE,TRUE
01-191,1046,수제돈까스,7000,FALSE,TRUE
01-191,1047,메밀소바,6000,FALSE,TRUE
01-191,1048,비빔메밀,7000,FALSE,TRUE
01-191,1049,매콤돈까스,7000,FALSE,TRUE
01-191,1050,반반돈까스,8000,FALSE,TRUE
01-192,1051,회정식(1인),25000,FALSE,TRUE
01-192,1052,참치초밥,18000,FALSE,TRUE
01-192,1053,참치회덮밥,7500,FALSE,TRUE
01-192,1054,대구탕+초밥,12000,FALSE,TRUE
01-192,1055,우동+초밥,6000,FALSE,TRUE
01-193,1056,런치오마카세,80000,FALSE,TRUE
01-193,1057,디너오마카세,150000,FALSE,TRUE
01-194,1058,텐동,13000,FALSE,TRUE
01-194,1059,에비텐동,15000,FALSE,TRUE
01-194,1060,에도마에텐동,18000,FALSE,TRUE
01-194,1061,스페셜텐동,22000,FALSE,TRUE
01-194,1062,새우텐모리소바세트,15000,FALSE,TRUE
01-194,1063,미니에비텐동소바세트,16000,FALSE,TRUE
01-196,1064,바바특초밥,17500,FALSE,TRUE
01-196,1065,비스트로 스페셜,32000,FALSE,TRUE
01-196,1066,비스트로 코스정식,53000,FALSE,TRUE
01-196,1067,이린이초밥,9000,FALSE,TRUE
01-197,1068,오마카세,38000,FALSE,TRUE
01-199,1069,B세트 (12P),15000,FALSE,TRUE
01-199,1070,A세트 (10P),12000,FALSE,TRUE
01-199,1071,C세트 (12P),20000,FALSE,TRUE
01-199,1072,스페셜 (12P),26000,FALSE,TRUE
01-199,1073,초밥런치,11000,FALSE,TRUE
01-199,1074,알밥 정식,11000,FALSE,TRUE
01-199,1075,돈까스 정식,11000,FALSE,TRUE
01-200,1076,Sliver (2-3인),44000,FALSE,TRUE
01-200,1077,Gold (2-3인),59000,FALSE,TRUE
01-200,1078,Premium (2-3인),79000,FALSE,TRUE
01-200,1079,Special (1인),37000,FALSE,TRUE
01-200,1080,참다랑어 Special (1인),57000,FALSE,TRUE
01-200,1081,Gold Premium (2~3인),105000,FALSE,TRUE
01-200,1082,참치초밥 (12pcs),23000,FALSE,TRUE
01-202,1083,생선초밥,24000,FALSE,TRUE
01-202,1084,특초밥,25000,FALSE,TRUE
01-202,1085,보통초밥,21000,FALSE,TRUE
01-202,1086,런치초밥,15000,FALSE,TRUE
01-202,1087,회덮밥,18000,FALSE,TRUE
01-203,1088,미아리김밥,3500,FALSE,TRUE
01-203,1089,미아리우동,6000,FALSE,TRUE
01-203,1090,참치김밥,4500,FALSE,TRUE
01-203,1091,매운소고기김밥,4500,FALSE,TRUE
01-203,1092,얼큰우동,7000,FALSE,TRUE
01-203,1093,어묵우동,7500,FALSE,TRUE
01-203,1094,얼큰어묵우동,8000,FALSE,TRUE
01-203,1095,쫄면,7000,FALSE,TRUE
01-203,1096,잔치국수,7000,FALSE,TRUE
01-203,1097,비빔국수,7000,FALSE,TRUE
01-203,1098,열무국수,8000,FALSE,TRUE
01-203,1099,비빔밥,8000,FALSE,TRUE
01-203,1100,갈비만두,4500,FALSE,TRUE
01-203,1101,새우만두,4500,FALSE,TRUE
01-203,1102,콩국수 (계절메뉴),8500,FALSE,TRUE
01-205,1103,정직유부,4500,FALSE,TRUE
01-205,1104,비빔막국수,6500,FALSE,TRUE
01-205,1105,물비빔막국수,7000,FALSE,TRUE
01-205,1106,참치마요유부,5600,FALSE,TRUE
01-205,1107,볶음김치유부,5600,FALSE,TRUE
01-205,1108,불고기유부,5600,FALSE,TRUE
01-205,1109,에그유부,5600,FALSE,TRUE
01-205,1110,크래미와사마요유부,5600,FALSE,TRUE
01-205,1111,닭갈비유부,5600,FALSE,TRUE
01-205,1112,매콤참치유부,5600,FALSE,TRUE
01-205,1113,시그니처 8종 모둠세트,12500,FALSE,TRUE
01-205,1114,정직냉모밀,6500,FALSE,TRUE
01-205,1115,삼겹비빔면,5200,FALSE,TRUE
01-205,1116,순두부우동,6200,FALSE,TRUE
01-205,1117,정직우동,5000,FALSE,TRUE
01-205,1118,정직라면,4000,FALSE,TRUE
01-205,1119,참깨두계면,6200,FALSE,TRUE
01-205,1120,정직우볶이,3900,FALSE,TRUE
01-205,1121,닭곰탕우동,6200,FALSE,TRUE
01-206,1122,야미세트,12900,FALSE,TRUE
01-207,1123,카이센동,24000,FALSE,TRUE
01-207,1124,후토마키 (5P),12000,FALSE,TRUE
01-207,1125,연어 후토마키 (5P),13000,FALSE,TRUE
01-207,1126,어린이 초밥 (8P),8000,FALSE,TRUE
01-207,1127,광어 (10P),22000,FALSE,TRUE
01-207,1128,연어 (10P),20000,FALSE,TRUE
01-207,1129,아부리 연어 (10P),20000,FALSE,TRUE
01-207,1130,광어 (5P)+연어 (5P),21000,FALSE,TRUE
01-207,1131,초새우 초밥 (1P),1500,FALSE,TRUE
01-207,1132,계란 초밥 (1P),1500,FALSE,TRUE
01-207,1133,이까 초밥 (1P),2000,FALSE,TRUE
01-207,1134,연어 초밥 (1P),2000,FALSE,TRUE
01-207,1135,아부리연어 초밥 (1P),2000,FALSE,TRUE
01-207,1136,간장새우 초밥 (1P),2000,FALSE,TRUE
01-207,1137,광어 초밥 (1P),2200,FALSE,TRUE
01-207,1138,광어 지느러미 초밥 (1P),2500,FALSE,TRUE
01-207,1139,연어 뱃살 초밥 (1P),2500,FALSE,TRUE
01-207,1140,삼치 초밥 (1P),2500,FALSE,TRUE
01-207,1141,안키모 초밥 (1P),2500,FALSE,TRUE
01-207,1142,청어 초밥 (1P),2500,FALSE,TRUE
01-207,1143,도미 초밥 (1P),2500,FALSE,TRUE
01-210,1144,연어후토마키,15900,FALSE,TRUE
01-210,1145,소바후토마키,9900,FALSE,TRUE
01-210,1146,통소시지후토마키,9900,FALSE,TRUE
01-210,1147,닭가슴살크래미후토마키,9900,FALSE,TRUE
01-210,1148,참치후토마키,8900,FALSE,TRUE
01-210,1149,지단후토마키,8900,FALSE,TRUE
01-210,1150,연어그린키토,16400,FALSE,TRUE
01-210,1151,통소시지그린키토,10900,FALSE,TRUE
01-210,1152,텐더그린키토,9900,FALSE,TRUE
01-210,1153,닭가슴살크래미그린키토,9900,FALSE,TRUE
01-210,1154,참치그린키토,9900,FALSE,TRUE
01-210,1155,연어반줄+소바반줄,13500,FALSE,TRUE
01-210,1156,국물떡볶이+연어후토마키반줄,13900,FALSE,TRUE
01-210,1157,국물떡볶이+소바후토마키반줄,10900,FALSE,TRUE
01-210,1158,1/2매콤닭강정+연어후토마키반줄,13900,FALSE,TRUE
01-210,1159,1/2매콤닭강정+소바후토마키반줄,11900,FALSE,TRUE
01-211,1160,크림돈가츠,9500,FALSE,TRUE
01-211,1161,히레가츠,9500,FALSE,TRUE
01-211,1162,생선가츠,9000,FALSE,TRUE
01-211,1163,치즈가츠,10000,FALSE,TRUE
01-211,1164,판모밀,7500,FALSE,TRUE
01-211,1165,철판함바그스테끼,10000,FALSE,TRUE
01-211,1166,매콤철판카츠,9500,FALSE,TRUE
01-212,1167,소유라멘,10000,FALSE,TRUE
01-212,1168,시오라멘,10000,FALSE,TRUE
01-212,1169,토리파이탄,11000,FALSE,TRUE
01-212,1170,모츠라멘,14500,FALSE,TRUE
01-212,1171,아부라소바,12000,FALSE,TRUE
01-212,1172,호르몬동(대창덮밥),15000,FALSE,TRUE
01-212,1173,규동,10000,FALSE,TRUE
01-213,1174,세트A,26000,FALSE,TRUE
01-213,1175,세트B,35000,FALSE,TRUE
01-213,1176,닭다리살과대파(2꼬치),7000,FALSE,TRUE
01-213,1177,토마토베이컨(1꼬치),4000,FALSE,TRUE
01-213,1178,츠쿠네,6000,FALSE,TRUE
01-214,1179,오모가리가츠,10500,FALSE,TRUE
01-214,1180,순두부돈가츠,10500,FALSE,TRUE
01-214,1181,부대가츠,11000,FALSE,TRUE
01-214,1182,알탕 (계절메뉴),11500,FALSE,TRUE
01-214,1183,갈릭떡볶이돈가츠,8000,FALSE,TRUE
01-214,1184,왕새우튀김 (3마리),7500,FALSE,TRUE
01-215,1185,돈코츠라멘,9500,FALSE,TRUE
01-215,1186,매운돈코츠라멘,10000,FALSE,TRUE
01-215,1187,오로지라멘,11500,FALSE,TRUE
01-216,1188,모듬,50000,FALSE,TRUE
01-216,1189,미,70000,FALSE,TRUE
01-216,1190,선,80000,FALSE,TRUE
01-216,1191,진,100000,FALSE,TRUE
01-216,1192,VIP,120000,FALSE,TRUE
01-216,1193,가마도로,140000,FALSE,TRUE
01-217,1194,특제쇼유라멘(닭+간장),13000,FALSE,TRUE
01-217,1195,블랙쇼유라멘(닭+멸치),10500,FALSE,TRUE
01-217,1196,특제블랙쇼유라멘,13500,FALSE,TRUE
01-217,1197,마제소바,10000,FALSE,TRUE
01-217,1198,니쿠니쿠마제소바,13000,FALSE,TRUE
01-217,1199,쇼유라멘(닭+간장),10000,FALSE,TRUE
01-217,1200,특제탄탄멘,14000,FALSE,TRUE
01-217,1201,탄탄멘,11000,FALSE,TRUE
01-219,1202,새우초밥 (5P),6500,FALSE,TRUE
01-219,1203,연어초밥 (5P),7500,FALSE,TRUE
01-219,1204,구운연어마요 초법 (5P),8000,FALSE,TRUE
01-219,1205,광어초밥 (5P),10000,FALSE,TRUE
01-219,1206,활어스테이크 초밥 (5P),9000,FALSE,TRUE
01-221,1207,돈화돈까스반상,9900,FALSE,TRUE
01-221,1208,콰트로치즈폭포돈까스반상,11900,FALSE,TRUE
01-221,1209,더블모짜치즈돈까스반상,11900,FALSE,TRUE
01-221,1210,치킨카레돈까스반상,12900,FALSE,TRUE
01-221,1211,화산치즈함박스테이크반상,14900,FALSE,TRUE
01-221,1212,오야꼬동까스반상,11900,FALSE,TRUE
01-221,1213,얼큰돈까스김치나베반상,11900,FALSE,TRUE
01-221,1214,새우삼겹어묵우동반상,13900,FALSE,TRUE
01-221,1215,치킨카레우동반상,12900,FALSE,TRUE
01-221,1216,유자냉모밀반상,9900,FALSE,TRUE
01-221,1217,우삼겹매콤쫄면반상,10900,FALSE,TRUE
01-222,1218,참치회/참다랑어 (혼마구로) 소(25p+)(소(1~2인)25p+),45000,FALSE,TRUE
01-222,1219,참치회/참다랑어 (혼마구로) 중 (45p+)(중(2~3인)45p+),67000,FALSE,TRUE
01-222,1220,참치회/참다랑어(혼마구로)대(60p+)(대(3인이상)60p+),89000,FALSE,TRUE
01-222,1221,가성비한판 중(2~3인)40p+(중(2~3인)40p+),45000,FALSE,TRUE
01-222,1222,가성비한판 대(3~4인)60p+(대(3~4인)60p+),69000,FALSE,TRUE
01-222,1223,참다랑어 가마도로(5p),15000,FALSE,TRUE
01-223,1224,모듬사시미(27pcs),53000,FALSE,TRUE
01-223,1225,황작가 오마카세 A 1인,60000,FALSE,TRUE
01-223,1226,모듬스시 (14pcs),35000,FALSE,TRUE
01-223,1227,대하치즈구이,24000,FALSE,TRUE
01-223,1228,고등어 소금구이,18000,FALSE,TRUE
01-223,1229,연어머리 소금구이,18000,FALSE,TRUE
01-223,1230,시샤모구이,14000,FALSE,TRUE
01-223,1231,닭꼬치야끼도리,18000,FALSE,TRUE
01-223,1232,왕새우튀김,20000,FALSE,TRUE
01-223,1233,치킨가라아게,20000,FALSE,TRUE
01-223,1234,수제생선까스,18000,FALSE,TRUE
01-223,1235,노바시새우튀김,24000,FALSE,TRUE
01-223,1236,고구마튀김,12000,FALSE,TRUE
01-223,1237,치즈돈까스,15000,FALSE,TRUE
01-223,1238,한우육회,24000,FALSE,TRUE
01-223,1239,오꼬노미야끼,22000,FALSE,TRUE
01-223,1240,광어사시미(18pcs),33000,FALSE,TRUE
01-223,1241,참치사시미(18pcs),55000,FALSE,TRUE
01-223,1242,광어스시(14pcs),28000,FALSE,TRUE
01-223,1243,참돔 스시(14pcs),32000,FALSE,TRUE
01-227,1244,세희네돈까스,13500,FALSE,TRUE
01-227,1245,치즈돈까스,15000,FALSE,TRUE
01-227,1246,반반돈까스,15000,FALSE,TRUE
01-227,1247,유부우동,6000,FALSE,TRUE
01-227,1248,모듬세트,17500,FALSE,TRUE
01-228,1249,기본카레,7000,FALSE,TRUE
01-228,1250,돈가스카레,8500,FALSE,TRUE
01-228,1251,치킨카레,8500,FALSE,TRUE
01-228,1252,고로케카레,7500,FALSE,TRUE
01-228,1253,왕새우카레,8500,FALSE,TRUE
01-228,1254,소시지카레,8000,FALSE,TRUE
01-229,1255,정식,28000,FALSE,TRUE
01-229,1256,알밥,8000,FALSE,TRUE
01-229,1257,알탕,9000,FALSE,TRUE
01-229,1258,덮밥,9000,FALSE,TRUE
01-229,1259,고등어구이,10000,FALSE,TRUE
01-229,1260,생대구,12000,FALSE,TRUE
01-230,1261,경양식돈가스,9000,FALSE,TRUE
01-230,1262,로제돈가스,10000,FALSE,TRUE
01-230,1263,달콤하와이치즈돈가스,11500,FALSE,TRUE
01-230,1264,달콤하와이돈가스,10000,FALSE,TRUE
01-230,1265,반반돈가스,10500,FALSE,TRUE
01-230,1266,매콤고구마치즈돈가스,11500,FALSE,TRUE
01-230,1267,매콤고구마돈가스,10000,FALSE,TRUE
01-230,1268,치즈돈가스,10500,FALSE,TRUE
01-230,1269,반반치즈돈가스,12000,FALSE,TRUE
01-230,1270,함박스테이크,10000,FALSE,TRUE
01-230,1271,멘치가스,10000,FALSE,TRUE
01-230,1272,안심가스,10000,FALSE,TRUE
01-230,1273,김치뚝배기돈가스,10500,FALSE,TRUE
01-230,1274,생선가스,10500,FALSE,TRUE
01-230,1275,은화수카레,7000,FALSE,TRUE
01-230,1276,양송이카레,8000,FALSE,TRUE
01-230,1277,돈가스카레,10000,FALSE,TRUE
01-230,1278,안심가스카레,9000,FALSE,TRUE
01-230,1279,멘치가스카레,10000,FALSE,TRUE
01-231,1280,네코 스페셜,0,FALSE,TRUE
01-231,1281,어린이초밥,0,FALSE,TRUE
01-231,1282,오늘의 초밥,0,FALSE,TRUE
01-231,1283,만원의 행복,0,FALSE,TRUE
01-231,1284,하프롤,0,FALSE,TRUE
01-231,1285,대게딱지동,0,FALSE,TRUE
01-232,1286,통모짜렐라치즈돈+비빔쫄면,14900,FALSE,TRUE
01-233,1287,가츠동,8500,FALSE,TRUE
01-233,1288,가라아게동,9500,FALSE,TRUE
01-233,1289,에비동,10500,FALSE,TRUE
01-233,1290,믹스가츠동,10500,FALSE,TRUE
01-233,1291,가츠가라아게동,10500,FALSE,TRUE
01-233,1292,규동,10500,FALSE,TRUE
01-234,1293,길동우동,6500,FALSE,TRUE
01-234,1294,얼큰우동,7500,FALSE,TRUE
01-234,1295,튀김우동,8000,FALSE,TRUE
01-234,1296,냉우동,8000,FALSE,TRUE
01-234,1297,꼬치어묵우동,8000,FALSE,TRUE
01-234,1298,김치어묵우동,8500,FALSE,TRUE
01-235,1299,남산왕돈까스,12500,FALSE,TRUE
01-235,1300,매운돈까스,12500,FALSE,TRUE
01-235,1301,치즈돈까스,13000,FALSE,TRUE
01-235,1302,마늘돈까스,13000,FALSE,TRUE
01-235,1303,생선까스,13000,FALSE,TRUE
01-235,1304,반반돈까스,13000,FALSE,TRUE
01-235,1305,모듬정식,14000,FALSE,TRUE
01-235,1306,돈까스카레덮밥,10000,FALSE,TRUE
01-235,1307,철판 함박스테이크,13000,FALSE,TRUE
01-235,1308,뚝배기치즈 떡볶이돈까스,10000,FALSE,TRUE
01-235,1309,꼬치어묵우동,9000,FALSE,TRUE
01-235,1310,우동돈까스세트,13000,FALSE,TRUE
01-235,1311,뚝배기김치우동,10000,FALSE,TRUE
01-235,1312,뚝배기김치우동세트,13000,FALSE,TRUE
01-235,1313,남산쫄면,8500,FALSE,TRUE
01-235,1314,쏠면돈까스세트,13000,FALSE,TRUE
01-239,1315,냉모밀,9000,FALSE,TRUE
01-239,1316,명란크림우동,14000,FALSE,TRUE
01-239,1317,매운게살크림우동,14000,FALSE,TRUE
01-239,1318,치킨카레우동,13000,FALSE,TRUE
01-239,1319,등심카츠,12000,FALSE,TRUE
01-239,1320,치킨카츠,12000,FALSE,TRUE
01-239,1321,생선카츠,12000,FALSE,TRUE
01-239,1322,치즈카츠,15000,FALSE,TRUE
01-239,1323,카츠콤보(돈가츠+생선+새우튀김 2p),18000,FALSE,TRUE
01-239,1324,등심카츠 정식,15000,FALSE,TRUE
01-239,1325,치킨카츠 정식,15000,FALSE,TRUE
01-239,1326,생선카츠 정식,15000,FALSE,TRUE
01-240,1327,간장 치킨 덮밥(소),7000,FALSE,TRUE
01-240,1328,연어 덮밥(소),12000,FALSE,TRUE
01-240,1329,일본 카레 덮밥(소),7000,FALSE,TRUE
01-240,1330,스테이크 덮밥(소),8000,FALSE,TRUE
01-240,1331,간장 닭강정(12조각),8500,FALSE,TRUE
01-243,1332,런치 스시,12000,FALSE,TRUE
01-243,1333,모듬 스시 광어,18000,FALSE,TRUE
01-243,1334,모듬 스시 연어,15000,FALSE,TRUE
01-243,1335,사시미 광어,30000,FALSE,TRUE
01-243,1336,오마카세 프리미엄,50000,FALSE,TRUE
01-244,1337,옛날돈까스,10000,FALSE,TRUE
01-244,1338,매콤돈까스,10000,FALSE,TRUE
01-244,1339,매운돈까스,10000,FALSE,TRUE
01-244,1340,반반돈까스,11500,FALSE,TRUE
01-244,1341,물냉면,8000,FALSE,TRUE
01-244,1342,비빔냉면,8000,FALSE,TRUE
01-244,1343,돈물냉,11500,FALSE,TRUE
01-244,1344,돈비냉,11500,FALSE,TRUE
01-244,1345,돈물냉 돈따로,12500,FALSE,TRUE
01-244,1346,돈비냉 돈따로,12500,FALSE,TRUE
01-244,1347,소유라멘+돈까스,12500,FALSE,TRUE
01-244,1348,사골곰탕면+밥,10000,FALSE,TRUE
01-244,1349,사골곰탕면 세트,14000,FALSE,TRUE
01-244,1350,얼큰곰탕면+밥,10000,FALSE,TRUE
01-244,1351,비빔국수 세트,12500,FALSE,TRUE
01-244,1352,철판 김치돈까스나베,9000,FALSE,TRUE
01-244,1353,단품 비빔국수,8000,FALSE,TRUE
01-244,1354,단품 소유라멘,8000,FALSE,TRUE
01-245,1355,라코츠(돈코츠라멘),9000,FALSE,TRUE
01-245,1356,라마제(마제소바),10000,FALSE,TRUE
01-245,1357,라카라(카라미소라멘),9500,FALSE,TRUE
01-245,1358,교자만두,4000,FALSE,TRUE
01-245,1359,새우튀김,4000,FALSE,TRUE
01-245,1360,치킨 가라아게,7000,FALSE,TRUE
01-248,1361,생등심돈카츠(단품),8000,FALSE,TRUE
01-248,1362,생안심돈카츠(단품),8500,FALSE,TRUE
01-248,1363,판모밀(단품),7500,FALSE,TRUE
01-248,1364,냉(온)모밀(단품),8000,FALSE,TRUE
01-248,1365,순두부돈카츠,8000,FALSE,TRUE
01-251,1366,해물치즈오꼬노미야끼,22000,FALSE,TRUE
01-251,1367,얼큰한우대창나베,28000,FALSE,TRUE
01-251,1368,얼큰해물짬뽕나베,28000,FALSE,TRUE
01-251,1369,깐풍칠리새우,14000,FALSE,TRUE
01-251,1370,일품 와규 찹스테이크,26000,FALSE,TRUE
01-251,1371,나가사끼짬뽕나베,25000,FALSE,TRUE
01-251,1372,닭다리살 가라아게,19000,FALSE,TRUE
01-251,1373,트러플오일짜빠게띠,12000,FALSE,TRUE
01-251,1374,메뉴판 (시즌한정메뉴),0,FALSE,TRUE
01-251,1375,메뉴판1,0,FALSE,TRUE
01-251,1376,메뉴판2,0,FALSE,TRUE
01-251,1377,메뉴판(주류),0,FALSE,TRUE
01-252,1378,호가네우동세트,9500,FALSE,TRUE
01-252,1379,호가네우동,7500,FALSE,TRUE
01-252,1380,카레우동,9000,FALSE,TRUE
01-252,1381,1인세트,11000,FALSE,TRUE
01-252,1382,새우튀김우동,9000,FALSE,TRUE
01-254,1383,후지산 소고기우동,11000,FALSE,TRUE
01-254,1384,에비덴뿌라 우동,12000,FALSE,TRUE
01-254,1385,1인 한우 샤브샤브,23000,FALSE,TRUE
01-254,1386,니꾸쯔께우동 세트,13000,FALSE,TRUE
01-254,1387,1인 스키야키,21000,FALSE,TRUE
01-254,1388,키시멘 우동세트,14000,FALSE,TRUE
01-254,1389,니꾸우동 세트,13000,FALSE,TRUE
01-254,1390,규동,9500,FALSE,TRUE
01-254,1391,소고기 카레덮밥,11000,FALSE,TRUE
01-255,1392,둘이서 세트1,28000,FALSE,TRUE
01-255,1393,둘이서 세트2,30900,FALSE,TRUE
01-255,1394,셋이서 세트,41000,FALSE,TRUE
01-255,1395,로스카츠 정식(등심+등심덧살220g),12000,FALSE,TRUE
01-255,1396,모듬카츠 정식(등심+등심덧살+안심300g),13500,FALSE,TRUE
01-255,1397,히레카츠 정식(안심220g),12000,FALSE,TRUE
01-256,1398,마제소바,9500,FALSE,TRUE
01-256,1399,비빔탄탄멘,9500,FALSE,TRUE
01-256,1400,탄탄멘,9500,FALSE,TRUE
01-256,1401,돈코츠라멘,9500,FALSE,TRUE
01-256,1402,카라이 돈코츠라멘,9500,FALSE,TRUE
01-256,1403,규동,9500,FALSE,TRUE
01-256,1404,가츠동,9500,FALSE,TRUE
01-256,1405,차슈동,9500,FALSE,TRUE
01-256,1406,가라아게동,9500,FALSE,TRUE
01-256,1407,면요리+튀김+음료,15000,FALSE,TRUE
01-256,1408,밥요리+튀김+음료,15000,FALSE,TRUE
01-257,1409,돈카츠(등심카츠),10500,FALSE,TRUE
01-257,1410,모짜렐라치즈카츠,15500,FALSE,TRUE
01-257,1411,오꼬노미카츠,12900,FALSE,TRUE
01-257,1412,체다치즈카츠,12900,FALSE,TRUE
01-257,1413,에비텐모듬카츠,13900,FALSE,TRUE
01-257,1414,치즈모듬카츠,13900,FALSE,TRUE
01-258,1415,탄탄멘정식,13500,FALSE,TRUE
01-258,1416,돈코츠라멘정식,13500,FALSE,TRUE
01-258,1417,카라미소라멘정식,13500,FALSE,TRUE
01-258,1418,카라돈코츠라멘정식,13500,FALSE,TRUE
01-258,1419,토마토라멘정식,13500,FALSE,TRUE
01-258,1420,쇼유라멘정식,13500,FALSE,TRUE
01-258,1421,매운나가사끼짬뽕정식,13500,FALSE,TRUE
01-258,1422,마제소바정식,13500,FALSE,TRUE
01-258,1423,카레우동정식,13500,FALSE,TRUE
01-258,1424,로케라멘정식,13500,FALSE,TRUE
01-258,1425,로제우동정식,13500,FALSE,TRUE
01-258,1426,꼬지어묵우동정식,13500,FALSE,TRUE
01-258,1427,새우튀김우동정식,13500,FALSE,TRUE
01-262,1428,타이거 파스타,8500,FALSE,TRUE
01-262,1429,코끼리 파스타,10000,FALSE,TRUE
01-262,1430,흑돼지돈까스,7000,FALSE,TRUE
01-262,1431,흑돼지 치즈돈까스,9000,FALSE,TRUE
01-264,1432,치즈돈까스,12500,FALSE,TRUE
01-264,1433,길동우동,6500,FALSE,TRUE
01-264,1434,얼큰우동,7500,FALSE,TRUE
01-264,1435,냉우동,8000,FALSE,TRUE
01-264,1436,야채튀김,1500,FALSE,TRUE
01-264,1437,오징어튀김,1800,FALSE,TRUE
01-265,1438,남산왕돈가스,13000,FALSE,TRUE
01-265,1439,치즈돈가스,15000,FALSE,TRUE
01-265,1440,카레돈가스,14000,FALSE,TRUE
01-265,1441,생선가스,14000,FALSE,TRUE
01-265,1442,카레우동돈가스,14000,FALSE,TRUE
01-265,1443,카레라이스,13000,FALSE,TRUE
01-265,1444,우동미니돈가스,13000,FALSE,TRUE
01-265,1445,쫄면미니돈가스,14500,FALSE,TRUE
01-265,1446,물냉면미니돈가스,13500,FALSE,TRUE
01-265,1447,비빔냉면미니돈가스,14000,FALSE,TRUE
01-265,1448,냉모밀미니돈가스(여름),14000,FALSE,TRUE
01-265,1449,김치우동미니돈가스(겨울),16000,FALSE,TRUE
01-267,1450,어묵우동,9500,FALSE,TRUE
01-267,1451,어묵,9500,FALSE,TRUE
01-267,1452,수제탕수육,13000,FALSE,TRUE
01-267,1453,만두(고기/김치),7000,FALSE,TRUE
01-267,1454,깡강정,13000,FALSE,TRUE
01-267,1455,깡새우,6000,FALSE,TRUE
01-267,1456,우동,8500,FALSE,TRUE
01-267,1457,어묵탕,21000,FALSE,TRUE
01-267,1458,깡탕세트,15000,FALSE,TRUE
01-267,1459,마라만두,8000,FALSE,TRUE
01-267,1460,깡토마토,5000,FALSE,TRUE
01-268,1461,제주흑돼지 두툼까스(1장),3000,FALSE,TRUE
01-268,1462,제주흑돼지 치즈듬뿍(1장),4000,FALSE,TRUE
01-268,1463,제주흑돼지 체다햄치즈(1장),4000,FALSE,TRUE
01-268,1464,제주흑돼지 청양감자(1장),4000,FALSE,TRUE
01-268,1465,레알수제 생선까스(1장),3000,FALSE,TRUE
01-268,1466,두툼정식,9000,FALSE,TRUE
01-269,1467,스크램블 공방카레,8500,FALSE,TRUE
01-269,1468,수제치즈돈까스카레,11500,FALSE,TRUE
01-269,1469,수제등심돈까스카레,9800,FALSE,TRUE
01-269,1470,가라아게치킨카레,8900,FALSE,TRUE
01-269,1471,구운버섯스크램블카레,9500,FALSE,TRUE
01-269,1472,철판불고기카레,11000,FALSE,TRUE
01-270,1473,"마구로야끼미, 도로동 반상",22000,FALSE,TRUE
01-270,1474,"야까미,도로,연어동 반상",18000,FALSE,TRUE
01-270,1475,마구로아까미동 반상,17000,FALSE,TRUE
01-270,1476,연어동 반상,13000,FALSE,TRUE
01-270,1477,장어솥밥,20000,FALSE,TRUE
01-270,1478,"냉모밀, 새우튀김 세트",11000,FALSE,TRUE
01-270,1479,"매운우동, 새우튀김 세트",12000,FALSE,TRUE
01-270,1480,"매운우동, 유부초밥 세트",12000,FALSE,TRUE
01-270,1481,"우동, 새우튀김 세트",12000,FALSE,TRUE
01-270,1482,"우동, 유부초밥 세트",12000,FALSE,TRUE
01-270,1483,"가츠동, 매운우동 세트 (2인)",19000,FALSE,TRUE
01-270,1484,"가츠동, 우동 세트 (2인)",19000,FALSE,TRUE
01-270,1485,"에비동, 매운우동 세트",19000,FALSE,TRUE
01-270,1486,"에비동, 우동세트",19000,FALSE,TRUE
01-270,1487,가츠동,11000,FALSE,TRUE
01-270,1488,에비동,11000,FALSE,TRUE
01-270,1489,믹스동,11000,FALSE,TRUE
01-272,1490,참치마요,6500,FALSE,TRUE
01-272,1491,볶음김치,6500,FALSE,TRUE
01-272,1492,갈릭베이컨,6900,FALSE,TRUE
01-272,1493,직화제육,6900,FALSE,TRUE
01-272,1494,콘치즈,6500,FALSE,TRUE
01-280,1495,돈코츠 라멘,10000,FALSE,TRUE
01-280,1496,쇼유 라멘,10000,FALSE,TRUE
01-280,1497,시오 라멘,10000,FALSE,TRUE
01-280,1498,카라이 라멘,11000,FALSE,TRUE
01-280,1499,규동(대),9000,FALSE,TRUE
01-280,1500,돈코츠 라멘 + 규동(소),13000,FALSE,TRUE
01-280,1501,쇼유 + 규동(소),13000,FALSE,TRUE
01-280,1502,시오 라멘 + 규동(소),13000,FALSE,TRUE
01-280,1503,카라이 라멘 + 규동(소),14000,FALSE,TRUE
01-284,1504,가쓰오우동,5900,FALSE,TRUE
01-284,1505,찌꾸와우동,8900,FALSE,TRUE
01-284,1506,덴뿌라우동,9500,FALSE,TRUE
01-284,1507,니꾸우동,9500,FALSE,TRUE
01-284,1508,온모밀,5900,FALSE,TRUE
01-284,1509,가쓰오냉모밀,5900,FALSE,TRUE
01-286,1510,부채살스테이크덮밥,14000,FALSE,TRUE
01-286,1511,"빚조은,연어덮밥(사케동)",15000,FALSE,TRUE
01-286,1512,"샤르르,연어장덮밥",15000,FALSE,TRUE
01-286,1513,"낫또,연어장덮밥",18000,FALSE,TRUE
01-286,1514,"빚조은,연어비빔밥",15000,FALSE,TRUE
01-286,1515,한우육회비빔밥,15000,FALSE,TRUE
01-286,1516,"힘나는,민물장어덮밥",22000,FALSE,TRUE
01-286,1517,"통통,새우장덮밥",15000,FALSE,TRUE
01-286,1518,"빚조은,연어초밥",18000,FALSE,TRUE
01-288,1519,해산물 모듬 물회,33000,FALSE,TRUE
01-288,1520,광어 사시미,23000,FALSE,TRUE
01-288,1521,연어머리 조림,15000,FALSE,TRUE
01-288,1522,활어 초밥(10PCS),20000,FALSE,TRUE
01-288,1523,연어 초밥(8PCS),15000,FALSE,TRUE
01-290,1524,로스카츠,14000,FALSE,TRUE
01-290,1525,생맥주,2000,FALSE,TRUE
01-291,1526,가츠동,7500,FALSE,TRUE
01-291,1527,가라게동,8000,FALSE,TRUE
01-291,1528,믹스동,8500,FALSE,TRUE
01-291,1529,김치가츠동,8500,FALSE,TRUE
01-291,1530,규동,9000,FALSE,TRUE
01-295,1531,매운맛,3700,FALSE,TRUE
01-295,1532,갈릭 소스맛,6300,FALSE,TRUE
01-295,1533,오리지널맛,3500,FALSE,TRUE
01-295,1534,바베큐맛,6000,FALSE,TRUE
01-295,1535,돈가스맛,9000,FALSE,TRUE
01-297,1536,연어사시미,18000,FALSE,TRUE
01-297,1537,참치육회,18000,FALSE,TRUE
01-297,1538,간사이오뎅,17000,FALSE,TRUE
01-297,1539,차돌박이 볶음,18000,FALSE,TRUE
01-297,1540,메로소금구이,13000,FALSE,TRUE
01-301,1541,캘리포니아롤,9500,FALSE,TRUE
01-301,1542,새우튀김롤,9900,FALSE,TRUE
01-301,1543,돈카츠롤,9900,FALSE,TRUE
01-301,1544,매콤참치롤,9900,FALSE,TRUE
01-301,1545,테리치킨롤,9900,FALSE,TRUE
01-301,1546,크림치즈롤,10500,FALSE,TRUE
01-308,1547,키노시타스시,22500,FALSE,TRUE
01-308,1548,모듬사시미,37000,FALSE,TRUE
01-308,1549,도미머리구이,19000,FALSE,TRUE
01-308,1550,시사모구이,12000,FALSE,TRUE
01-308,1551,메로미소구이,16000,FALSE,TRUE
