restaurant_id,menu_id,menu_name,price,is_deleted,is_active
03-01,1,마레 해산물 라따뚜이,25800,False,True
03-01,2,지중해식 새우와 루꼴라 샐러드,25800,False,True
03-01,3,모듬 버섯구이 안심과 계절 야채 샐러드,26800,False,True
03-01,4,계절과일과 야채 그리고 리코타치즈가 곁들여진 푸짐한 샐러드,22800,False,True
03-01,5,"그릴드 치킨과 모듬버섯, 매콤한 드레싱 샐러드",25800,False,True
03-01,6,시금치 샐러드,23800,False,True
03-02,7,라구 라자냐,13000,False,True
03-02,8,써니피자,19000,False,True
03-02,9,라구 파스타,16000,False,True
03-02,10,플라워 마르게리타 피자,16000,False,True
03-02,11,식스 치즈 피자,23000,False,True
03-02,12,화이트크림파스타,18000,False,True
03-02,13,리코타치즈 샐러드,12000,False,True
03-02,14,치킨스튜파스타,22000,False,True
03-02,15,크림&머쉬룸 라자냐,15000,False,True
03-03,16,청포도 샐러드,20800,False,True
03-03,17,4가지 버섯 피자,21800,False,True
03-03,18,쿠치나 파스타,21800,False,True
03-04,19,세트메뉴,64000,False,True
03-07,20,런치 파스타 세트,15900,False,True
03-07,21,런치 스테이크,39000,False,True
03-07,22,파스타 2인 세트,55000,False,True
03-07,23,스테이크 2인 세트,84000,False,True
03-07,24,행복한 4인 세트,129000,False,True
03-07,25,스테이크 4인 세트,159000,False,True
03-08,26,비프 온더 스톤 채끝등심,39900,False,True
03-08,27,로얄 까르보나라 스파게티,19900,False,True
03-08,28,새우 버섯 샐러드,21900,False,True
03-08,29,해산물 토마토 스파게티,21900,False,True
03-08,30,갈비 리조또,24900,False,True
03-08,31,마르게리따 피자,23900,False,True
03-08,32,트러플 프렌치 프라이,10900,False,True
03-08,33,에그 시저 샐러드,18900,False,True
03-08,34,크림 볼로네제 스파게티,19900,False,True
03-08,35,해산물 치오피노 스파게티,23900,False,True
03-08,36,트러플 크림 버섯 리조또,22900,False,True
03-08,37,해산물 토마토 리조또,23900,False,True
03-08,38,에그&베이컨 피자,21900,False,True
03-08,39,트러플 풍기 피자,23900,False,True
03-08,40,비프 온더 스톤 부채살,33900,False,True
03-08,41,비프 온더 스톤 안심,45900,False,True
03-08,42,BBQ 폭립 플래터,43900,False,True
03-08,43,세가지 베리와 바닐라 아이스크림,7000,False,True
03-09,44,콰트로포르마지피자,25800,False,True
03-09,45,1001셀러드,22800,False,True
03-09,46,안심버섯셀러드,31800,False,True
03-09,47,홍합스튜,35000,False,True
03-09,48,디아볼라피자,23800,False,True
03-09,49,바질페스토피자,24800,False,True
03-10,50,파르미지아노 파니니,7700,False,True
03-10,51,피렌체 파니니,7700,False,True
03-10,52,프로슈토 파니니,7700,False,True
03-10,53,토마토모짜렐라 파니니,7700,False,True
03-10,54,연어게살 샌드위치,8800,False,True
03-10,55,BBQ 립 샌드위치,8800,False,True
03-11,56,뽀모도로,21900,False,True
03-11,57,까르보나라,21900,False,True
03-11,58,알리오올리오,20900,False,True
03-11,59,아마트리치아나,21900,False,True
03-11,60,쉬림프토마토,22900,False,True
03-11,61,명란크림,21900,False,True
03-12,62,루꼴라,6000,False,True
03-12,63,부라타치즈,7000,False,True
03-12,64,블랙올리브,2000,False,True
03-12,65,마르게리따 피자,17800,False,True
03-12,66,마르게리따 잘로피자,19200,False,True
03-12,67,마르게리따 콘 부팔라 피자,20800,False,True
03-13,68,딸리아따 디 만조,68000,False,True
03-13,69,클래식 라자냐,26000,False,True
03-13,70,뽈리뽀 알리오 올리오,24000,False,True
03-13,71,까르보나라,22000,False,True
03-13,72,가리비 관자 올리오,26000,False,True
03-13,73,루꼴라 프로슈토 피자,25000,False,True
03-13,74,친퀘 포르모지오 피자,22000,False,True
03-13,75,폭탄피자,27000,False,True
03-13,76,트러플 비스테카,52000,False,True
03-13,77,비스테카 립아이,72000,False,True
03-13,78,프레쉬 마르게리따 피자,19500,False,True
03-13,79,허니콤 모르타델라 토토,25000,False,True
03-13,80,트러플 풍기 피자,24000,False,True
03-13,81,크랩로제 리조또,27000,False,True
03-13,82,부라타 뽀모도로,24000,False,True
03-13,83,화이트 라구 파스타,26000,False,True
03-13,84,카치오 에 페페 뇨끼,26000,False,True
03-13,85,피에몬테 프렌치랙 비스테카,68000,False,True
03-13,86,피렌체 본인 비스테카,98000,False,True
03-13,87,트러플 포르치니 리조또,27000,False,True
03-14,88,토마토 초리조 바질 오일 링귀네,22000,False,True
03-14,89,관자 송화버섯 스파게티,25000,False,True
03-14,90,광어살 스파게티,25000,False,True
03-14,91,토마토 부라타 치즈 스파게티,22000,False,True
03-14,92,에스페소 카르보나라,22000,False,True
03-15,93,봉골레 오일 파스타,24000,False,True
03-15,94,프로슈토 갈레트 플레이트,28000,False,True
03-15,95,부라타 아보카도 플레이트,29000,False,True
03-15,96,어니언 스프,11000,False,True
03-15,97,클래식 버거와 감자튀김,23000,False,True
03-15,98,프렌치 토스트,20000,False,True
03-18,99,수제 미트볼 토마토파스타,26000,False,True
03-18,100,성게알 오일 파스타,29000,False,True
03-18,101,푸타네스카,29000,False,True
03-18,102,카치오페페,26000,False,True
03-18,103,450아마트리치아나&살시치아,19000,False,True
03-18,104,만조리조또,30000,False,True
03-18,105,게살로제리조또,29000,False,True
03-18,106,라자냐,28000,False,True
03-18,107,브라타치즈샐러드,22000,False,True
03-18,108,로스트치킨샐러드,25000,False,True
03-18,109,시저 샐러드,19000,False,True
03-18,110,남해 달고기 스테이크,41000,False,True
03-18,111,한우1++채끝스테이크,98000,False,True
03-19,112,오리지널 시카고피자,28000,False,True
03-19,113,게살 날치알 파스타,12000,False,True
03-19,114,콥샐러드,12500,False,True
03-19,115,훈제연어샐러드,11000,False,True
03-19,116,먹물빠네파스타,15000,False,True
03-19,117,모짜렐라토마토파스타,11000,False,True
03-20,118,봉골레,15000,False,True
03-20,119,티본스테이크,50000,False,True
03-20,120,새우버섯샐러드,13000,False,True
03-20,121,이베리코샐러드,17000,False,True
03-20,122,마르게리따 피자,17000,False,True
03-20,123,콰트로포르마지 피자,20000,False,True
03-20,124,리가토니 베이컨 크림 파스타,16000,False,True
03-20,125,해산물 토마토파스타,18000,False,True
03-20,126,해산물 크림 파스타,19000,False,True
03-20,127,폴드포크리조또,17000,False,True
03-20,128,살몬리조또,18000,False,True
03-20,129,한우 1+ 채끝스테이크,60000,False,True
03-21,130,고르곤졸라 피자,21000,False,True
03-21,131,새우 오일파스타,17000,False,True
03-21,132,마르게리따 피자,18000,False,True
03-21,133,볼로네제,19000,False,True
03-21,134,크림 뇨끼,18000,False,True
03-21,135,버섯 로제파스타,19000,False,True
03-23,136,채끝 등심 스테이크,38000,False,True
03-23,137,부채살 갈 비샐러드,18000,False,True
03-23,138,감베로니 토마토 파스타,17000,False,True
03-23,139,문어 리조또,22000,False,True
03-23,140,마르게리따 피자,18000,False,True
03-24,141,비빔메밀면,10000,False,True
03-24,142,하와이안 갈릭쉬림프 볶음밥,11000,False,True
03-24,143,볼로네제스파게티,13900,False,True
03-24,144,베이컨김치볶음밥,9900,False,True
03-24,145,불고기오므라이스덮밥,11000,False,True
03-24,146,상하이해산물볶음밥,11900,False,True
03-24,147,리코타샐러드,13000,False,True
03-24,148,곡물샐러드,12000,False,True
03-24,149,상하이파스타,10900,False,True
03-26,150,런치세트A,43000,False,True
03-26,151,홈메이드 시저드레싱을 맛을 낸 로메인 샐러드,15000,False,True
03-26,152,나폴리퐁 가지오븐구이,16000,False,True
03-26,153,부팔라 부라티나 치즈 카프레제,19000,False,True
03-26,154,포르치니 버섯 수프,9000,False,True
03-26,155,포모도로 부라타 스파게티,18000,False,True
03-26,156,신선한 바지락으로 맛을 낸 봉골레 스파게티,23000,False,True
03-26,157,일뽀르노퐁 까르보나라 스파게티,23000,False,True
03-26,158,포르치니 리조또,24000,False,True
03-26,159,일뽀르노퐁 볼로네제 라자냐,24000,False,True
03-26,160,하우스 메이드 볼로네제 스파게티,25000,False,True
03-26,161,문어 새우 알리오 올리오 스파게티니,26000,False,True
03-26,162,꽃게를 곁들인 해산물 링귀네 파스타 '페스카토레',32000,False,True
03-26,163,마리나라 콘 부라티나,17000,False,True
03-26,164,마르게리따,19000,False,True
03-26,165,콰트로 포르마지 피자,23000,False,True
03-26,166,D.O.C 피자,24000,False,True
03-26,167,볼로네제 피자,25000,False,True
03-26,168,칼라브레제 피자,25000,False,True
03-26,169,디아볼라,25000,False,True
03-26,170,포르치니 피자,26000,False,True
03-27,171,해산물 오일 파스타,24000,False,True
03-27,172,돼지목살 꽈리고추 파스타,19000,False,True
03-27,173,아보카도 새우 샐러드,19000,False,True
03-27,174,샤프란 해산물 리조또,24000,False,True
03-27,175,보리리조또와 스테이크,90000,False,True
03-28,176,작은 샐러드,2900,False,True
03-28,177,그릴치킨 샐러드,8900,False,True
03-28,178,마늘빵 (1pc),1000,False,True
03-28,179,Set A 마늘빵1+작은샐러드,3900,False,True
03-28,180,Set B 마늘빵2+작은샐러드,4900,False,True
03-28,181,스파게티 포모도로,6900,False,True
03-28,182,스파게티 볼로네이즈,7900,False,True
03-28,183,해산물 스파게티,7900,False,True
03-28,184,얼큰 해산물 스파게티,8900,False,True
03-28,185,치즈오븐 토마토 스파게티,8900,False,True
03-28,186,해산물 치즈오븐 스파게티,8900,False,True
03-28,187,뚝배기 누룽지 얼큰 해산물 스파게티,11900,False,True
03-28,188,해산물 크림스파게티,8900,False,True
03-28,189,스파게티 까르보나라,7900,False,True
03-28,190,날치알 &새우 크림스파게티,8900,False,True
03-28,191,로제소스 해산물 크림스파게티,9900,False,True
03-28,192,케이준 치킨 크림스파게티,8900,False,True
03-28,193,게살&브로콜리 크림스파게티,9900,False,True
03-28,194,뚝배기 매콤한 날치알 새우 크림스파게티,11900,False,True
03-28,195,봉골레 스파게티,8900,False,True
03-33,196,통다리 치킨,29000,False,True
03-33,197,포크 스페어 립,29000,False,True
03-33,198,B.B.Q 비프 립,69000,False,True
03-33,199,토마호크,15000,False,True
03-33,200,B.B.Q 플래터,109000,False,True
03-33,201,포크 립 With 프라이즈,45000,False,True
03-33,202,케이준 감자튀김,4500,False,True
03-33,203,맥앤치즈,6900,False,True
03-33,204,칠리 치즈 프라이,11000,False,True
03-33,205,비프 칠리 나쵸,13000,False,True
03-33,206,핫 버팔로 윙 With 감자튀김,19000,False,True
03-34,207,PASTA,0,False,True
03-34,208,STEAK,0,False,True
03-34,209,GNOCCHI,0,False,True
03-34,210,RISOTTO,0,False,True
03-34,211,SALAD,0,False,True
03-34,212,WINE PAIRING,0,False,True
03-35,213,수제 돈가스,12000,False,True
03-35,214,치즈돈까스,14000,False,True
03-35,215,함박스테이크,15500,False,True
03-35,216,카레 돈가스,14000,False,True
03-35,217,고구마 치즈돈가스,15500,False,True
03-36,218,시그니처 통단호박콩크림스프(2~3인),23800,False,True
03-36,219,시그니처 매콤새우파스타,24000,False,True
03-36,220,라자냐,19800,False,True
03-36,221,피스타치오 토마토 파스타,23000,False,True
03-36,222,아보카도 샐러드,21000,False,True
03-36,223,치폴레 샐러드,16000,False,True
03-36,224,하이볼,8500,False,True
03-36,225,어텀 펌킨 시나몬 라떼,5500,False,True
03-36,226,키즈 함박 세트,14900,False,True
03-37,227,어글리 세트 (2~3인용),42900,False,True
03-38,228,아메리카노,3000,False,True
03-38,229,카페라떼,3500,False,True
03-39,230,이베리코 스테이크(150g),11000,False,True
03-39,231,소고기 큐브 스테이크(160g),11000,False,True
03-39,232,차돌 오일 파스타,11000,False,True
03-39,233,치킨 빠에야,16900,False,True
03-39,234,갈릭 큐브 스테이크(340g),29500,False,True
03-40,235,아넬로샐러드,23000,False,True
03-40,236,연어샐러드,20000,False,True
03-40,237,프리마베라 샐러드,18000,False,True
03-40,238,구름빵 샐러드,20000,False,True
03-40,239,한치구이,25000,False,True
03-40,240,램 토마토파스타,21000,False,True
03-41,241,미트 러버 라자냐,23000,False,True
03-41,242,쉬림프 명란 크림 파스타,19000,False,True
03-41,243,포지티브 샌드위치,13000,False,True
03-41,244,치.치.카도,13000,False,True
03-41,245,우유 생크림 팥빙수,11000,False,True
03-41,246,우유 생크림 인절미 빙수,11000,False,True
03-42,247,Couple Luxury Full Course,98000,False,True
03-42,248,VIP Wine Pairing Set (2인),150000,False,True
03-42,249,와인 소스를 곁들인 와규 소안심 스테이크 (180g),78000,False,True
03-42,250,뼈육수 소스를 곁들인 양갈비(300g),78000,False,True
03-42,251,관자 새우 바질 리가토니,26000,False,True
03-42,252,눈꽃 감바스 알리오 파스타,26000,False,True
03-43,253,아메리카노,15000,False,True
03-43,254,카푸치노,16000,False,True
03-43,255,카페 라떼,16000,False,True
03-43,256,콜드 브루 라떼 (ICE),16000,False,True
03-43,257,바닐라 라떼,17000,False,True
03-44,258,워커바웃 웰링턴 스테이크,67000,False,True
03-44,259,폭립&미트 파스타,25900,False,True
03-44,260,투움바 파스타,25900,False,True
03-44,261,씨푸드 아라비아따,25900,False,True
03-44,262,레몬 치킨 리조또,25900,False,True
03-44,263,치킨 텐더 샐러드,20900,False,True
03-44,264,치폴레 치킨 샐러드,22900,False,True
03-44,265,오지 치즈 후라이즈,10900,False,True
03-44,266,골드 코스트 코코넛 슈림프,20900,False,True
03-44,267,기브미 파이브,38900,False,True
03-44,268,갈릭 립아이,49900,False,True
03-44,269,베이비 백 립(600g),49900,False,True
03-44,270,토마호크 스테이크(100g당),26000,False,True
03-44,271,포터하우스 스테이크(100g당),30000,False,True
03-44,272,스파이시 씨푸드 알리오 올리오,25900,False,True
03-44,273,스파이시 투움바 파스타,25900,False,True
03-46,274,갓성비 매드 런치,22900,False,True
03-46,275,내맘대로 런치 프로모션 세트,77000,False,True
03-46,276,시그니처 스테이크 세트,115000,False,True
03-46,277,스테이크 & 립 콤보 세트,148000,False,True
03-46,278,매드 글레이즈드 립,34900,False,True
03-46,279,만다린 치킨 샐러드,21900,False,True
03-46,280,갈릭페뇨 파스타,26800,False,True
03-46,281,매드 라자냐,28400,False,True
03-46,282,비프 & K-라이스,28400,False,True
03-47,283,Raclette,99000,False,True
03-47,284,Sweet Pumpkin Sujebi,19000,False,True
03-47,285,More veggies pasta,24000,False,True
03-47,286,Muggerbo Ragu Pasta,21000,False,True
03-47,287,Ulleung rice,25000,False,True
03-47,288,Hangover stew,27000,False,True
03-47,289,Rrata Rrata Burrata,27000,False,True
03-47,290,Oh! Lasagna sagna!,21000,False,True
03-47,291,Not Cola It's Rucola,17000,False,True
03-47,292,Spring Naeng-e Oil Pasta,21000,False,True
03-47,293,Grape and Olive,11000,False,True
03-47,294,Just mushrooms,6000,False,True
03-47,295,Dried snack,7000,False,True
03-47,296,Very Berry Cream,8000,False,True
03-47,297,Happy birthday bread,6000,False,True
03-47,298,Monkey Brulee,9000,False,True
03-47,299,Salty Ice cream,14000,False,True
03-48,300,빅 블랙퍼스트(2인),27000,False,True
03-48,301,연어 에그 베네딕트,18000,False,True
03-48,302,베이컨 에그베네딕트,18000,False,True
03-48,303,풀드포크 에그베네딕트,19000,False,True
03-48,304,버섯크림파스타,19000,False,True
03-48,305,새우로제파스타,20000,False,True
03-48,306,올리브오일파스타,19500,False,True
03-48,307,봉골래파스타,21000,False,True
03-48,308,클래식프랜치토스트,17500,False,True
03-48,309,크림치즈프렌치토스트,17500,False,True
03-48,310,살치살스테이크,42000,False,True
03-48,311,아보카도비엘티샌드위치,17500,False,True
03-49,312,홍게 다리살 새우 크림 파스타,19000,False,True
03-49,313,새우 로제 파스타,20000,False,True
03-49,314,어란 오일 파스타,24000,False,True
03-49,315,간장새우 오일 파스타,22000,False,True
03-49,316,올리오 피칸테 (할라피뇨 파스타),18000,False,True
03-49,317,라구 볼로네제 파스타,18000,False,True
03-49,318,아라비아따 치킨 리조또,20000,False,True
03-49,319,스테이크 크림 리조또,21000,False,True
03-49,320,부라타 치즈 샐러드,23000,False,True
03-49,321,아보카도 망고 샐러드,20000,False,True
03-49,322,지중해풍 해산물 샐러드,23000,False,True
03-49,323,감바스 알 아히요,17000,False,True
03-49,324,트리플 치즈 딥핑 나초,17000,False,True
03-49,325,라이브 과카몰리와 칩,17000,False,True
03-49,326,프로슈토 루꼴라 피자,22000,False,True
03-49,327,리코타 스피니치 피자,24000,False,True
03-49,328,고메 불고기 피자,26000,False,True
03-49,329,하와이안 아보카도 피자,23000,False,True
03-49,330,슈퍼 페퍼로니 피자,22000,False,True
03-49,331,슈퍼 슈프림 피자,23000,False,True
03-49,332,미트볼 소시지 피자,26000,False,True
03-50,333,애플팬케이크,23000,False,True
03-50,334,콥샐러드,25000,False,True
03-50,335,시저샐러드,18000,False,True
03-50,336,더치베이비 오리지널,19000,False,True
03-50,337,아메리카노,6500,False,True
03-50,338,에스프레소,5500,False,True
03-50,339,바닐라아이스크림,4500,False,True
03-50,340,초콜릿얼크쉐이크,9500,False,True
03-50,341,레몬에이드,7500,False,True
03-50,342,오렌지에이드,7500,False,True
03-50,343,아이스티,6500,False,True
03-50,344,차용주스,7500,False,True
03-50,345,오렌지주스,7500,False,True
03-50,346,스페셜블랜드커피,5500,False,True
03-50,347,보스톤티,7500,False,True
03-51,348,해미조개전골,65000,False,True
03-51,349,해미편백찜,65000,False,True
03-51,350,해미모듬회大,75000,False,True
03-51,351,해미모듬회中,55000,False,True
03-51,352,가리비치즈구이,45000,False,True
03-51,353,키조개관자버터볶음,25000,False,True
03-52,354,목탄 라구 파스타,25000,False,True
03-52,355,목탄 야끼소바,17000,False,True
03-52,356,꽈리고추 복어 튀김,19000,False,True
03-52,357,목탄 갈릭 등갈비,23000,False,True
03-52,358,목탄 조개 카르파치오,19000,False,True
03-53,359,아마트리치아나 스파게티,12000,False,True
03-53,360,아라비아따 스파게티,12000,False,True
03-53,361,새우토마토스파게티,12000,False,True
03-53,362,미트스파게티,12000,False,True
03-53,363,해산물토마토스파게티,13800,False,True
03-53,364,얼큰국물토마토스파게티,13800,False,True
03-54,365,"치즈 미트 파스타(기본, 치킨, 함박)",7900,False,True
03-54,366,"치킨 스테이크(바베큐, 칠리)",9900,False,True
03-54,367,더블함박 스테이크,12500,False,True
03-54,368,"비프 스테이크(레귤러, 미디엄, 라지)",13500,False,True
03-54,369,"레인보우 스테이크(비프, 치킨, 함박)",16500,False,True
03-54,370,"치즈 스테이크(비프, 치킨, 함박)",18000,False,True
03-54,371,불고기버터밥,7900,False,True
03-54,372,함박덮밥,8900,False,True
03-54,373,헤비모둠덮밥,12900,False,True
03-55,374,감태타르타르,11900,False,True
03-55,375,묵은지회말이,11900,False,True
03-55,376,고사리 크림 수제비,12900,False,True
03-55,377,한우지짐밥,13900,False,True
03-55,378,회국수 카펠리니,11900,False,True
03-55,379,새우감자전,12900,False,True
03-55,380,강된장 케일 쌈밥,12900,False,True
03-55,381,봉골레 칼국수,11900,False,True
03-56,382,쉬림프 칵테일 (6p),18000,False,True
03-56,383,로메인 시저 샐러드 (S),22000,False,True
03-56,384,제로 투 나인 콥 샐러드 (S),25000,False,True
03-56,385,후레쉬 연어 타르타르 샐러드 (S),26000,False,True
03-56,386,가리비 관자와 후추 크림소스 (6p),38000,False,True
03-56,387,허브 버터로 맛을 낸 부드러운 문어,35000,False,True
03-56,388,이태리식 홍합 스튜,32000,False,True
03-56,389,크림차우더,12000,False,True
03-56,390,비프 콘소메,15000,False,True
03-56,391,양송이 크림 스프,12000,False,True
03-56,392,"새우,관자 파스타/리조또 (로제,크림,오일)",32000,False,True
03-56,393,스파게티 봉골레,29000,False,True
03-56,394,부드러운 문어 파스타/리조또,35000,False,True
03-56,395,앵거스 안심 스테이크 (200g),80000,False,True
03-56,396,앵거스 꽃등심 스테이크 (400g),148000,False,True
03-56,397,앵거스 채끝 스테이크 (400g),132000,False,True
03-57,398,화이트 와인세트,68000,False,True
03-57,399,레드 와인 세트,69000,False,True
03-57,400,디아블로 피자,23000,False,True
03-57,401,페퍼로니 피자,23000,False,True
03-57,402,포테이토 피자,24000,False,True
03-57,403,모짜렐라 토마토 피자,24000,False,True
03-58,404,잠봉 뵈르,11000,False,True
03-58,405,잠봉 트러플,13000,False,True
03-58,406,스모크드 베이컨 할라피뇨,12500,False,True
03-58,407,풀드포크 그릴 샌드위치,14000,False,True
03-58,408,치즈 그릴 샌드위치와 트러플 칠리소스,13000,False,True
03-58,409,머쉬룸 스프,8000,False,True
03-58,410,맨해튼 클램 차우더,9000,False,True
03-58,411,칠리에그와 포카치아,19000,False,True
03-58,412,"구운야채와 후무스, 사워도우",15000,False,True
03-58,413,알감자,8000,False,True
03-58,414,4가지 버섯 생면 파스타,21000,False,True
03-58,415,피넛 오리엔탈 생면 파스타,18000,False,True
03-58,416,오늘의 커피,5000,False,True
03-58,417,아메리카노,5000,False,True
03-58,418,라떼,5500,False,True
03-58,419,바닐라빈라떼,6000,False,True
03-58,420,바닐라소다,6000,False,True
03-58,421,스퀴즈 레몬에이드,6500,False,True
03-58,422,얼그레이,6000,False,True
03-58,423,그린루바브,6000,False,True
03-58,424,루이보스 바닐라,6000,False,True
03-59,425,립스테이크 L,36900,False,True
03-59,426,매콤연유 팝콘치킨(20ea),3400,False,True
03-59,427,판타스틱 콤보,9300,False,True
03-59,428,리치 치즈 파스타,7900,False,True
03-59,429,알로하 하와이 L,27900,False,True
03-59,430,콤비네이션 L,27900,False,True
03-59,431,직화불고기 L,33900,False,True
03-59,432,베이컨포테이토 L,33900,False,True
03-59,433,멜팅치즈 포테이토 L,27900,False,True
03-59,434,소이갈릭 윙 4조각,4200,False,True
03-59,435,수퍼슈프림 L,33900,False,True
03-59,436,씨푸드킹 L,36900,False,True
03-59,437,코울슬로,1600,False,True
03-59,438,콤비네이션&페페로니러버 L,27900,False,True
03-59,439,페페로니 러버 L,25900,False,True
03-59,440,치즈 러버 L,23900,False,True
03-60,441,아메리카노,5000,False,True
03-60,442,카페라떼,5300,False,True
03-60,443,초코라떼,5500,False,True
03-60,444,루이보스,5000,False,True
03-60,445,오픈샌드위치,19000,False,True
03-60,446,오일파스타,19000,False,True
03-61,447,토브나인 치즈 포카치아,6000,False,True
03-61,448,명란 알리오 올리오,16900,False,True
03-61,449,봉골레,17900,False,True
03-62,450,(평일) Lunch Course,60000,False,True
03-62,451,Porterhouse (100g),44000,False,True
03-62,452,New YorkStrip (100g),43000,False,True
03-62,453,Filet Mignon (100g),47000,False,True
03-62,454,Caesar Salad,22000,False,True
03-62,455,Fresh Burrata Salad,21000,False,True
03-62,456,House Bacon,18000,False,True
03-62,457,Seafood Platter,0,False,True
03-64,458,2~3인 제철 사시미,48000,False,True
03-64,459,남해안 문어숙회,28000,False,True
03-64,460,문어 세비체,28000,False,True
03-64,461,문어 삼겹보쌈,52000,False,True
03-64,462,문어 육회쌈,55000,False,True
03-64,463,경상도 암소 육회,32000,False,True
03-64,464,전복 새우 버터야끼,35000,False,True
03-64,465,석쇠불고기 떡볶이,29000,False,True
03-64,466,오징어순대와 명태회무침,28000,False,True
03-64,467,도미머리구이,30000,False,True
03-64,468,백합술찜,29000,False,True
03-64,469,생백합탕,32000,False,True
03-64,470,가마보코 어묵나베,24000,False,True
03-64,471,전복게우 파스타,28000,False,True
03-64,472,후토마키(한줄),32000,False,True
03-64,473,히라메 고노와다,38000,False,True
03-64,474,육회감태초밥10p,23000,False,True
03-64,475,날치알 회무침,38000,False,True
03-64,476,후토마키(반줄),18000,False,True
03-65,477,모듬사시미(소),50000,False,True
03-65,478,모듬사시미(중),70000,False,True
03-65,479,성게알 단새우회,45000,False,True
03-65,480,해선안주 5종,60000,False,True
03-65,481,비프칠리 가지 라자냐,25000,False,True
03-65,482,와후 함박스테이크,30000,False,True
03-65,483,와후 감바스,28000,False,True
03-65,484,연어 아보카도 샐러드,28000,False,True
03-65,485,참치 아보카도 트러플오일 무침,32000,False,True
03-65,486,일본식 본로인 카츠,26000,False,True
03-65,487,시메사바 크림치즈 봉초밥,30000,False,True
03-65,488,토마토 해물나베,35000,False,True
03-65,489,스끼야끼 나베,38000,False,True
03-65,490,후토마끼(5pcs),22000,False,True
03-65,491,민물장어 숯불구이,50000,False,True
03-65,492,도미머리 소금구이,30000,False,True
03-65,493,은갈치 버섯말이구이,32000,False,True
03-65,494,아보카도와 참치 프로슈토 타다끼,35000,False,True
03-65,495,시메사바,30000,False,True
03-65,496,시이타케 카츠,28000,False,True
03-66,497,랍스터 비스큐 파스타,38000,False,True
03-66,498,라클렛 4인,119000,False,True
03-66,499,시금치 페스토 타르틴,18000,False,True
03-66,500,에그 포테이토 타르틴,18000,False,True
03-66,501,베이컨 아보카도 타르틴,19000,False,True
03-66,502,잠봉뵈르 타르틴,20000,False,True
03-66,503,레몬리코타 샐러드,22000,False,True
03-66,504,카피콜라 샐러드,24000,False,True
03-66,505,시저 샐러드,25000,False,True
03-66,506,베이컨 크림 파스타,25000,False,True
03-66,507,치폴레 라구 파스타,26000,False,True
03-66,508,보타르가 파스타,32000,False,True
03-66,509,블랙 트러플 포르치니 리조또,36000,False,True
03-66,510,그린커리,25000,False,True
03-66,511,페퍼로니 피자,26000,False,True
03-66,512,콰트로 포르마지 피자,28000,False,True
03-66,513,디아볼라 피자,28000,False,True
03-66,514,블랙 트러플 피자,34000,False,True
03-66,515,라클렛 2인,59000,False,True
03-66,516,우꽃갈비 스테이크,149000,False,True
03-68,517,크런치 프렌치 토스트,20000,False,True
03-68,518,그릴드 치킨 시저샐러드,21000,False,True
03-68,519,뢰스티(유럽식 감자전),16000,False,True
03-68,520,바질 페스토 파스타,19000,False,True
03-68,521,부라타 대저토마토 샐러드,18000,False,True
03-68,522,에그인헬,18000,False,True
03-69,523,마르게리따 피자,16900,False,True
03-69,524,디아볼로 피자,18900,False,True
03-69,525,마리나라 피자,11900,False,True
03-69,526,포모도리니 클리시카 피자,18900,False,True
03-69,527,리코티치즈샐러드,14900,False,True
03-69,528,한우 라구파스타,18900,False,True
03-69,529,한우피간테,20900,False,True
03-69,530,부라타 & 프로슈토,24900,False,True
03-69,531,카프레제,18900,False,True
03-69,532,루꼴라 뽀모도로 파스타,16900,False,True
03-69,533,프로슈토 크림 파스타,18900,False,True
03-69,534,한우 라구라자냐,22900,False,True
03-69,535,프로슈토 루꼴라,22900,False,True
03-69,536,부라타 프로슈토,28900,False,True
03-70,537,베이컨크림파스타,17000,False,True
03-70,538,알리오올리오,17000,False,True
03-70,539,고르곤졸라피자,18000,False,True
03-70,540,페퍼로니피자,18000,False,True
03-70,541,감자튀김,10000,False,True
03-70,542,한치,16000,False,True
03-70,543,참치카나페,15000,False,True
03-70,544,오지치즈프라이,17000,False,True
03-70,545,반건조오징어버터구이,16000,False,True
03-70,546,먹태,16000,False,True
03-70,547,육포&쥐포,17000,False,True
03-71,548,숙성회모듬,54000,False,True
03-71,549,숙성광어회,35000,False,True
03-71,550,추천꼬치 7종,28000,False,True
03-71,551,민물장어 볏짚구이,30000,False,True
03-71,552,나가사키짬뽕,26000,False,True
03-71,553,스키야끼,32000,False,True
03-71,554,차돌박이 숙주볶음,22000,False,True
03-71,555,와사비크림새우,22000,False,True
03-71,556,명란오일파스타,22000,False,True
03-71,557,새우먹물파스타,24000,False,True
03-71,558,우니크림파스타,32000,False,True
03-71,559,전복내장파스타,30000,False,True
03-71,560,소고기 가라아게,28000,False,True
03-71,561,왕새우튀김,26000,False,True
03-71,562,치킨난반,26000,False,True
03-71,563,치킨가라아게,23000,False,True
03-71,564,문어가라아게,23000,False,True
03-71,565,표고버섯 새우튀김,25000,False,True
03-71,566,모츠나베,32000,False,True
03-71,567,꽃게탕,32000,False,True
03-71,568,스지오뎅탕,25000,False,True
03-72,569,청포묵무침,17000,False,True
03-72,570,한입 야채쌈과 송어 그라브락스,19000,False,True
03-72,571,문어와 녹두감자퓨레,24000,False,True
03-72,572,항정살 샐러드,24000,False,True
03-72,573,우렁된장 크림리조또,23000,False,True
03-72,574,감자전,25000,False,True
03-72,575,명태회 들기름 파스타,29000,False,True
03-72,576,수육 쌈장 파스타,29000,False,True
03-72,577,항정상 오일 파스타,29000,False,True
03-72,578,떡갈비 튀김,30000,False,True
03-72,579,오리다리 콩피,38000,False,True
03-72,580,이베리코 뼈등심과 묵은지,42000,False,True
03-72,581,어슬 갈비덮밥,35000,False,True
03-72,582,오븐치킨과 시래기,35000,False,True
03-72,583,버섯전골과 제철생선,35000,False,True
03-72,584,가래떡과 조청,10000,False,True
03-72,585,야채스틱과 팥크림,9000,False,True
03-72,586,아이스크림을 채운 슈와 약과,13000,False,True
03-73,587,클래식함박스테이크,9700,False,True
03-73,588,크림함박스테이크,19700,False,True
03-73,589,매운로제함박스테이크,19700,False,True
03-73,590,카레함박스테이크,19700,False,True
03-73,591,로제파스타,16000,False,True
03-73,592,베이컨할리피뇨크림파스타,16000,False,True
03-74,593,마르게리타,18000,False,True
03-74,594,액스트라 마르게리타,23000,False,True
03-74,595,마리나라,14000,False,True
03-74,596,카프레제 샐러드,24000,False,True
03-74,597,아네스 샐러드,16000,False,True
03-75,598,오리지날 까르보나라,16000,False,True
03-76,599,핑거 플레이트,21000,False,True
03-76,600,미트볼 토마토 파스트,19000,False,True
03-76,601,트러플 오일 쉬림프 파스타,19000,False,True
03-76,602,빠네 크림 파스타,21000,False,True
03-77,603,빼쉐파스타,8900,False,True
03-77,604,참스테이크,13500,False,True
03-77,605,봉골레파스타,7000,False,True
03-77,606,매운우삽겹오일파스타,7900,False,True
03-77,607,알리오 올리오,5500,False,True
03-77,608,우삼겹 도리아,7900,False,True
03-77,609,스테이크 크림 파스타,9500,False,True
03-77,610,해물 크림 파스타,8500,False,True
03-77,611,고르곤졸라피자(S),7300,False,True
03-79,612,옥수수새우(R),22800,False,True
03-79,613,치즈피자(R),17800,False,True
03-79,614,콰트로치즈(R),21800,False,True
03-79,615,스윗고구마(R),20800,False,True
03-79,616,페퍼로니(R),18800,False,True
03-79,617,더블페퍼로니(R),20800,False,True
03-79,618,체다베이컨(R),20800,False,True
03-79,619,바질마스카포네뇨끼(R),21800,False,True
03-79,620,베이컨포테이토(R),20800,False,True
03-79,621,버섯불고기(R),20800,False,True
03-79,622,베이컨하와이안(R),21800,False,True
03-79,623,슈퍼콤비네이션(R),22800,False,True
03-79,624,에멘탈머쉬룸(R),20800,False,True
03-79,625,하프앤하프(R),18800,False,True
03-80,626,수제 칠리 도그 시그니처 TX,9500,False,True
03-80,627,수제 라구 볼로네제 도그,10500,False,True
03-80,628,수제 화이트그레이비 도그,10500,False,True
03-80,629,수제 칠리 파스타,10000,False,True
03-80,630,칠리 라이스,8500,False,True
03-81,631,더 치즈버거(140g),9800,False,True
03-81,632,브루클린 웍스(140g),12500,False,True
03-81,633,크.림.(140g),12200,False,True
03-81,634,치즈 스커트(140g),12800,False,True
03-81,635,뉴 멕시코(140g),12000,False,True
03-81,636,리얼 맥코이(140g),12000,False,True
03-81,637,냅킨 플리즈(140g),13200,False,True
03-81,638,버르게리타(140g),13700,False,True
03-81,639,판타스틱 4,15600,False,True
03-81,640,빅피쉬,11200,False,True
03-81,641,램버거,14300,False,True
03-81,642,필리치즈스테이크,14200,False,True
03-81,643,더치즈버거(200g),12800,False,True
03-81,644,브루클린 웍스(200g),15500,False,True
03-81,645,크.림.(200g),15200,False,True
03-81,646,치즈 스커트(200g),15800,False,True
03-81,647,뉴 멕시코(200g),15000,False,True
03-81,648,리얼 맥코이(200g),15000,False,True
03-81,649,냅킨 플리즈(200g),16200,False,True
03-81,650,버르게리타(200g),16700,False,True
03-81,651,바닐라 클래식 밀크쉐이크,7800,False,True
03-82,652,시그니처 라자냐,23000,False,True
03-82,653,프렌치 블루베리 크레페&바나나브륄레,18000,False,True
03-82,654,시즈널 티라미수,9000,False,True
03-82,655,멀멀 라떼,5500,False,True
03-84,656,에그연어베네딕트,17000,False,True
03-84,657,통베이컨버섯구이세트,18000,False,True
03-84,658,오션문수제햄버거세트,18000,False,True
03-85,659,단호박 고구마 샐러드,8900,False,True
03-85,660,훈제 오리 샐러드,9900,False,True
03-85,661,귀리 연어 샐러드,9900,False,True
03-85,662,코코넛 단호박 스프,5000,False,True
03-85,663,루이보스티,3500,False,True
03-85,664,닭 안심 샐러드,8900,False,True
03-87,665,오리지널,17900,False,True
03-87,666,고추바사삭,19900,False,True
03-87,667,치즈바사삭,19900,False,True
03-87,668,남해마늘바사삭,20900,False,True
03-87,669,마라 고추 바사삭,20900,False,True
03-87,670,오븐 바사삭,18900,False,True
03-87,671,갈비천왕,19900,False,True
03-87,672,볼케이노,19900,False,True
03-87,673,맵단짠치킨,19900,False,True
03-87,674,불금치킨,19900,False,True
03-87,675,양념히어로,19900,False,True
03-87,676,갈비천왕 그릴드 비프 피자,17000,False,True
03-87,677,시카고 딥디쉬 피자,17500,False,True
03-87,678,바비큐 시카고 피자,18900,False,True
03-87,679,스윗콘치즈피자,9000,False,True
03-87,680,페퍼로니시카고피자,18900,False,True
03-87,681,허니멜로 스윗포테이토 피자,17700,False,True
03-87,682,바질&토마토피자,9000,False,True
03-87,683,트리플 포테이토 피자,14900,False,True
03-87,684,리코타&브리 시카고 딥디쉬 피자,18900,False,True
03-87,685,폭립,21000,False,True
03-88,686,픽샐 베이직 샐러드,7000,False,True
03-88,687,페퍼카우 샐러드,10000,False,True
03-88,688,그릴드 치킨 샐러드,10000,False,True
03-88,689,치킨시저 샐러드,10000,False,True
03-88,690,베리코타 샐러드,10000,False,True
03-89,691,립스테이크 L,36900,False,True
03-89,692,매콤연유 팝콘치킨(20ea),3400,False,True
03-89,693,판타스틱 콤보,9300,False,True
03-89,694,리치 치즈 파스타,7900,False,True
03-89,695,알로하 하와이 L,27900,False,True
03-89,696,콤비네이션 L,27900,False,True
03-89,697,직화불고기 L,33900,False,True
03-89,698,베이컨포테이토 L,33900,False,True
03-89,699,멜팅치즈 포테이토 L,27900,False,True
03-89,700,소이갈릭 윙 4조각,4200,False,True
03-89,701,수퍼슈프림 L,33900,False,True
03-89,702,씨푸드킹 L,36900,False,True
03-89,703,코울슬로,1600,False,True
03-89,704,콤비네이션&페페로니러버 L,27900,False,True
03-89,705,페페로니 러버 L,25900,False,True
03-89,706,치즈 러버 L,23900,False,True
03-90,707,맑은 미나리 닭곰탕,9500,False,True
03-90,708,우삼겹 김치 볶음밥,9500,False,True
03-90,709,미나리 닭 칼국수,10000,False,True
03-90,710,들기름 간장 비빔국수,9000,False,True
03-90,711,닭갈비 볶음밥,9500,False,True
03-90,712,곁들임 항정수육,9500,False,True
03-91,713,소고기 시금치크림리조또,25000,False,True
03-91,714,안심 스테이크,68000,False,True
03-91,715,엔쵸비파스타,23000,False,True
03-91,716,블랙올리브 파스타,23000,False,True
03-91,717,치즈플레이트,25000,False,True
03-91,718,관자 구이,18000,False,True
03-92,719,미트칠리 라자냐,23000,False,True
03-92,720,치폴레 피자,24000,False,True
03-92,721,부라타 애플시나몬 샐러드,21000,False,True
03-92,722,버팔로 스틱,18000,False,True
03-92,723,칠리치즈 나초 플래터,18000,False,True
03-92,724,비프 저키 & 넛츠,15000,False,True
03-92,725,소금빵 핫도그,8000,False,True
03-92,726,소금빵 칠리도그,9000,False,True
03-93,727,트레디셔널,6700,False,True
03-93,728,더블 치즈 스테이크,8900,False,True
03-93,729,치킨 까르보나라,6900,False,True
03-93,730,플렉스 스테이크,7500,False,True
03-94,731,생연어초밥(6P),9500,False,True
03-94,732,모듬초밥(10P),12000,False,True
03-94,733,모듬YOU,8900,False,True
03-94,734,생연어덮밥,9900,False,True
03-94,735,치킨크림파스타,13900,False,True
03-95,736,바질레몬에이드,5500,False,True
03-95,737,복숭아에이드,5500,False,True
03-95,738,생파인애플모히또,6500,False,True
03-95,739,제로콜라,3000,False,True
03-95,740,콜라,3000,False,True
03-95,741,사이다,3000,False,True
03-95,742,탄산수,5000,False,True
03-95,743,홈메이드와사비타르타르,19000,False,True
03-95,744,파스타,22000,False,True
03-95,745,크림파스타,22000,False,True
03-95,746,리조또,23000,False,True
03-95,747,갈릭프라이드라이스,40000,False,True
03-98,748,감자 그라탕,18000,False,True
03-98,749,가지 그라탕,18000,False,True
03-98,750,감바스 알 아히요,27000,False,True
03-98,751,페퍼로니 감자 뢰스티,25000,False,True
03-98,752,새우 오일 파스타,19000,False,True
03-98,753,매콤 로제 파스타,19000,False,True
03-98,754,차돌박이 깻잎 파스타,23000,False,True
03-98,755,해산물 토마토 국물 파스타,20000,False,True
03-98,756,머쉬룸 트러플 크림 파스타,19000,False,True
03-98,757,토마토 파스타,19000,False,True
03-98,758,등심 버섯 크림 리조또,27000,False,True
03-98,759,비프 찹스테이크,29000,False,True
03-98,760,한우 안심 스테이크 (200g),75000,False,True
03-98,761,한우 채끝등심 스테이크 (200g),67000,False,True
03-98,762,아이올리 샐러드,16000,False,True
03-98,763,버섯구이 샐러드,18000,False,True
03-98,764,부라타 치즈 샐러드,19000,False,True
03-98,765,큐브 스테이크 샐러드,22000,False,True
03-98,766,베이컨 배추구이,15000,False,True
03-98,767,콘노이 플레이트,28000,False,True
03-98,768,메론 프로슈토&올리브,17000,False,True
03-100,769,오리지널,17900,False,True
03-100,770,고추바사삭,19900,False,True
03-100,771,치즈바사삭,19900,False,True
03-100,772,남해마늘바사삭,20900,False,True
03-100,773,마라 고추 바사삭,20900,False,True
03-100,774,오븐 바사삭,18900,False,True
03-101,775,시저샐러드 with 크루톤 and 베이컨,10000,False,True
03-101,776,로제 파스타,16000,False,True
03-101,777,로제 리조또,17000,False,True
03-101,778,알리 올리오 파스타,15000,False,True
03-101,779,크림 리조또,18000,False,True
03-103,780,홍새우&비스크소스 먹물 카펠리니,23000,False,True
03-103,781,바스크치즈케이크,8000,False,True
03-103,782,잠봉 프로마쥬,14000,False,True
03-103,783,시오샌드위치,9000,False,True
03-103,784,쿼드러플치즈 그릴샌드위치,14500,False,True
03-103,785,파스트라미 그릴샌드위치,16000,False,True
03-103,786,풀드포크 그릴샌드위치,14000,False,True
03-103,787,잠봉뵈르,11000,False,True
03-103,788,스모크드 베이컨 할라피뇨 바게트,12500,False,True
03-103,789,잠봉 트러플,13000,False,True
03-103,790,아메리카노,5000,False,True
03-103,791,체리사워,6800,False,True
03-103,792,시트러스에이드,6800,False,True
03-103,793,TEA,6000,False,True
03-103,794,하우스 레드 와인,12000,False,True
03-103,795,하우스 화이트 와인,15000,False,True
03-103,796,100% 당근쥬스,7000,False,True
03-103,797,100% 케일사과쥬스,7500,False,True
03-103,798,바닐라소다에이드,6000,False,True
03-103,799,스퀴즈 레몬에이드,6500,False,True
03-104,800,에스프레소 뱅업,4500,False,True
03-104,801,에스프레소 버티팻 트리오,5000,False,True
03-104,802,아메리카노 뱅업 HOT,4500,False,True
03-104,803,아메리카노 버티펫 트리오 HOT,5000,False,True
03-104,804,카페라떼 HOT,5500,False,True
03-104,805,바닐라라떼 HOT,5500,False,True
03-104,806,카푸치노,5500,False,True
03-104,807,바닐라 펀치,5500,False,True
03-104,808,초코라떼 HOT,6000,False,True
03-104,809,메도우 HOT,5500,False,True
03-104,810,라벤더 HOT,5500,False,True
03-104,811,히비스커스 HOT,5500,False,True
03-104,812,자스민 HOT,5500,False,True
03-104,813,패퍼민트 HOT,5500,False,True
03-104,814,레드 글래스 와인,12000,False,True
03-104,815,화이트 글래스 와인,12000,False,True
03-104,816,레몬에이드,6000,False,True
03-104,817,블루레몬에이드,6500,False,True
03-105,818,숙성 사시미,40000,False,True
03-105,819,금태 사시미,35000,False,True
03-105,820,고등어 사시미,20000,False,True
03-105,821,시메사바 보우즈시,24000,False,True
03-105,822,스시 12pcs,22000,False,True
03-105,823,우니 단새우 관자,45000,False,True
03-105,824,후토마끼,30000,False,True
03-105,825,카니미소 파스타,18000,False,True
03-105,826,전복 내장 파스타,18000,False,True
03-105,827,브리치즈 후라이,16000,False,True
03-105,828,모츠나베,30000,False,True
03-105,829,제철 조개 술찜,24000,False,True
03-105,830,가지볶음,13000,False,True
03-105,831,모듬 초밥 (8pcs) (점심메뉴),15000,False,True
03-105,832,고등어 봉초밥 (half) (점심메뉴),12000,False,True
03-105,833,연어 초밥 (10pcs) (점심메뉴),21000,False,True
03-105,834,광어초밥 (10pcs) (점심메뉴),22000,False,True
03-105,835,도미초밥 (10pcs) (점심메뉴),22000,False,True
03-106,836,트리플 스테이크,15800,False,True
03-106,837,대창 덮밥,12500,False,True
03-106,838,400 스테이크 덮밥 (하루 7그릇 한정),15200,False,True
03-106,839,가정식 스테이크 구첩 반상(한정메뉴),15900,False,True
03-106,840,곱창 가정식 스테이크(한정메뉴),18700,False,True
03-106,841,곱창 대창 덮밥 (곱대),13900,False,True
03-106,842,가정식 부챗살 스테이크,14800,False,True
03-106,843,미도인 가정식 스테이크,13800,False,True
03-106,844,화산 불백 덮밥,9300,False,True
03-106,845,미도인 스테이크 덮밥,10500,False,True
03-106,846,대창 큐브 스테이크 덮밥,14800,False,True
03-106,847,곱창 대창 큐브스테이크 덮밥 (한정메뉴),16800,False,True
03-106,848,청두 사천 탄탄멘,8800,False,True
03-106,849,미도인 곱창 라멘 (한정메뉴),12800,False,True
03-106,850,미도인 우실장 떡볶이,9500,False,True
03-106,851,미도인 곱창 떡볶이 (한정메뉴),13900,False,True
03-106,852,새우 로제 생면 파스타,13800,False,True
03-106,853,명란 크림 파스타,12800,False,True
03-106,854,바질크림 새우파스타,14800,False,True
03-106,855,미도인 마제소바 / 곱대 마제소바,0,False,True
03-107,856,고구마피자,10900,False,True
03-107,857,까르보네피자,12900,False,True
03-107,858,깐쇼새우피자,14900,False,True
03-107,859,나폴리피자,12900,False,True
03-107,860,닭안심살피자,14900,False,True
03-107,861,도이치바이트피자,14900,False,True
03-107,862,멕시칸바이트피자,14900,False,True
03-107,863,불고기피자,11900,False,True
03-107,864,비프퀘사디아피자,13900,False,True
03-107,865,스테이크피자,13900,False,True
03-107,866,아이리쉬포테이토피자,12900,False,True
03-107,867,아채퀘사디아피자,13900,False,True
03-107,868,직화파인애플피자,13900,False,True
03-107,869,직화홀릭바이트피자,14900,False,True
03-107,870,치즈피자,8900,False,True
03-107,871,치킨퀘사디아피자,13900,False,True
03-107,872,콤비네이션피자,10900,False,True
03-107,873,페퍼로니피자,9900,False,True
03-107,874,포테이토피자,11900,False,True
03-107,875,핫치킨피자,10900,False,True
03-107,876,더블갈릭바베큐피자,13900,False,True
03-108,877,고구마피자,10900,False,True
03-108,878,까르보네피자,12900,False,True
03-108,879,깐쇼새우피자,14900,False,True
03-108,880,나폴리피자,12900,False,True
03-108,881,닭안심살피자,14900,False,True
03-108,882,도이치바이트피자,14900,False,True
03-109,883,코스타리카 게이샤,20000,False,True
03-109,884,카페 베리,15000,False,True
03-109,885,케냐 피베리,12000,False,True
03-109,886,에티오피아 예가체프 G2 워시드,11000,False,True
03-109,887,루이보스 슈가플럼,9000,False,True
03-109,888,터키쉬 애플,9000,False,True
03-109,889,NYC 브렉퍼스트,9000,False,True
03-109,890,하동 볶은 녹차(쵸리차),9000,False,True
03-109,891,피치 우롱,9000,False,True
03-109,892,아메리카노,8000,False,True
03-109,893,카페라떼,8500,False,True
03-110,894,Lunch 회오리 오므라이스,12000,False,True
03-110,895,Lunch 알리오 올리오 파스타,15000,False,True
03-110,896,Lunch봉골레 파스타,16000,False,True
03-110,897,Lunch 명란 로제 파스타,16000,False,True
03-110,898,Lunch 페퍼로니 피자,15000,False,True
03-110,899,Lunch 마르게리타 피자,16000,False,True
03-111,900,정직유부,4500,False,True
03-111,901,비빔막국수,6500,False,True
03-111,902,물비빔막국수,7000,False,True
03-111,903,참치마요유부,5600,False,True
03-111,904,볶음김치유부,5600,False,True
03-111,905,불고기유부,5600,False,True
03-111,906,에그유부,5600,False,True
03-111,907,크래미와사마요유부,5600,False,True
03-111,908,닭갈비유부,5600,False,True
03-111,909,매콤참치유부,5600,False,True
03-111,910,시그니처 8종 모둠세트,12500,False,True
03-111,911,정직냉모밀,6500,False,True
03-111,912,삼겹비빔면,5200,False,True
03-111,913,순두부우동,6200,False,True
03-111,914,정직우동,5000,False,True
03-111,915,정직라면,4000,False,True
03-111,916,참깨두계면,6200,False,True
03-111,917,정직우볶이,3900,False,True
03-111,918,닭곰탕우동,6200,False,True
03-114,919,해물빠에야솥밥(2인),29000,False,True
03-114,920,비프&포크소보로솥밥(2인),32000,False,True
03-114,921,포르치니소고기솥밥(2인),38000,False,True
03-114,922,스파이시쭈꾸미솥밥(2인),27000,False,True
03-114,923,상하이파스타,20000,False,True
03-114,924,차돌된장파스타,25000,False,True
03-114,925,토마토콜드파스타,17000,False,True
03-116,926,알리오올리오,9000,False,True
03-116,927,버섯크림,9500,False,True
03-116,928,아라비아따,9500,False,True
03-116,929,베이컨크림,9900,False,True
03-116,930,쉬림프로제,12400,False,True
03-116,931,김치볶음밥,9500,False,True
03-116,932,베이컨토마토리조또,9900,False,True
03-116,933,버섯크림리조또,9900,False,True
03-116,934,그릭요거트,5000,False,True
03-116,935,아메리카노,2000,False,True
03-116,936,카페라떼,3500,False,True
03-116,937,자몽에이드,3500,False,True
03-116,938,레몬에이드,3500,False,True
03-116,939,청포도에이드,3500,False,True
03-116,940,부채살스테이크,14900,False,True
03-116,941,닭가슴말,9900,False,True
03-116,942,연어포케,13400,False,True
03-116,943,쉬림프포케,10900,False,True
03-116,944,알리올리오,9000,False,True
03-117,945,스트로짜쁘레띠 알 라구비앙꼬,25000,False,True
03-118,946,후무스플레이트,15000,False,True
03-118,947,보리묵은지포케,15000,False,True
03-118,948,퀴노아쉬림프포케,15000,False,True
03-118,949,버미셀리베트남샐러드,14000,False,True
03-118,950,브라운버섯샐러드,16000,False,True
03-118,951,해물빠에야솥밥(2인),30000,False,True
03-118,952,포크소보로솥밥,32000,False,True
03-118,953,포르치니소고기솥밥,38000,False,True
03-118,954,스파이시쭈꾸미솥밥,28000,False,True
03-118,955,스파이시비프스튜,35000,False,True
03-118,956,안심스테이크,52000,False,True
03-118,957,양념포크후라이드,30000,False,True
03-118,958,안심가라아게,27000,False,True
03-118,959,미나리한치초무침,32000,False,True
03-118,960,꽃게감바스,30000,False,True
03-118,961,엔초비꽈리고추,13000,False,True
03-118,962,상하이파스타,23000,False,True
03-118,963,차돌된장파스타,27000,False,True
03-118,964,들기름알리오올리오,24000,False,True
03-118,965,토마토콜드파스타,20000,False,True
03-119,966,MZ's Pick (L),30900,False,True
03-119,967,고스트 페파로니 (R),18900,False,True
03-119,968,더블바베큐 (R),20900,False,True
03-119,969,더블포크쉬림프 (R),21900,False,True
03-119,970,레드올림 고구마 (R),19900,False,True
03-119,971,반올림고구마 (R),19900,False,True
03-121,972,파스타,0,False,True
03-122,973,치킨플레이트,7900,False,True
03-122,974,포크플레이트,8900,False,True
03-122,975,비프플레이트,11900,False,True
03-122,976,치킨샐러드파스타,8900,False,True
03-122,977,포크샐러드파스타,9900,False,True
03-122,978,비프샐러드파스타,12900,False,True
03-122,979,치킨로제샐러드파스타,9900,False,True
03-122,980,포크로제샐러드파스타,10900,False,True
03-122,981,비프로제샐러드파스타,13900,False,True
03-122,982,치킨데리야끼덮밥,8900,False,True
03-122,983,포크명이나물덮밥,9900,False,True
03-122,984,비프와사비덮밥,12900,False,True
03-122,985,더블치킨데리야끼덮밥,9900,False,True
03-122,986,더블포크명이나물덮밥,11900,False,True
03-122,987,더블비프와사비덮밥,18900,False,True
03-122,988,치킨커리덮밥,9900,False,True
03-122,989,포크커리덮밥,10900,False,True
03-122,990,비프커리덮밥,13900,False,True
03-123,991,비프 온더 스톤 안심(170g),47900,False,True
03-123,992,비프 온더 스톤 채끝등심(170g),39900,False,True
03-123,993,비프 온더 스톤 부채살(210g),36900,False,True
03-123,994,본인 립아이 스테이크(500g),119000,False,True
03-123,995,스윗 포테이토 프라이즈,10900,False,True
03-123,996,과카몰리 치킨 샐러드,17900,False,True
03-123,997,마르게리따,24900,False,True
03-123,998,트러플 풍기 피자,23900,False,True
03-123,999,고르곤졸라 피자,23900,False,True
03-123,1000,봉골레 가리비 스파게티,23900,False,True
03-123,1001,해산물 치오피노스파게티,23900,False,True
03-123,1002,감태페스토 전복 리조또,25900,False,True
03-123,1003,갈비리조또,26900,False,True
03-123,1004,로얄 까르보나라 스파게티,19900,False,True
03-123,1005,새우 날치알 크림 파스타,20900,False,True
03-123,1006,크림 볼로네제 스파게티,19900,False,True
03-123,1007,양송이 스프,6900,False,True
03-123,1008,티본 스테이크(850g),179000,False,True
03-123,1009,BBQ 폭립 플래터(600g),43900,False,True
03-124,1010,낙원오믈렛,14900,False,True
03-124,1011,김치오믈렛,14900,False,True
03-124,1012,낙원 모듬카츠,16900,False,True
03-124,1013,오리지날 산도,10900,False,True
03-124,1014,나폴리탄 파스타,13900,False,True
03-124,1015,통베이컨 매콤크림 파스타,15900,False,True
03-125,1016,연어덮밥,13900,False,True
03-125,1017,연어&아보카도덮밥,11900,False,True
03-125,1018,명란마요 스팸+아보카도 덮밥,11900,False,True
03-125,1019,대게내장덮밥,10900,False,True
03-126,1020,스페인식크로켓,18000,False,True
03-126,1021,스페인식감자요리,18500,False,True
03-126,1022,감바스앤바게트,19500,False,True
03-126,1023,스페인식문어요리,30000,False,True
03-127,1024,매운미트 스파게티,4500,False,True
03-127,1025,미트소스 스파게티,4500,False,True
03-127,1026,토마토소스 스파게티,4500,False,True
03-127,1027,토마토치킨 스파게티,5300,False,True
03-127,1028,아마트리치아나 스파게티,5800,False,True
03-127,1029,해산물 스파게티,6800,False,True
03-127,1030,크림양송이 스파게티,5800,False,True
03-127,1031,크림치킨 스파게티,6300,False,True
03-127,1032,까르보나라 스파게티,6500,False,True
03-127,1033,매운 까르보나라 스파게티,6500,False,True
03-127,1034,크림고추새우 스파게티,6800,False,True
03-127,1035,크림칠리게살 스파게티,6800,False,True
03-127,1036,크림해산물 스파게티,6800,False,True
03-127,1037,베이컨올리오 스파게티,6300,False,True
03-127,1038,매운오븐치즈크림 스파게티,6800,False,True
03-127,1039,알리오올리오 스파게티,5800,False,True
03-127,1040,봉골레 스파게티,6300,False,True
03-127,1041,토마토짬뽕 스파게티,6800,False,True
03-127,1042,게살새우올리오 스파게티,6800,False,True
03-127,1043,새우볶음밥,5800,False,True
03-128,1044,광어 카르파치오,9000,False,True
03-128,1045,치킨 샐러드,17000,False,True
03-128,1046,가지 샐러드,19000,False,True
03-128,1047,새우알리오 에 올리오,17000,False,True
03-128,1048,아귀간 파스타,23000,False,True
03-128,1049,청어 파스타,23000,False,True
03-128,1050,봉골레 파스타,21000,False,True
03-128,1051,버섯크림 파스타,22000,False,True
03-128,1052,전복 크림 파스타,24000,False,True
03-128,1053,미트볼 파스타,22000,False,True
03-128,1054,치오피노 파스타,25000,False,True
03-128,1055,안심 스테이크,49800,False,True
03-128,1056,채끝 슬라이스 with 볶음김치,39800,False,True
03-130,1057,리코타치즈 샐러드,15000,False,True
03-130,1058,비프 샐러드,17000,False,True
03-130,1059,마르게리따 피자,20000,False,True
03-130,1060,고르곤졸라 피자,20000,False,True
03-130,1061,풍기 피자,22000,False,True
03-130,1062,하몽 루꼴라 피자,25000,False,True
03-130,1063,뽀모도로 파스타,17000,False,True
03-130,1064,아마트리치아나 파스타,18000,False,True
03-130,1065,해산물 토마토 파스타,19000,False,True
03-130,1066,새우 로제 파스타,19000,False,True
03-130,1067,크로산테 파스타,20000,False,True
03-130,1068,볼로네제 파스타,21000,False,True
03-130,1069,봉골레 파스타,18000,False,True
03-130,1070,새우오일 파스타,19000,False,True
03-130,1071,명란새우 파스타,19000,False,True
03-130,1072,까르보나라 파스타,18000,False,True
03-130,1073,오리지널 까르보나라 파스타,19000,False,True
03-130,1074,해산물 크림 파스타,19000,False,True
03-130,1075,투움바 파스타,19000,False,True
03-130,1076,고르곤졸라 파스타,20000,False,True
03-130,1077,해산물 토마토 리조토,18000,False,True
03-131,1078,하와이안피자,8500,False,True
03-131,1079,리치골드피자,7000,False,True
03-132,1080,에이드,4000,False,True
03-132,1081,아메리카노,2500,False,True
03-132,1082,크림 파스타,7800,False,True
03-132,1083,알리오 올리오,7300,False,True
03-132,1084,토마토 파스타,6800,False,True
03-132,1085,페퍼로니 피자,8800,False,True
03-133,1086,매운 까르보나라,7300,False,True
03-133,1087,까르보나라,6900,False,True
03-133,1088,알리오 올리오,6900,False,True
03-133,1089,오븐 크림,7900,False,True
03-133,1090,토마토 파스타,6200,False,True
03-133,1091,버섯크림파스타,6200,False,True
03-134,1092,런치,60000,False,True
03-138,1093,새우 베이컨 파스타,22000,False,True
03-138,1094,해산물 파스타,23000,False,True
03-138,1095,매콤한 토마토소스의 비프 스튜 파스타,23000,False,True
03-138,1096,바질 크림 새우 파스타,22000,False,True
03-138,1097,아보카도를 곁들인 명란 크림 파스타,23000,False,True
03-138,1098,등심스테이크를 곁들인 크림소시의 리가토니 파스타,27000,False,True
03-138,1099,마르게리타피자,21000,False,True
03-138,1100,블루베리크림치즈피자,2900,False,True
03-138,1101,루꼴라피자,23000,False,True
03-138,1102,콰트로고르곤졸라피자,23000,False,True
03-138,1103,비스마르크피자,23000,False,True
03-138,1104,제노베제피자,24000,False,True
03-144,1105,안심스테이크,53000,False,True
03-144,1106,빼쉐리소토,24000,False,True
03-144,1107,만조리소토,28000,False,True
03-144,1108,굴라쉬리소토,24000,False,True
03-144,1109,만조샐러드,24000,False,True
03-144,1110,리코타치즈샐러드,17000,False,True
03-144,1111,풍기샐러드,20000,False,True
03-144,1112,카프레제,18000,False,True
03-144,1113,디아볼라,21000,False,True
03-144,1114,마르게리따,22000,False,True
03-144,1115,카프리쵸사,24000,False,True
03-144,1116,엑스트라마르게리따,25000,False,True
03-145,1117,2인 와규세트,92000,False,True
03-145,1118,4개월미만 양프렌치랙스테이크,45000,False,True
03-145,1119,이베리코흑돼지 브런치,17900,False,True
03-145,1120,함박스테이크,23000,False,True
03-146,1121,쉬림프 로제 파스타,13900,False,True
03-146,1122,스파이시 투움바 파스타,12500,False,True
03-146,1123,와카스 파스타,13000,False,True
03-146,1124,스테키 나폴리 파스타,12000,False,True
03-146,1125,명란 파스타,9300,False,True
03-146,1126,하야시 메밀소바,7800,False,True
03-147,1127,엔초비파스타+미티볼,11500,False,True
03-147,1128,서울 미트볼,11500,False,True
03-147,1129,그레이비 미트볼,11500,False,True
03-147,1130,엔초비 머쉬룸 파스타,11900,False,True
03-147,1131,서울 비빔밥,9500,False,True
03-148,1132,머쉬룸 스프,6900,False,True
03-148,1133,크로와상 샌드위치,5400,False,True
03-148,1134,아보카도 샌드위치,6900,False,True
03-148,1135,리코타치즈 샐러드,13900,False,True
03-148,1136,샐러드 파스타,14900,False,True
03-148,1137,시저 샐러드,10900,False,True
03-150,1138,갓성비 매드 런치,22900,False,True
03-150,1139,내맘대로 런치 프로모션 세트,77000,False,True
03-150,1140,시그니처 스테이크 세트,115000,False,True
03-150,1141,스테이크 & 립 콤보 세트,148000,False,True
03-150,1142,매드 글레이즈드 립,34900,False,True
03-150,1143,만다린 치킨 샐러드,21900,False,True
03-150,1144,갈릭페뇨 파스타,26800,False,True
03-150,1145,매드 라자냐,28400,False,True
03-150,1146,비프 & K-라이스,28400,False,True
03-151,1147,스파게티 포모도로,8900,False,True
03-151,1148,스파게티 볼로네이즈,9900,False,True
03-151,1149,해산물 스파게티,10900,False,True
03-151,1150,얼큰해산물스파게티,10900,False,True
03-151,1151,치즈오븐토마토스파게티,10900,False,True
03-151,1152,해산물치즈오븐스파게티,11900,False,True
03-151,1153,뚝배기누룽지해산물스파게티,13900,False,True
03-151,1154,해산물크림스파게티,10900,False,True
03-151,1155,스파게티 까르보나라,10900,False,True
03-151,1156,케이준치킨크림스파게티,10900,False,True
03-151,1157,뚝배기날치알새우크림스파게티,13900,False,True
03-151,1158,봉골레스파게티,10900,False,True
03-151,1159,짬뽕해산물스파게티,10900,False,True
03-151,1160,치즈피자,11900,False,True
03-151,1161,콤비네이션피자,12900,False,True
03-151,1162,비프볶음밥,8900,False,True
03-151,1163,해산물볶음밥,9900,False,True
03-151,1164,철판소고기채끝스테이크 (180g),25900,False,True
03-151,1165,철판소고기함박스테이크 (180g),15900,False,True
03-151,1166,돈까스 (180g),9900,False,True
03-152,1167,워커바웃 웰링턴 스테이크,67000,False,True
03-152,1168,폭립&미트 파스타,25900,False,True
03-152,1169,투움바 파스타,25900,False,True
03-152,1170,씨푸드 아라비아따,25900,False,True
03-152,1171,레몬 치킨 리조또,25900,False,True
03-152,1172,치킨 텐더 샐러드,20900,False,True
03-152,1173,치폴레 치킨 샐러드,22900,False,True
03-152,1174,오지 치즈 후라이즈,10900,False,True
03-152,1175,골드 코스트 코코넛 슈림프,20900,False,True
03-152,1176,기브미 파이브,38900,False,True
03-152,1177,갈릭 립아이,49900,False,True
03-152,1178,베이비 백 립(600g),49900,False,True
03-152,1179,토마호크 스테이크(100g당),26000,False,True
03-152,1180,포터하우스 스테이크(100g당),30000,False,True
03-152,1181,스파이시 씨푸드 알리오 올리오,25900,False,True
03-152,1182,스파이시 투움바 파스타,25900,False,True
03-153,1183,찹스테이크,54400,False,True
03-153,1184,통루이스테이크,78400,False,True
03-153,1185,토마토안심스튜,54400,False,True
03-154,1186,치즈무뼈닭발,21000,False,True
03-154,1187,생연어사시미,25000,False,True
03-154,1188,치즈김치볶음밥,9900,False,True
03-154,1189,김치카르니타프라이,17000,False,True
03-154,1190,부산오뎅탕,16000,False,True
03-154,1191,달빛크림파스타,16000,False,True
03-154,1192,마약차돌곱창나베,22000,False,True
03-154,1193,하이볼5종,8000,False,True
03-154,1194,소주,5000,False,True
03-154,1195,맥주,5000,False,True
03-154,1196,레몬크림새우,17000,False,True
03-155,1197,봉골레 스파게티,29000,False,True
03-155,1198,소고기 토마토 스파게티,29000,False,True
03-155,1199,까르보나라 스파게티,29000,False,True
03-155,1200,해산물 리조또,29000,False,True
03-155,1201,안심 스테이크,55000,False,True
03-156,1202,냉동미트파이,5200,False,True
03-156,1203,투움바 파스타 밀키트,7900,False,True
03-157,1204,전복한방갈비탕 한상차림,60000,False,True
03-158,1205,하와이안 로코모코(함박 스테이크),17000,False,True
03-158,1206,하와이안 피자,21000,False,True
03-158,1207,채끝 스테이크,42000,False,True
03-158,1208,쉬림프 비스크 파스타,21000,False,True
03-158,1209,까르보나라,17000,False,True
03-158,1210,머쉬룸 크림 트러플 리조또,17000,False,True
03-160,1211,동파육,28000,False,True
03-160,1212,수비드 항정살 스테이크,22000,False,True
03-160,1213,어향가지,19000,False,True
03-160,1214,미트볼 에그 토마토 스튜,21000,False,True
03-160,1215,고추잡채와 꽃빵,18000,False,True
03-160,1216,꿀!대구,22000,False,True
03-160,1217,고추폭탄 유린기,18000,False,True
03-160,1218,미나리 통새우전,19000,False,True
03-160,1219,마라 차돌 토마토탕,24000,False,True
03-160,1220,흑임자 트러플 크림 뇨끼,20000,False,True
03-160,1221,중화볶음면,18000,False,True
03-160,1222,아란치니(버섯크림),10000,False,True
03-160,1223,통오징어 레몬 크림 샐러드,18000,False,True
03-160,1224,목화솜 탕수육,19000,False,True
03-160,1225,새우 세비체,18000,False,True
03-160,1226,해물누룽지탕,24000,False,True
03-160,1227,볼로네제 뇨끼,20000,False,True
03-160,1228,엔초비 감바스 알 아히요,19500,False,True
03-160,1229,마라 로제 떡볶이,22000,False,True
03-160,1230,깐쇼새우,21000,False,True
03-161,1231,가정식 부챗살 스테이크,14800,False,True
03-161,1232,미도인 스테이크 덮밥,10500,False,True
03-161,1233,트리플 스테이크,15800,False,True
03-161,1234,대창 덮밥,12500,False,True
03-161,1235,400 스테이크 덮밥 (하루 7그릇 한정),15200,False,True
03-161,1236,가정식 스테이크 구첩 반상(한정메뉴),15900,False,True
03-161,1237,곱창 가정식 스테이크(한정메뉴),18700,False,True
03-161,1238,곱창 대창 덮밥 (곱대),13900,False,True
03-161,1239,미도인 가정식 스테이크,13800,False,True
03-161,1240,화산 불백 덮밥,9300,False,True
03-161,1241,대창 큐브 스테이크 덮밥,14800,False,True
03-161,1242,곱창 대창 큐브스테이크 덮밥 (한정메뉴),16800,False,True
03-161,1243,청두 사천 탄탄멘,8800,False,True
03-161,1244,미도인 곱창 라멘(한정메뉴),12800,False,True
03-161,1245,미도인 우실장 떡볶이,9500,False,True
03-161,1246,미도인 곱창 떡볶이 (한정메뉴),13900,False,True
03-161,1247,새우 로제 생면 파스타,13800,False,True
03-161,1248,명란 크림 파스타,12800,False,True
03-161,1249,바질크림 새우파스타,14800,False,True
03-162,1250,소주,5000,False,True
03-162,1251,맥주,5000,False,True
03-162,1252,하이볼,8000,False,True
03-162,1253,제육덮밥,10000,False,True
03-162,1254,간장제육덮밥,10000,False,True
03-162,1255,시래기국,6000,False,True
03-162,1256,연어 케이크,28000,False,True
03-162,1257,석화,20000,False,True
03-162,1258,육회와 감태말이,25000,False,True
03-162,1259,제육볶음,18000,False,True
03-162,1260,간장제육볶음,18000,False,True
03-162,1261,닭목살볶음,18000,False,True
03-162,1262,항정돼린기,25000,False,True
03-162,1263,목살 스테이크,28000,False,True
03-162,1264,상하이 파스타,18000,False,True
03-162,1265,항정크림파스타,18000,False,True
03-162,1266,새우 퐁듀,22000,False,True
03-162,1267,해물 누룽지탕,20000,False,True
03-162,1268,토마토 스튜,25000,False,True
03-162,1269,새우 미나리전,18000,False,True
03-162,1270,게빠삭,18000,False,True
03-163,1271,마이플래터,13900,False,True
03-163,1272,쉬림프 알리오 올리오,13900,False,True
03-163,1273,스파이시 쉬림프 파스타,13900,False,True
03-163,1274,치즈프루티,11900,False,True
03-163,1275,베리 프렌치 토스트,10900,False,True
03-170,1276,오리지널,17900,False,True
03-170,1277,고추바사삭,19900,False,True
03-170,1278,치즈바사삭,19900,False,True
03-170,1279,남해마늘바사삭,20900,False,True
03-170,1280,마라 고추 바사삭,20900,False,True
03-170,1281,오븐 바사삭,18900,False,True
03-171,1282,고동함박,11900,False,True
03-171,1283,깔매함박,12500,False,True
03-171,1284,월클함박,13900,False,True
03-171,1285,에그롤링함박,13900,False,True
03-171,1286,치즈롤까스,13900,False,True
03-171,1287,로제파스타,13900,False,True
03-172,1288,Staff (기본/매장),12900,False,True
03-172,1289,Staff (기본/포장),11900,False,True
03-172,1290,Newbie (스몰/매장),10900,False,True
03-172,1291,Boss (라지/매장),15900,False,True
03-172,1292,Newbie (스몰/포장),9900,False,True
03-172,1293,Boss (라지/포장),14900,False,True
03-172,1294,Seasonal Side 시즈널사이드,2500,False,True
03-172,1295,Daily soup (데일리스프),2500,False,True
03-172,1296,Brew coffee (브루커피),1900,False,True
03-172,1297,Soda (탄산음료),1900,False,True
03-173,1298,고구마피자,10900,False,True
03-173,1299,까르보네피자,12900,False,True
03-173,1300,깐쇼새우피자,14900,False,True
03-173,1301,나폴리피자,12900,False,True
03-173,1302,닭안심살피자,14900,False,True
03-173,1303,도이치바이트피자,14900,False,True
03-177,1304,정직유부,4500,False,True
03-177,1305,비빔막국수,6500,False,True
03-177,1306,물비빔막국수,7000,False,True
03-177,1307,참치마요유부,5600,False,True
03-177,1308,볶음김치유부,5600,False,True
03-177,1309,불고기유부,5600,False,True
03-177,1310,에그유부,5600,False,True
03-177,1311,크래미와사마요유부,5600,False,True
03-177,1312,닭갈비유부,5600,False,True
03-177,1313,매콤참치유부,5600,False,True
03-177,1314,시그니처 8종 모둠세트,12500,False,True
03-177,1315,정직냉모밀,6500,False,True
03-177,1316,삼겹비빔면,5200,False,True
03-177,1317,순두부우동,6200,False,True
03-177,1318,정직우동,5000,False,True
03-177,1319,정직라면,4000,False,True
03-177,1320,참깨두계면,6200,False,True
03-177,1321,정직우볶이,3900,False,True
03-177,1322,닭곰탕우동,6200,False,True
03-180,1323,고구마피자,10900,False,True
03-180,1324,까르보네피자,12900,False,True
03-180,1325,깐쇼새우피자,14900,False,True
03-180,1326,나폴리피자,12900,False,True
03-180,1327,닭안심살피자,14900,False,True
03-180,1328,도이치바이트피자,14900,False,True
03-181,1329,1984숙성카레,7900,False,True
03-181,1330,1984돈까스카레,10500,False,True
03-181,1331,목살스테이크데미카레,11500,False,True
03-181,1332,루꼴라코르마카레,10900,False,True
03-181,1333,칠리쉬림프마샬라카레,11500,False,True
03-183,1334,아메리카노,3000,False,True
03-183,1335,카페라떼,3500,False,True
03-183,1336,바닐라크림라떼,4500,False,True
03-183,1337,감자사라다샌드위치,4500,False,True
03-183,1338,에그마요샌드위치,5000,False,True
03-183,1339,월넛클래식르뱅쿠키,3500,False,True
03-186,1340,수란톡 명란 까르보나라,14310,False,True
03-187,1341,둘이서 세트1,28000,False,True
03-187,1342,둘이서 세트2,30900,False,True
03-187,1343,셋이서 세트,41000,False,True
03-187,1344,로스카츠 정식(등심+등심덧살220g),12000,False,True
03-187,1345,모듬카츠 정식(등심+등심덧살+안심300g),13500,False,True
03-187,1346,히레카츠 정식(안심220g),12000,False,True
03-191,1347,치즈피자(M),14900,False,True
03-191,1348,더블 페퍼로니피자(M),14900,False,True
03-191,1349,허니 고구마피자(M),17900,False,True
03-191,1350,몬스터 소세지피자(M),17900,False,True
03-191,1351,이테리 고르곤졸라피자(M),14900,False,True
03-191,1352,션샤인 콤비네이션피자(M),14900,False,True
03-191,1353,트리플 베이컨감자피자(M),17900,False,True
03-191,1354,리얼 불고기피자(M),17900,False,True
03-191,1355,양념치킨,17900,False,True
03-191,1356,후라이드,15900,False,True
03-191,1357,간장치킨,17900,False,True
03-191,1358,마늘킹치킨,17900,False,True
03-192,1359,오마드치킨라이스,8900,False,True
03-192,1360,오마드비프파스타,9900,False,True
03-192,1361,오마드쉬림프파스타,9900,False,True
03-192,1362,오마드치킨파스타,8900,False,True
03-192,1363,오마드비프라이스,9900,False,True
03-192,1364,오마드쉬림프라이스,9900,False,True
03-193,1365,글렌피딕 12년,14000,False,True
03-193,1366,글렌피딕 15년,16000,False,True
03-193,1367,글렌피딕 18년,25000,False,True
03-193,1368,발베니 12년,15000,False,True
03-193,1369,발베니 14년,21000,False,True
03-193,1370,글렌드로냑 12년,15000,False,True
03-193,1371,글렌모렌지 오리지널,12000,False,True
03-193,1372,글렌모렌지 퀸타루반,18000,False,True
03-193,1373,글렌모렌지 넥타도르,19000,False,True
03-193,1374,에드라두어 10년,15000,False,True
03-193,1375,아란10년,14000,False,True
03-193,1376,아란쉐리,24000,False,True
03-193,1377,라프로익 10년,14000,False,True
03-193,1378,라프로익 쿼터캐스크,15000,False,True
03-193,1379,아드벡10년,15000,False,True
03-193,1380,라가불린16년,27000,False,True
03-193,1381,쿠일라 12년,14000,False,True
03-193,1382,그레이구스,11000,False,True
03-193,1383,세노테,9000,False,True
03-193,1384,올메카 아네호,9000,False,True
03-194,1385,닭가슴살 소시지 샐러드,10000,False,True
03-194,1386,닭가슴살 샐러드,10000,False,True
03-194,1387,닭다리살 샐러드,11000,False,True
03-194,1388,풀드포크 샐러드,12000,False,True
03-194,1389,리코타치즈 샐러드,12000,False,True
03-194,1390,연어스테이크 샐러드,13000,False,True
03-194,1391,바질페스토파스타 샐러드,10000,False,True
03-194,1392,훈제오리메밀면 샐러드,12000,False,True
03-194,1393,불고기 포케,11000,False,True
03-194,1394,닭다리살 포케,13000,False,True
03-194,1395,문어 포케,13000,False,True
03-194,1396,훈제연어 포케,14000,False,True
03-194,1397,당근라페 치아바타,8500,False,True
03-194,1398,불고기 더블치즈 치아바타,11000,False,True
03-194,1399,클럽 샌드위치,7000,False,True
03-194,1400,치킨데리야끼 샌드위치,7000,False,True
03-194,1401,치킨스파이시 샌드위치,7000,False,True
03-194,1402,햄치즈 샌드위치,7000,False,True
03-194,1403,목살 샐러드,11000,False,True
03-194,1404,목살 포케,13000,False,True
03-196,1405,토마토 스파게티,6500,False,True
03-196,1406,마르게리따 피자,8000,False,True
03-196,1407,에스프레소,3000,False,True
03-196,1408,아메리카노,3000,False,True
03-196,1409,카페라떼(HOT),3500,False,True
03-196,1410,카푸치노(HOT),3500,False,True
03-199,1411,로스카츠,10500,False,True
03-199,1412,치즈카츠,11500,False,True
03-199,1413,경양식카츠,12500,False,True
03-199,1414,모듬카츠,15900,False,True
