user_id,max_price,min_price,category_1,category_2,category_3,category_4,category_5,category_6,category_7,category_8,category_9,category_10,category_11,category_12,total_reservations,completed_reservations,reservation_completion_rate,total_likes,like_to_reservation_ratio
1,286141,183646,0,1,1,0,0,0,0,0,0,0,1,0,8.0,8,1.0,6,0.75
2,444065,170838,0,0,0,0,0,1,1,0,0,1,0,0,4.0,4,1.0,6,1.5
3,395779,79971,0,0,1,1,0,0,1,0,0,0,0,0,2.0,2,1.0,4,2.0
4,200419,82759,1,0,0,0,0,0,1,0,0,0,1,0,8.0,8,1.0,6,0.75
5,341399,147700,0,0,1,0,0,1,0,0,1,0,0,0,2.0,2,1.0,4,2.0
6,304138,159625,0,1,1,0,1,0,0,0,0,0,0,0,10.0,10,1.0,0,0.0
7,338378,151460,1,0,0,0,0,1,0,0,0,0,0,1,2.0,2,1.0,12,6.0
8,376584,66889,0,0,0,0,0,0,1,1,0,1,0,0,4.0,4,1.0,2,0.5
9,393014,91158,0,0,0,1,0,0,0,0,1,0,1,0,2.0,2,1.0,4,2.0
10,267487,170163,0,0,1,1,0,0,0,1,0,0,0,0,,0,0.0,8,5.0
11,470524,29163,1,0,0,0,1,0,0,0,0,0,1,0,6.0,6,1.0,4,0.67
12,446869,142652,0,1,0,0,0,0,0,1,0,0,1,0,6.0,6,1.0,4,0.67
13,351840,185816,0,1,1,0,0,0,0,0,0,0,0,1,8.0,8,1.0,6,0.75
14,332509,38329,0,0,0,0,0,0,1,1,1,0,0,0,2.0,2,1.0,6,3.0
15,266941,59156,0,1,0,0,0,0,1,0,0,0,0,1,12.0,12,1.0,10,0.83
16,337197,194701,1,1,0,0,0,0,0,0,1,0,0,0,2.0,2,1.0,8,4.0
17,481858,85248,0,0,1,1,0,0,0,0,0,1,0,0,2.0,2,1.0,6,3.0
18,282926,36257,1,0,0,0,1,0,0,0,0,0,1,0,2.0,2,1.0,10,5.0
19,327603,197901,1,0,0,0,0,0,0,0,1,0,0,1,8.0,8,1.0,4,0.5
20,292092,166283,0,1,0,0,0,0,0,1,0,1,0,0,10.0,10,1.0,8,0.8
21,353557,28934,0,0,1,0,0,0,0,1,0,0,0,1,2.0,2,1.0,2,1.0
22,319083,167451,0,1,1,0,0,0,0,0,0,1,0,0,6.0,6,1.0,8,1.33
23,295629,72379,0,0,1,0,0,0,0,1,0,0,0,1,2.0,2,1.0,8,4.0
24,279131,95305,0,0,0,1,0,0,0,0,0,1,0,1,4.0,4,1.0,16,4.0
25,233947,106565,0,0,1,0,0,1,0,0,0,0,0,1,6.0,6,1.0,4,0.67
26,288981,180902,1,0,0,0,0,1,0,0,0,1,0,0,2.0,2,1.0,6,3.0
27,254815,187129,1,1,0,0,0,0,0,0,1,0,0,0,2.0,2,1.0,8,4.0
28,403490,169312,0,0,0,1,0,0,1,0,0,0,0,1,10.0,10,1.0,26,2.6
29,403053,151914,0,0,0,0,0,0,1,0,1,0,0,1,4.0,4,1.0,6,1.5
30,227881,133174,0,0,0,1,0,1,0,0,0,0,1,0,6.0,6,1.0,4,0.67
31,207906,88090,0,0,1,0,0,0,0,0,1,1,0,0,2.0,2,1.0,10,5.0
32,270292,97183,0,1,1,0,0,0,0,0,0,1,0,0,4.0,4,1.0,6,1.5
33,403876,89280,0,0,0,0,0,0,0,1,1,0,1,0,6.0,6,1.0,4,0.67
34,312422,61746,0,0,1,1,0,0,0,0,0,1,0,0,6.0,6,1.0,8,1.33
35,369064,109942,0,0,0,0,0,1,0,0,0,1,1,0,6.0,6,1.0,8,1.33
36,493736,110323,0,1,1,0,0,0,1,0,0,0,0,0,2.0,2,1.0,2,1.0
37,469280,35055,1,0,0,1,0,0,0,0,0,0,0,1,2.0,2,1.0,4,2.0
38,484502,61187,1,0,0,0,0,0,0,0,1,1,0,0,4.0,4,1.0,8,2.0
39,311737,164628,0,0,0,1,0,0,0,0,0,1,1,0,2.0,2,1.0,12,6.0
40,238578,199747,0,0,0,1,0,0,1,0,1,0,0,0,8.0,8,1.0,0,0.0
41,492507,124228,0,0,0,1,0,1,1,0,0,0,0,0,14.0,14,1.0,4,0.29
42,274639,87199,0,1,0,1,0,0,0,0,0,0,0,1,6.0,6,1.0,8,1.33
43,380147,35046,0,0,0,1,0,0,1,0,0,0,1,0,4.0,4,1.0,8,2.0
44,422839,141179,0,0,0,0,0,0,0,1,1,0,1,0,4.0,4,1.0,4,1.0
45,473654,131248,0,0,0,1,0,1,1,0,0,0,0,0,4.0,4,1.0,8,2.0
46,410500,54614,0,0,0,1,0,1,0,0,1,0,0,0,,0,0.0,8,5.0
47,406337,96377,0,0,1,0,0,0,0,0,0,0,1,1,2.0,2,1.0,2,1.0
48,489105,173326,0,0,1,1,0,0,0,0,0,0,0,1,10.0,10,1.0,8,0.8
49,459629,48247,0,0,1,0,1,0,0,1,0,0,0,0,10.0,10,1.0,4,0.4
50,364108,174482,0,0,1,1,0,0,0,1,0,0,0,0,4.0,4,1.0,6,1.5
51,259108,89491,0,1,1,0,0,0,1,0,0,0,0,0,2.0,2,1.0,4,2.0
52,200179,105429,0,1,0,0,1,0,0,1,0,0,0,0,4.0,4,1.0,2,0.5
53,236409,108492,0,0,1,0,0,0,0,0,1,1,0,0,4.0,4,1.0,14,3.5
54,422377,81914,1,0,0,0,0,0,1,0,1,0,0,0,6.0,6,1.0,10,1.67
55,388247,16187,0,0,1,0,0,0,0,0,0,1,0,1,2.0,2,1.0,8,4.0
56,309257,67266,0,0,1,0,1,0,0,0,0,0,1,0,2.0,2,1.0,10,5.0
57,203384,55275,1,0,0,0,0,0,1,1,0,0,0,0,10.0,10,1.0,6,0.6
58,329780,83254,0,0,1,0,0,0,1,0,0,0,0,1,,0,0.0,8,5.0
59,401574,129489,0,0,1,0,0,1,0,1,0,0,0,0,2.0,2,1.0,10,5.0
60,271891,43058,0,0,0,0,0,1,0,1,0,0,0,1,12.0,12,1.0,16,1.33
61,256791,187570,1,0,1,0,0,0,0,1,0,0,0,0,10.0,10,1.0,10,1.0
62,419351,21516,0,0,0,0,0,0,0,0,1,1,1,0,8.0,8,1.0,4,0.5
63,235396,92464,0,0,1,0,0,0,1,0,0,0,1,0,8.0,8,1.0,8,1.0
64,246214,150863,0,0,0,1,0,0,0,1,1,0,0,0,6.0,6,1.0,10,1.67
65,485892,155450,0,0,0,1,0,1,0,0,0,0,1,0,2.0,2,1.0,2,1.0
66,234185,79818,0,0,0,1,0,0,1,0,0,0,1,0,10.0,10,1.0,8,0.8
67,472937,181198,0,0,0,0,0,0,1,1,0,1,0,0,6.0,6,1.0,4,0.67
68,401695,121572,0,1,1,0,0,0,0,1,0,0,0,0,2.0,2,1.0,4,2.0
69,492640,53616,0,1,0,0,0,0,1,1,0,0,0,0,6.0,6,1.0,2,0.33
70,375454,119576,0,0,1,0,0,0,0,0,0,1,1,0,10.0,10,1.0,4,0.4
71,354216,13768,0,1,0,0,0,0,0,1,0,1,0,0,2.0,2,1.0,2,1.0
72,424256,97033,0,1,0,0,0,0,0,1,1,0,0,0,2.0,2,1.0,10,5.0
73,345640,58444,0,0,1,0,0,0,1,0,0,0,1,0,10.0,10,1.0,2,0.2
74,248236,120737,1,0,0,0,0,1,1,0,0,0,0,0,,0,0.0,12,5.0
75,267707,123521,0,1,0,0,1,0,0,0,1,0,0,0,4.0,4,1.0,2,0.5
76,470071,172019,0,0,0,0,0,1,1,1,0,0,0,0,2.0,2,1.0,2,1.0
77,399068,90198,0,0,0,0,0,1,1,0,1,0,0,0,8.0,8,1.0,4,0.5
78,308313,65073,0,0,1,0,0,0,0,0,1,0,0,1,4.0,4,1.0,6,1.5
79,234246,149171,0,0,0,0,1,1,0,0,0,0,1,0,4.0,4,1.0,10,2.5
80,267787,79665,1,1,0,0,0,0,1,0,0,0,0,0,4.0,4,1.0,4,1.0
81,393826,22004,0,0,1,1,0,0,0,0,0,1,0,0,4.0,4,1.0,6,1.5
82,229961,94945,0,0,0,0,0,0,0,1,1,1,0,0,8.0,8,1.0,4,0.5
83,444105,167915,0,1,0,0,0,0,0,1,1,0,0,0,8.0,8,1.0,4,0.5
84,382730,132551,0,0,0,1,1,0,0,1,0,0,0,0,4.0,4,1.0,6,1.5
85,205497,46979,1,1,0,1,0,0,0,0,0,0,0,0,,0,0.0,6,5.0
86,398628,185050,0,1,0,0,1,0,0,1,0,0,0,0,8.0,8,1.0,4,0.5
87,378633,135979,0,1,0,1,1,0,0,0,0,0,0,0,4.0,4,1.0,2,0.5
88,470318,148192,0,0,0,1,1,0,0,0,1,0,0,0,6.0,6,1.0,10,1.67
89,238334,185320,0,0,0,0,0,0,0,1,0,0,1,1,12.0,12,1.0,6,0.5
90,421438,26856,0,1,0,1,0,1,0,0,0,0,0,0,2.0,2,1.0,4,2.0
91,486531,50526,0,0,1,0,1,0,0,1,0,0,0,0,4.0,4,1.0,6,1.5
92,364554,82141,0,0,0,0,0,1,0,0,0,0,1,1,6.0,6,1.0,4,0.67
93,345162,66823,0,0,0,0,1,1,0,0,0,0,0,1,2.0,2,1.0,12,6.0
94,401582,85499,1,0,0,0,0,0,0,0,1,1,0,0,6.0,6,1.0,6,1.0
95,231653,96497,0,0,0,1,1,0,1,0,0,0,0,0,10.0,10,1.0,4,0.4
96,452322,29299,1,0,0,0,0,0,0,1,0,1,0,0,4.0,4,1.0,8,2.0
97,246133,27202,1,0,0,0,0,0,1,0,1,0,0,0,4.0,4,1.0,2,0.5
98,330349,129763,0,0,1,0,1,0,0,0,1,0,0,0,8.0,8,1.0,2,0.25
99,303372,93365,0,0,0,0,1,0,0,1,0,0,0,1,4.0,4,1.0,0,0.0
100,437106,79353,1,0,0,1,0,0,0,1,0,0,0,0,4.0,4,1.0,6,1.5
101,223500,140727,0,0,0,0,0,0,1,0,0,1,0,1,2.0,2,1.0,0,0.0
102,354243,126610,0,0,0,0,0,0,0,0,1,0,1,1,12.0,12,1.0,8,0.67
103,426530,12059,0,0,1,0,0,0,0,1,0,1,0,0,,0,0.0,6,5.0
104,332202,132141,0,0,0,1,0,0,0,0,1,0,0,1,,0,0.0,10,5.0
105,499973,37922,0,0,1,0,1,0,0,1,0,0,0,0,,0,0.0,6,5.0
106,230682,64249,0,0,0,0,1,1,0,1,0,0,0,0,10.0,10,1.0,4,0.4
107,467101,65313,0,0,0,0,1,1,0,0,1,0,0,0,8.0,8,1.0,0,0.0
108,244275,169377,0,0,1,1,0,0,0,0,0,0,1,0,8.0,8,1.0,0,0.0
109,258548,15342,0,0,0,1,0,1,0,1,0,0,0,0,10.0,10,1.0,12,1.2
110,355408,97494,0,0,0,0,1,1,0,0,0,0,1,0,6.0,6,1.0,6,1.0
111,490070,36258,0,0,1,0,0,0,1,0,0,0,0,1,,0,0.0,8,5.0
112,263578,115332,0,1,0,0,0,0,1,0,0,1,0,0,6.0,6,1.0,10,1.67
113,312245,127054,0,0,0,1,0,0,0,0,1,0,0,1,4.0,4,1.0,8,2.0
114,327001,166239,0,0,1,1,1,0,0,0,0,0,0,0,4.0,4,1.0,2,0.5
115,285426,113164,0,0,0,0,0,0,1,1,0,0,1,0,8.0,8,1.0,8,1.0
116,294168,127969,0,1,1,0,0,0,0,0,0,0,0,1,4.0,4,1.0,4,1.0
117,391158,176237,1,0,0,1,0,0,0,0,1,0,0,0,4.0,4,1.0,6,1.5
118,407527,71949,0,0,0,0,0,1,0,0,1,1,0,0,4.0,4,1.0,0,0.0
119,357736,67831,0,0,0,0,1,0,0,0,1,0,0,1,8.0,8,1.0,6,0.75
120,404101,144428,1,0,0,1,0,1,0,0,0,0,0,0,4.0,4,1.0,6,1.5
121,219612,41318,0,0,0,1,0,1,0,0,1,0,0,0,8.0,8,1.0,4,0.5
122,318302,30258,0,0,1,0,0,1,0,0,0,1,0,0,4.0,4,1.0,8,2.0
123,288533,44469,0,0,0,1,0,0,1,1,0,0,0,0,10.0,10,1.0,10,1.0
124,207023,75965,1,0,0,1,0,1,0,0,0,0,0,0,2.0,2,1.0,2,1.0
125,429278,87887,1,1,0,0,0,0,0,0,0,1,0,0,4.0,4,1.0,2,0.5
126,409992,121431,1,0,1,0,0,0,0,1,0,0,0,0,8.0,8,1.0,2,0.25
127,451142,137504,0,0,0,1,0,1,0,0,1,0,0,0,10.0,10,1.0,12,1.2
128,375827,105166,0,1,1,0,0,0,1,0,0,0,0,0,,0,0.0,10,5.0
129,495343,120288,0,1,1,0,0,1,0,0,0,0,0,0,6.0,6,1.0,6,1.0
130,328338,20029,0,0,0,0,1,0,0,0,0,1,1,0,6.0,6,1.0,6,1.0
131,299643,168222,0,0,0,0,0,0,1,0,0,1,1,0,6.0,6,1.0,4,0.67
132,366391,27774,0,0,1,0,0,0,1,0,0,0,0,1,8.0,8,1.0,8,1.0
133,433053,53942,0,0,1,0,0,0,1,0,0,0,0,1,2.0,2,1.0,10,5.0
134,275331,94983,0,0,0,0,0,0,1,0,1,0,0,1,2.0,2,1.0,8,4.0
135,379968,11980,0,0,0,0,1,0,0,0,0,1,1,0,4.0,4,1.0,6,1.5
136,349473,160707,0,0,0,0,1,0,1,0,0,0,1,0,4.0,4,1.0,8,2.0
137,464334,84683,0,0,0,0,0,0,1,0,0,1,0,1,6.0,6,1.0,10,1.67
138,359174,18420,0,0,0,0,1,1,0,0,0,0,1,0,2.0,2,1.0,2,1.0
139,479372,50259,0,0,1,0,0,0,0,0,1,1,0,0,4.0,4,1.0,4,1.0
140,276422,164299,0,0,0,0,1,0,0,0,0,0,1,1,8.0,8,1.0,10,1.25
141,268704,176375,1,0,0,0,0,0,0,1,0,0,0,1,8.0,8,1.0,12,1.5
142,321766,196059,1,0,0,0,0,1,1,0,0,0,0,0,6.0,6,1.0,6,1.0
143,244480,182013,0,0,1,0,1,0,0,0,1,0,0,0,2.0,2,1.0,4,2.0
144,491347,45546,0,0,1,1,0,0,0,0,0,1,0,0,4.0,4,1.0,6,1.5
145,479164,31723,0,0,1,0,0,0,0,0,1,0,0,1,4.0,4,1.0,6,1.5
146,450496,180807,0,0,0,0,0,1,0,0,0,1,1,0,4.0,4,1.0,2,0.5
147,473203,178811,0,0,0,0,1,0,0,1,0,1,0,0,8.0,8,1.0,12,1.5
148,379234,139834,0,1,1,0,0,0,0,0,0,0,0,1,2.0,2,1.0,2,1.0
149,463183,100745,1,0,0,0,0,1,0,0,0,0,1,0,6.0,6,1.0,10,1.67
150,268605,39040,0,1,0,0,1,0,0,0,0,0,0,1,2.0,2,1.0,4,2.0
151,201272,29406,0,1,0,0,1,1,0,0,0,0,0,0,2.0,2,1.0,6,3.0
152,260646,123073,0,0,0,1,0,1,0,0,0,0,1,0,8.0,8,1.0,6,0.75
153,432589,168024,0,0,0,1,1,0,0,0,0,0,0,1,6.0,6,1.0,8,1.33
154,441903,167510,1,0,0,0,0,0,0,0,1,0,1,0,2.0,2,1.0,12,6.0
155,407162,40023,1,0,0,0,0,0,0,0,0,0,1,1,8.0,8,1.0,10,1.25
156,277219,159091,0,0,1,0,1,0,1,0,0,0,0,0,2.0,2,1.0,14,7.0
157,434645,48399,0,0,0,0,0,0,0,1,0,1,1,0,8.0,8,1.0,6,0.75
158,330608,144690,0,0,1,0,1,0,0,0,0,1,0,0,2.0,2,1.0,2,1.0
159,301470,90552,0,0,0,0,0,0,0,1,1,0,1,0,2.0,2,1.0,4,2.0
160,231090,32498,0,1,0,0,1,0,0,0,1,0,0,0,6.0,6,1.0,10,1.67
161,230042,159215,0,0,1,1,0,1,0,0,0,0,0,0,10.0,10,1.0,10,1.0
162,335301,149189,0,0,0,1,0,1,0,0,0,0,1,0,2.0,2,1.0,4,2.0
163,268901,85454,1,0,1,0,0,0,0,0,0,1,0,0,6.0,6,1.0,12,2.0
164,431844,31263,0,0,1,0,1,0,1,0,0,0,0,0,,0,0.0,6,5.0
165,305315,66125,0,0,0,0,1,0,1,1,0,0,0,0,8.0,8,1.0,8,1.0
166,461726,158451,1,0,1,0,0,1,0,0,0,0,0,0,8.0,8,1.0,2,0.25
167,291481,19032,1,0,1,0,0,0,0,0,0,1,0,0,6.0,6,1.0,0,0.0
168,345816,78571,1,1,0,1,0,0,0,0,0,0,0,0,4.0,4,1.0,6,1.5
169,309393,198909,1,0,0,1,0,0,0,0,1,0,0,0,,0,0.0,8,5.0
170,260505,94505,0,1,0,0,0,0,0,0,1,1,0,0,2.0,2,1.0,2,1.0
171,278640,74242,1,0,0,0,1,0,1,0,0,0,0,0,2.0,2,1.0,4,2.0
172,448128,59574,1,0,0,0,0,0,0,1,0,0,1,0,8.0,8,1.0,16,2.0
173,431000,146506,0,0,0,1,0,0,1,1,0,0,0,0,4.0,4,1.0,2,0.5
174,364180,61310,1,0,0,0,0,0,1,0,0,1,0,0,6.0,6,1.0,8,1.33
175,356124,41448,0,0,1,0,0,1,0,0,0,1,0,0,2.0,2,1.0,6,3.0
176,468564,162622,0,0,0,1,1,0,0,1,0,0,0,0,2.0,2,1.0,6,3.0
177,220994,107493,1,0,1,0,0,0,0,1,0,0,0,0,12.0,12,1.0,6,0.5
178,290759,196399,0,1,0,0,0,0,0,0,1,1,0,0,,0,0.0,6,5.0
179,400526,193715,1,0,1,0,1,0,0,0,0,0,0,0,2.0,2,1.0,16,8.0
180,413880,79311,0,1,0,1,1,0,0,0,0,0,0,0,6.0,6,1.0,2,0.33
181,321989,11008,1,0,0,0,0,0,1,0,0,0,1,0,10.0,10,1.0,4,0.4
182,345544,170913,0,0,0,1,1,0,0,0,1,0,0,0,8.0,8,1.0,4,0.5
183,221962,183937,1,1,0,0,0,0,0,0,1,0,0,0,6.0,6,1.0,6,1.0
184,311028,161327,1,0,0,0,0,1,0,1,0,0,0,0,10.0,10,1.0,10,1.0
185,248252,183519,1,0,1,0,0,0,0,0,0,0,1,0,2.0,2,1.0,2,1.0
186,451106,122923,0,0,0,0,0,0,1,0,1,0,1,0,2.0,2,1.0,10,5.0
187,405380,147113,1,0,0,0,0,0,0,0,1,0,1,0,12.0,12,1.0,2,0.17
188,203839,28523,0,1,0,0,0,0,0,0,1,0,0,1,6.0,6,1.0,4,0.67
189,333806,76186,0,0,1,0,0,1,1,0,0,0,0,0,4.0,4,1.0,4,1.0
190,432627,92873,0,0,0,0,1,0,0,0,1,0,0,1,6.0,6,1.0,18,3.0
191,215347,95798,1,0,0,1,0,0,0,0,0,0,1,0,4.0,4,1.0,6,1.5
192,404671,118625,0,0,0,1,0,1,0,0,0,1,0,0,2.0,2,1.0,12,6.0
193,363349,82141,1,0,0,0,1,0,1,0,0,0,0,0,6.0,6,1.0,2,0.33
194,278162,176609,0,1,1,0,0,1,0,0,0,0,0,0,2.0,2,1.0,10,5.0
195,384349,89445,0,0,1,0,0,0,0,1,0,0,1,0,6.0,6,1.0,0,0.0
196,422863,69355,0,0,0,0,0,0,1,0,1,0,1,0,4.0,4,1.0,12,3.0
197,203902,149506,1,0,0,0,0,1,0,0,0,1,0,0,2.0,2,1.0,14,7.0
198,474910,51413,0,0,1,0,0,0,1,0,1,0,0,0,,0,0.0,12,5.0
199,476345,79957,1,0,0,0,0,0,0,0,1,0,1,0,6.0,6,1.0,12,2.0
200,220967,15234,0,0,0,0,1,1,0,0,0,0,1,0,4.0,4,1.0,12,3.0
201,355305,72795,0,1,0,0,0,0,1,0,1,0,0,0,6.0,6,1.0,6,1.0
202,374021,44532,0,1,0,1,0,0,0,1,0,0,0,0,6.0,6,1.0,4,0.67
203,279504,51617,0,0,0,1,0,1,0,0,1,0,0,0,6.0,6,1.0,12,2.0
204,443296,160288,0,1,1,0,1,0,0,0,0,0,0,0,2.0,2,1.0,4,2.0
205,375556,180085,0,1,0,0,0,0,1,0,0,1,0,0,4.0,4,1.0,6,1.5
206,251345,176851,0,0,0,1,0,0,1,0,0,0,0,1,4.0,4,1.0,6,1.5
207,494189,172931,0,1,0,0,0,0,0,1,0,0,0,1,8.0,8,1.0,8,1.0
208,380802,94459,0,0,0,1,1,0,0,0,0,0,0,1,6.0,6,1.0,8,1.33
209,237485,15499,1,1,0,0,0,0,0,0,0,0,1,0,2.0,2,1.0,4,2.0
210,389579,74857,0,0,0,1,0,0,0,0,1,0,0,1,4.0,4,1.0,4,1.0
211,360769,92737,0,0,0,1,0,0,1,0,0,0,0,1,2.0,2,1.0,6,3.0
212,433681,66872,0,1,1,0,0,0,0,0,0,0,0,1,10.0,10,1.0,2,0.2
213,244503,153773,0,0,1,1,0,0,0,0,0,0,0,1,,0,0.0,4,5.0
214,282906,138552,0,1,0,0,0,1,0,0,0,1,0,0,6.0,6,1.0,6,1.0
215,309651,27015,0,0,1,1,1,0,0,0,0,0,0,0,4.0,4,1.0,2,0.5
216,235826,35438,0,0,0,0,0,1,0,1,0,0,0,1,10.0,10,1.0,8,0.8
217,348160,50165,0,1,0,1,0,0,0,0,0,0,1,0,4.0,4,1.0,10,2.5
218,252461,37506,1,0,0,0,1,1,0,0,0,0,0,0,8.0,8,1.0,10,1.25
219,425014,120768,0,1,0,0,1,0,1,0,0,0,0,0,12.0,12,1.0,4,0.33
220,484657,54360,0,0,0,0,1,0,1,0,0,0,1,0,6.0,6,1.0,4,0.67
221,357157,115437,0,0,0,0,0,0,1,1,1,0,0,0,12.0,12,1.0,2,0.17
222,409313,88353,0,1,0,0,1,0,0,0,0,1,0,0,4.0,4,1.0,4,1.0
223,295721,179055,1,0,0,0,0,0,0,0,0,1,1,0,10.0,10,1.0,8,0.8
224,211633,26505,1,0,0,0,1,1,0,0,0,0,0,0,8.0,8,1.0,8,1.0
225,301350,99891,0,0,0,0,1,0,0,0,1,1,0,0,6.0,6,1.0,8,1.33
226,262495,70481,0,0,0,1,0,0,0,1,0,0,0,1,10.0,10,1.0,6,0.6
227,210992,35595,0,0,0,0,0,1,0,0,1,0,1,0,4.0,4,1.0,4,1.0
228,266644,79859,0,1,1,0,0,0,1,0,0,0,0,0,8.0,8,1.0,8,1.0
229,279378,93433,1,0,1,0,0,1,0,0,0,0,0,0,2.0,2,1.0,10,5.0
230,358083,49661,1,0,0,0,1,1,0,0,0,0,0,0,4.0,4,1.0,2,0.5
231,417867,196091,0,1,0,0,0,0,1,0,0,1,0,0,6.0,6,1.0,8,1.33
232,307433,54841,1,0,1,0,0,0,0,0,0,0,0,1,8.0,8,1.0,6,0.75
233,266947,171934,0,0,0,0,1,0,1,0,0,0,0,1,2.0,2,1.0,12,6.0
234,444798,121560,0,1,0,0,0,0,0,0,1,0,0,1,2.0,2,1.0,2,1.0
235,457960,22034,0,0,0,1,0,0,0,0,1,0,1,0,6.0,6,1.0,2,0.33
236,213562,185489,0,1,0,0,0,1,0,0,0,1,0,0,2.0,2,1.0,4,2.0
237,292293,188625,1,0,0,0,0,0,1,1,0,0,0,0,4.0,4,1.0,2,0.5
238,425475,63185,1,0,0,0,0,1,0,0,1,0,0,0,2.0,2,1.0,6,3.0
239,299594,160250,0,0,0,0,0,0,1,0,1,1,0,0,6.0,6,1.0,2,0.33
240,499985,97669,0,1,0,0,1,0,1,0,0,0,0,0,6.0,6,1.0,6,1.0
241,467802,71172,0,0,0,0,1,0,0,0,1,1,0,0,4.0,4,1.0,2,0.5
242,294060,122809,1,0,1,0,0,0,1,0,0,0,0,0,10.0,10,1.0,2,0.2
243,295196,97857,0,0,0,0,1,1,1,0,0,0,0,0,4.0,4,1.0,4,1.0
244,341689,162736,0,0,0,1,0,1,0,0,1,0,0,0,6.0,6,1.0,6,1.0
245,446327,42277,0,0,0,1,0,0,1,1,0,0,0,0,4.0,4,1.0,4,1.0
246,362016,85719,0,0,0,1,0,0,0,0,0,1,0,1,4.0,4,1.0,8,2.0
247,292418,17470,0,1,0,0,0,0,0,1,0,0,0,1,8.0,8,1.0,8,1.0
248,402010,28515,0,1,0,1,0,0,0,0,0,0,0,1,,0,0.0,8,5.0
249,297665,147497,0,1,0,0,0,0,1,0,0,0,0,1,6.0,6,1.0,0,0.0
250,344575,169672,0,1,0,0,0,1,1,0,0,0,0,0,4.0,4,1.0,4,1.0
251,494766,34199,0,0,0,1,0,0,0,1,0,0,0,1,8.0,8,1.0,4,0.5
252,455465,99429,0,0,0,1,0,1,0,0,0,1,0,0,8.0,8,1.0,2,0.25
253,468129,19544,0,0,0,0,0,0,1,0,1,0,1,0,2.0,2,1.0,2,1.0
254,285542,168275,0,0,1,0,0,0,1,0,1,0,0,0,6.0,6,1.0,4,0.67
255,401087,92771,0,0,0,0,0,0,1,0,0,1,0,1,6.0,6,1.0,8,1.33
256,300457,182506,0,0,0,1,0,0,0,1,0,0,1,0,,0,0.0,2,5.0
257,225116,127431,1,0,0,0,1,0,0,1,0,0,0,0,6.0,6,1.0,8,1.33
258,341865,89645,0,1,0,1,0,1,0,0,0,0,0,0,,0,0.0,6,5.0
259,329782,138901,0,0,0,0,0,0,0,0,1,0,1,1,,0,0.0,8,5.0
260,260576,199473,0,0,0,0,0,1,1,0,0,0,1,0,6.0,6,1.0,6,1.0
261,455435,17795,1,0,0,1,0,0,0,0,0,1,0,0,2.0,2,1.0,4,2.0
262,332828,107041,1,0,0,0,0,0,0,0,0,1,0,1,8.0,8,1.0,4,0.5
263,312057,35945,0,0,0,0,0,1,1,0,1,0,0,0,4.0,4,1.0,4,1.0
264,470692,92096,1,1,0,0,0,0,0,1,0,0,0,0,8.0,8,1.0,6,0.75
265,230964,80257,0,1,0,0,0,1,0,0,0,1,0,0,10.0,10,1.0,6,0.6
266,423501,78904,0,0,0,1,1,0,0,0,0,1,0,0,10.0,10,1.0,4,0.4
267,373241,33338,0,0,1,0,1,0,0,1,0,0,0,0,6.0,6,1.0,2,0.33
268,476092,101934,1,0,1,0,0,0,0,0,0,0,0,1,6.0,6,1.0,2,0.33
269,494248,186835,0,0,1,0,0,0,0,1,0,1,0,0,6.0,6,1.0,6,1.0
270,426884,194172,0,0,0,0,0,0,0,1,0,1,0,1,,0,0.0,2,5.0
271,202738,87671,0,0,0,0,0,0,1,0,1,0,1,0,4.0,4,1.0,6,1.5
272,393215,36585,1,0,0,0,0,0,0,1,0,0,1,0,8.0,8,1.0,6,0.75
273,227536,64387,0,1,0,0,0,0,0,1,0,0,1,0,12.0,12,1.0,0,0.0
274,408448,106251,1,0,0,1,0,0,0,0,1,0,0,0,4.0,4,1.0,0,0.0
275,397164,56350,0,0,0,1,0,0,0,0,1,1,0,0,,0,0.0,8,5.0
276,401375,190889,0,1,0,0,0,0,0,1,1,0,0,0,6.0,6,1.0,4,0.67
277,243472,52240,0,0,0,0,0,0,1,0,0,1,1,0,8.0,8,1.0,8,1.0
278,390850,94391,0,0,0,0,0,1,0,1,0,0,0,1,2.0,2,1.0,8,4.0
279,486146,63673,0,0,0,1,0,1,0,0,0,0,1,0,,0,0.0,2,5.0
280,316122,137715,0,0,1,0,0,0,0,0,0,1,1,0,6.0,6,1.0,6,1.0
281,417758,81087,1,1,0,0,1,0,0,0,0,0,0,0,6.0,6,1.0,6,1.0
282,200066,52917,0,0,0,0,0,0,0,1,0,1,1,0,10.0,10,1.0,8,0.8
283,466157,77291,0,0,1,0,0,0,0,0,1,0,0,1,2.0,2,1.0,6,3.0
284,311745,117818,0,0,0,0,0,1,0,1,0,0,0,1,6.0,6,1.0,2,0.33
285,388810,106468,0,1,0,0,0,0,1,0,0,0,1,0,2.0,2,1.0,6,3.0
286,295784,96831,0,1,0,0,0,0,1,0,0,0,0,1,2.0,2,1.0,4,2.0
287,239957,80359,0,0,0,1,0,0,1,0,1,0,0,0,6.0,6,1.0,4,0.67
288,259571,96779,0,0,0,1,0,0,1,0,0,0,1,0,,0,0.0,8,5.0
289,470592,57685,1,1,0,0,0,0,0,1,0,0,0,0,4.0,4,1.0,0,0.0
290,360940,92218,0,1,0,0,0,1,0,1,0,0,0,0,4.0,4,1.0,16,4.0
291,459336,78436,1,0,0,0,0,0,0,0,0,1,1,0,4.0,4,1.0,4,1.0
292,296446,82822,1,0,0,0,1,1,0,0,0,0,0,0,6.0,6,1.0,0,0.0
293,285626,67263,0,1,0,0,1,0,0,0,0,0,1,0,,0,0.0,4,5.0
294,464099,170208,0,0,0,1,0,0,0,1,0,1,0,0,4.0,4,1.0,6,1.5
295,263105,164140,1,0,0,0,1,0,0,1,0,0,0,0,6.0,6,1.0,4,0.67
296,302474,167473,0,1,0,0,0,0,0,0,0,0,1,1,2.0,2,1.0,4,2.0
297,372056,174677,0,1,1,0,0,0,0,0,0,0,0,1,6.0,6,1.0,4,0.67
298,352449,52010,0,0,0,1,0,1,0,1,0,0,0,0,6.0,6,1.0,4,0.67
299,419186,171727,0,0,0,0,1,1,0,0,0,0,1,0,10.0,10,1.0,2,0.2
300,336617,82806,1,1,0,0,0,0,0,0,1,0,0,0,4.0,4,1.0,10,2.5
301,400878,153139,0,0,1,0,1,0,0,0,0,0,0,1,4.0,4,1.0,4,1.0
302,376532,58763,0,0,0,1,0,0,0,0,0,0,1,1,4.0,4,1.0,12,3.0
303,215966,114816,1,0,0,0,0,0,0,0,1,0,0,1,4.0,4,1.0,4,1.0
304,298739,78236,0,0,0,0,0,1,0,1,0,0,1,0,2.0,2,1.0,10,5.0
305,324152,168504,0,1,0,0,1,0,0,0,1,0,0,0,6.0,6,1.0,4,0.67
306,225832,114959,0,0,0,0,1,0,0,0,0,0,1,1,2.0,2,1.0,8,4.0
307,218247,97153,0,0,1,1,0,0,0,0,0,0,1,0,2.0,2,1.0,4,2.0
308,442559,186433,0,0,1,1,0,0,0,1,0,0,0,0,4.0,4,1.0,8,2.0
309,400541,29388,0,0,0,0,1,1,0,1,0,0,0,0,4.0,4,1.0,6,1.5
310,322029,114911,1,1,0,0,0,0,0,0,0,0,0,1,4.0,4,1.0,0,0.0
311,233292,162186,0,1,0,0,0,0,0,0,0,1,0,1,2.0,2,1.0,2,1.0
312,313899,35635,0,1,0,0,0,1,1,0,0,0,0,0,10.0,10,1.0,6,0.6
313,403970,11492,1,0,0,0,0,0,0,1,0,0,1,0,6.0,6,1.0,0,0.0
314,292531,147251,0,1,0,0,0,0,0,1,0,0,0,1,8.0,8,1.0,16,2.0
315,499030,65865,0,1,0,0,1,0,0,0,0,0,1,0,2.0,2,1.0,8,4.0
316,345372,25792,0,0,0,0,1,0,0,0,0,0,1,1,8.0,8,1.0,6,0.75
317,279212,121179,0,1,1,1,0,0,0,0,0,0,0,0,8.0,8,1.0,8,1.0
318,434460,169288,0,0,0,0,0,0,0,0,1,1,0,1,4.0,4,1.0,2,0.5
319,461196,108275,1,0,0,0,0,0,1,0,0,0,1,0,,0,0.0,6,5.0
320,214434,163733,1,0,0,0,0,0,0,1,1,0,0,0,8.0,8,1.0,2,0.25
321,380690,119490,0,0,0,1,0,1,1,0,0,0,0,0,2.0,2,1.0,10,5.0
322,207430,146046,1,0,1,0,0,0,0,1,0,0,0,0,6.0,6,1.0,4,0.67
323,291430,197852,0,1,0,0,0,0,1,0,0,0,1,0,2.0,2,1.0,0,0.0
324,281509,145993,0,0,0,0,0,0,1,0,0,1,1,0,4.0,4,1.0,10,2.5
325,450296,105489,0,0,0,1,0,0,1,0,0,0,1,0,8.0,8,1.0,4,0.5
326,304679,130659,1,0,0,1,0,0,0,1,0,0,0,0,10.0,10,1.0,8,0.8
327,383569,138762,0,1,0,0,0,0,0,0,1,0,1,0,4.0,4,1.0,0,0.0
328,353518,60651,0,0,1,0,1,0,0,0,0,1,0,0,6.0,6,1.0,10,1.67
329,274717,155240,0,0,0,1,0,0,0,1,0,0,1,0,,0,0.0,8,5.0
330,384499,155236,0,0,0,0,0,0,0,1,1,0,0,1,6.0,6,1.0,4,0.67
331,465116,153987,0,0,0,0,0,0,0,0,1,1,1,0,4.0,4,1.0,4,1.0
332,422611,142253,0,0,0,1,0,0,0,1,0,0,1,0,2.0,2,1.0,6,3.0
333,273142,46673,1,0,1,0,0,0,1,0,0,0,0,0,6.0,6,1.0,6,1.0
334,276436,53260,0,1,0,1,0,0,0,0,0,1,0,0,10.0,10,1.0,14,1.4
335,202608,38139,1,0,1,0,1,0,0,0,0,0,0,0,6.0,6,1.0,8,1.33
336,243929,179707,0,0,0,0,0,0,1,1,1,0,0,0,2.0,2,1.0,6,3.0
337,258763,141289,1,0,1,0,0,0,0,0,0,0,0,1,4.0,4,1.0,2,0.5
338,322834,58273,0,1,0,0,0,0,1,0,0,1,0,0,8.0,8,1.0,8,1.0
339,211616,151350,0,1,0,0,0,0,1,0,0,1,0,0,8.0,8,1.0,4,0.5
340,417342,43433,0,0,1,0,0,0,0,1,0,1,0,0,2.0,2,1.0,10,5.0
341,333428,53017,0,0,0,0,0,1,0,0,0,1,0,1,6.0,6,1.0,12,2.0
342,453483,112882,0,0,0,1,1,0,0,0,0,0,0,1,6.0,6,1.0,8,1.33
343,266412,108033,1,1,0,0,0,0,0,1,0,0,0,0,,0,0.0,6,5.0
344,408051,140955,0,0,0,0,1,0,1,0,0,0,1,0,6.0,6,1.0,2,0.33
345,456345,94717,0,0,0,0,0,0,1,0,0,0,1,1,10.0,10,1.0,14,1.4
346,457822,28648,1,0,1,0,0,1,0,0,0,0,0,0,6.0,6,1.0,10,1.67
347,255709,92725,0,0,0,0,0,0,1,0,1,0,1,0,4.0,4,1.0,4,1.0
348,451104,192438,1,0,0,0,0,1,0,1,0,0,0,0,4.0,4,1.0,10,2.5
349,420645,79899,1,0,0,0,0,0,1,0,0,0,0,1,10.0,10,1.0,6,0.6
350,392445,125863,0,1,0,0,0,0,0,1,0,0,1,0,6.0,6,1.0,6,1.0
351,207515,78961,0,1,0,0,1,0,0,0,1,0,0,0,4.0,4,1.0,4,1.0
352,317523,53884,0,1,0,0,0,0,1,0,0,0,1,0,2.0,2,1.0,4,2.0
353,444435,197545,0,0,0,1,0,0,0,1,1,0,0,0,14.0,14,1.0,6,0.43
354,316633,42407,0,0,0,0,0,0,1,0,1,0,1,0,14.0,14,1.0,2,0.14
355,258931,173204,0,0,0,0,1,0,0,1,0,0,1,0,,0,0.0,2,5.0
356,372692,190010,0,1,0,1,0,0,0,1,0,0,0,0,2.0,2,1.0,4,2.0
357,343398,37837,0,0,1,1,0,0,0,0,0,0,1,0,2.0,2,1.0,6,3.0
358,281317,59623,1,0,0,1,0,0,0,1,0,0,0,0,6.0,6,1.0,6,1.0
359,332501,26790,0,0,0,1,0,1,0,0,1,0,0,0,8.0,8,1.0,4,0.5
360,384262,158042,1,0,0,0,0,0,0,1,0,1,0,0,6.0,6,1.0,6,1.0
361,428215,93593,1,0,1,0,0,0,0,0,1,0,0,0,6.0,6,1.0,14,2.33
362,249481,163969,1,0,0,1,1,0,0,0,0,0,0,0,6.0,6,1.0,10,1.67
363,414483,50161,0,1,0,0,0,0,0,1,0,0,0,1,8.0,8,1.0,4,0.5
364,464670,118855,1,0,0,0,0,0,0,0,0,0,1,1,4.0,4,1.0,6,1.5
365,474311,172110,1,0,0,0,0,0,1,0,0,0,0,1,2.0,2,1.0,0,0.0
366,348959,114042,0,0,0,0,0,0,0,0,1,1,1,0,6.0,6,1.0,8,1.33
367,234548,101587,0,0,0,0,0,0,0,1,0,1,0,1,4.0,4,1.0,10,2.5
368,219163,174151,1,0,0,0,1,0,1,0,0,0,0,0,4.0,4,1.0,0,0.0
369,302195,65234,0,1,1,1,0,0,0,0,0,0,0,0,2.0,2,1.0,10,5.0
370,422472,147660,0,0,0,0,0,1,0,0,1,0,0,1,8.0,8,1.0,8,1.0
371,227784,146399,0,0,0,0,1,1,0,1,0,0,0,0,2.0,2,1.0,6,3.0
372,498482,171040,0,0,0,1,0,1,1,0,0,0,0,0,8.0,8,1.0,4,0.5
373,373709,25938,0,0,0,1,0,0,0,1,1,0,0,0,8.0,8,1.0,6,0.75
374,470459,35826,1,0,1,0,0,1,0,0,0,0,0,0,8.0,8,1.0,12,1.5
375,354110,120657,0,0,0,0,0,0,1,1,0,0,0,1,4.0,4,1.0,10,2.5
376,206024,117159,0,0,0,1,0,0,1,0,1,0,0,0,10.0,10,1.0,0,0.0
377,358946,83301,0,0,0,0,0,0,1,1,1,0,0,0,4.0,4,1.0,4,1.0
378,308803,59281,1,1,0,0,0,0,0,0,1,0,0,0,,0,0.0,6,5.0
379,474517,31884,0,0,0,0,0,0,1,0,0,1,1,0,2.0,2,1.0,8,4.0
380,242390,142871,0,0,0,1,0,0,1,0,0,0,1,0,4.0,4,1.0,0,0.0
381,340548,187457,0,0,0,1,1,0,0,0,1,0,0,0,6.0,6,1.0,2,0.33
382,299177,177984,0,1,0,0,0,0,0,0,1,0,1,0,6.0,6,1.0,6,1.0
383,270532,82671,1,1,1,0,0,0,0,0,0,0,0,0,8.0,8,1.0,6,0.75
384,268992,88647,0,0,0,0,0,0,0,1,1,1,0,0,6.0,6,1.0,6,1.0
385,259627,71976,0,1,0,0,0,0,0,1,0,0,1,0,2.0,2,1.0,6,3.0
386,266860,39850,1,1,0,0,0,0,1,0,0,0,0,0,12.0,12,1.0,8,0.67
387,202576,112778,0,1,0,0,0,1,0,1,0,0,0,0,6.0,6,1.0,4,0.67
388,289778,148181,0,0,0,1,1,0,0,0,1,0,0,0,6.0,6,1.0,6,1.0
389,318503,98397,1,1,0,0,0,0,0,0,0,1,0,0,12.0,12,1.0,4,0.33
390,307917,126264,0,0,0,0,0,0,0,0,0,1,1,1,6.0,6,1.0,10,1.67
391,369358,93056,0,0,0,0,1,0,0,0,1,0,0,1,6.0,6,1.0,4,0.67
392,373343,59530,0,0,0,0,0,1,0,0,1,0,1,0,6.0,6,1.0,4,0.67
393,278415,191858,0,0,0,0,0,0,1,0,1,0,0,1,8.0,8,1.0,8,1.0
394,254809,78233,0,1,0,0,0,0,0,0,0,0,1,1,8.0,8,1.0,6,0.75
395,358742,41600,0,0,0,1,0,1,0,0,0,1,0,0,8.0,8,1.0,14,1.75
396,435593,136937,0,1,1,0,0,0,0,0,0,0,0,1,8.0,8,1.0,8,1.0
397,444664,79308,0,1,0,0,1,0,0,1,0,0,0,0,2.0,2,1.0,8,4.0
398,257040,189799,0,0,0,0,1,0,0,0,0,1,0,1,4.0,4,1.0,6,1.5
399,471971,107481,0,1,0,0,1,1,0,0,0,0,0,0,8.0,8,1.0,4,0.5
400,285534,69440,0,1,0,1,0,0,1,0,0,0,0,0,4.0,4,1.0,8,2.0
401,399355,28851,0,1,0,1,0,1,0,0,0,0,0,0,2.0,2,1.0,6,3.0
402,267282,130354,0,0,0,0,0,0,0,0,1,0,1,1,4.0,4,1.0,10,2.5
403,376411,90246,1,1,0,0,0,1,0,0,0,0,0,0,6.0,6,1.0,2,0.33
404,417066,68397,0,0,1,0,0,0,0,0,0,1,0,1,8.0,8,1.0,6,0.75
405,312499,50643,1,0,0,0,1,0,0,0,0,0,1,0,4.0,4,1.0,8,2.0
406,329969,70706,0,1,0,0,0,0,0,1,0,0,1,0,8.0,8,1.0,8,1.0
407,468220,70210,0,0,1,0,0,0,0,0,1,0,0,1,2.0,2,1.0,8,4.0
408,414297,162311,1,1,0,0,1,0,0,0,0,0,0,0,8.0,8,1.0,8,1.0
409,219953,187847,0,0,1,1,1,0,0,0,0,0,0,0,2.0,2,1.0,2,1.0
410,413257,192908,0,1,0,0,1,0,0,0,0,0,1,0,4.0,4,1.0,2,0.5
411,334666,192762,0,0,1,1,0,0,0,1,0,0,0,0,4.0,4,1.0,10,2.5
412,222514,50456,0,0,0,0,0,0,0,1,1,0,1,0,8.0,8,1.0,0,0.0
413,259408,123579,1,0,1,0,0,0,0,0,1,0,0,0,14.0,14,1.0,6,0.43
414,319363,16753,0,1,0,1,0,0,0,0,0,0,0,1,4.0,4,1.0,8,2.0
415,398450,95097,0,0,1,0,0,1,0,1,0,0,0,0,6.0,6,1.0,2,0.33
416,388838,107138,0,0,1,0,1,0,0,1,0,0,0,0,2.0,2,1.0,2,1.0
417,256776,19251,0,1,0,0,0,0,0,0,0,1,0,1,2.0,2,1.0,4,2.0
418,383184,82298,0,0,0,0,0,1,1,1,0,0,0,0,4.0,4,1.0,6,1.5
419,262198,77538,0,1,1,0,0,0,1,0,0,0,0,0,4.0,4,1.0,8,2.0
420,276703,139996,1,1,0,0,1,0,0,0,0,0,0,0,8.0,8,1.0,2,0.25
421,276962,38350,1,0,0,0,0,1,0,0,0,0,1,0,14.0,14,1.0,4,0.29
422,461187,140548,0,0,0,1,0,0,0,1,0,1,0,0,12.0,12,1.0,10,0.83
423,480325,45818,0,1,1,0,0,0,0,0,0,0,0,1,8.0,8,1.0,10,1.25
424,394427,83641,0,0,1,0,0,0,0,1,0,0,1,0,2.0,2,1.0,8,4.0
425,435603,99934,0,0,1,0,1,0,0,0,0,1,0,0,2.0,2,1.0,6,3.0
426,279346,67709,0,0,0,1,0,0,1,0,0,0,0,1,,0,0.0,12,5.0
427,306633,93222,0,0,1,0,0,0,0,0,1,0,1,0,8.0,8,1.0,6,0.75
428,483980,14466,1,0,0,0,0,0,0,1,0,0,0,1,4.0,4,1.0,4,1.0
429,214878,173055,1,0,1,0,0,0,0,0,1,0,0,0,4.0,4,1.0,6,1.5
430,263423,160431,0,0,0,1,0,0,1,0,1,0,0,0,10.0,10,1.0,6,0.6
431,396807,194270,0,0,0,0,1,1,0,0,0,0,0,1,8.0,8,1.0,2,0.25
432,468006,139244,0,0,0,0,1,0,0,1,0,0,1,0,4.0,4,1.0,8,2.0
433,386017,54184,0,0,0,1,0,0,1,0,0,0,1,0,8.0,8,1.0,6,0.75
434,237391,115716,0,0,1,1,0,0,0,1,0,0,0,0,12.0,12,1.0,6,0.5
435,415828,29926,0,0,0,0,0,0,0,1,0,1,1,0,4.0,4,1.0,4,1.0
436,208006,56098,0,0,0,1,0,0,0,1,1,0,0,0,6.0,6,1.0,4,0.67
437,282798,92380,0,0,0,0,0,0,1,1,0,0,1,0,10.0,10,1.0,12,1.2
438,322382,139215,0,0,0,0,0,0,1,1,1,0,0,0,4.0,4,1.0,12,3.0
439,495656,24595,0,0,0,0,1,0,0,0,0,1,0,1,6.0,6,1.0,8,1.33
440,487736,156629,0,0,0,1,0,1,0,1,0,0,0,0,6.0,6,1.0,6,1.0
441,348167,162775,0,1,0,0,0,0,0,0,1,1,0,0,8.0,8,1.0,2,0.25
442,413534,160420,0,1,0,0,0,0,0,1,1,0,0,0,4.0,4,1.0,4,1.0
443,292531,155651,1,0,0,0,0,1,1,0,0,0,0,0,4.0,4,1.0,4,1.0
444,405225,64763,0,0,0,0,1,1,1,0,0,0,0,0,4.0,4,1.0,10,2.5
445,388734,172721,1,0,1,0,0,0,0,0,1,0,0,0,8.0,8,1.0,10,1.25
446,200028,69617,0,0,0,1,0,1,0,0,0,0,1,0,8.0,8,1.0,4,0.5
447,368086,150465,0,0,1,0,0,0,0,0,0,1,0,1,8.0,8,1.0,10,1.25
448,453598,88914,0,0,0,0,1,0,1,0,0,0,1,0,8.0,8,1.0,6,0.75
449,490092,13516,0,0,1,0,1,0,0,0,0,1,0,0,6.0,6,1.0,2,0.33
450,260490,195083,0,0,0,1,1,0,0,0,0,0,1,0,6.0,6,1.0,6,1.0
451,455598,27274,1,0,1,0,0,0,0,1,0,0,0,0,10.0,10,1.0,4,0.4
452,494976,161982,0,0,0,1,0,0,0,0,0,1,0,1,4.0,4,1.0,8,2.0
453,396066,28764,0,1,1,0,0,0,0,0,0,0,1,0,8.0,8,1.0,8,1.0
454,455579,88243,0,1,0,0,1,0,1,0,0,0,0,0,,0,0.0,8,5.0
455,409085,70502,0,0,0,0,1,0,1,0,0,1,0,0,4.0,4,1.0,8,2.0
456,371029,72053,0,0,0,1,1,1,0,0,0,0,0,0,4.0,4,1.0,2,0.5
457,295670,196249,1,0,1,0,0,0,1,0,0,0,0,0,10.0,10,1.0,2,0.2
458,361928,150430,1,0,0,0,1,0,0,0,0,0,0,1,2.0,2,1.0,6,3.0
459,451024,173729,1,0,0,0,0,0,0,0,1,0,0,1,4.0,4,1.0,2,0.5
460,490748,98179,0,0,0,0,0,1,0,0,1,0,0,1,6.0,6,1.0,4,0.67
461,491945,30336,0,0,0,0,0,1,0,0,1,1,0,0,6.0,6,1.0,8,1.33
462,241640,70420,0,1,0,0,1,0,0,0,0,0,0,1,2.0,2,1.0,8,4.0
463,223055,35627,0,0,1,0,0,0,1,1,0,0,0,0,2.0,2,1.0,4,2.0
464,467233,172942,0,0,0,0,0,1,0,0,1,1,0,0,4.0,4,1.0,4,1.0
465,209404,90757,0,0,0,0,0,1,0,0,0,1,0,1,2.0,2,1.0,6,3.0
466,235052,63309,0,0,0,1,0,0,1,0,0,0,0,1,8.0,8,1.0,10,1.25
467,352043,122542,0,0,0,0,0,1,0,1,0,0,1,0,,0,0.0,2,5.0
468,464655,71188,0,0,1,0,1,0,0,0,0,0,1,0,,0,0.0,4,5.0
469,452949,99119,0,0,0,1,0,1,0,0,1,0,0,0,6.0,6,1.0,6,1.0
470,426276,83280,0,1,1,0,0,0,1,0,0,0,0,0,4.0,4,1.0,10,2.5
471,216417,72177,1,0,1,0,1,0,0,0,0,0,0,0,8.0,8,1.0,6,0.75
472,475969,71538,0,1,0,1,0,0,0,0,0,0,0,1,8.0,8,1.0,8,1.0
473,470315,16907,0,1,0,0,1,0,1,0,0,0,0,0,2.0,2,1.0,8,4.0
474,278020,110948,0,0,0,1,0,1,0,0,0,0,1,0,14.0,14,1.0,8,0.57
475,440036,30121,0,0,0,0,0,1,0,0,1,0,0,1,2.0,2,1.0,4,2.0
476,314142,30943,0,1,0,0,0,0,1,0,0,1,0,0,2.0,2,1.0,0,0.0
477,386746,20699,0,0,0,0,1,1,0,0,1,0,0,0,4.0,4,1.0,4,1.0
478,261137,14474,1,0,0,0,0,0,0,0,0,1,1,0,4.0,4,1.0,0,0.0
479,331372,39433,0,1,0,1,0,0,1,0,0,0,0,0,,0,0.0,2,5.0
480,405773,32680,0,0,0,0,0,0,0,1,1,1,0,0,4.0,4,1.0,4,1.0
481,429580,132313,0,1,0,0,1,0,0,0,0,0,1,0,2.0,2,1.0,2,1.0
482,356059,157741,0,0,0,0,1,0,0,0,1,0,0,1,,0,0.0,4,5.0
483,271684,55449,0,0,0,0,1,1,0,0,0,1,0,0,10.0,10,1.0,16,1.6
484,347716,95631,0,0,0,0,1,1,1,0,0,0,0,0,2.0,2,1.0,6,3.0
485,411171,62933,0,0,0,1,0,0,0,1,0,0,0,1,,0,0.0,8,5.0
486,428977,75683,0,0,0,0,1,0,0,0,1,1,0,0,4.0,4,1.0,14,3.5
487,466398,187686,0,0,1,0,0,0,0,1,0,0,0,1,8.0,8,1.0,6,0.75
488,270081,33315,0,0,0,0,0,0,0,0,1,0,1,1,10.0,10,1.0,6,0.6
489,485029,51880,1,0,0,1,0,0,0,0,0,0,0,1,8.0,8,1.0,6,0.75
490,261276,108198,1,0,0,0,0,0,0,0,1,0,1,0,2.0,2,1.0,10,5.0
491,407979,92566,1,0,0,0,0,0,1,0,0,0,0,1,8.0,8,1.0,4,0.5
492,243348,173882,0,0,0,1,0,1,0,0,0,0,0,1,6.0,6,1.0,6,1.0
493,411586,174035,0,0,0,0,1,0,0,1,0,0,0,1,6.0,6,1.0,8,1.33
494,297625,144010,1,0,0,1,0,0,1,0,0,0,0,0,8.0,8,1.0,6,0.75
495,402601,92174,0,0,0,0,0,0,1,1,0,1,0,0,2.0,2,1.0,0,0.0
496,266498,69504,0,0,0,1,0,1,1,0,0,0,0,0,8.0,8,1.0,4,0.5
497,303917,41341,0,0,0,0,1,1,0,0,0,0,1,0,4.0,4,1.0,2,0.5
498,205307,26146,1,0,0,0,0,1,1,0,0,0,0,0,6.0,6,1.0,6,1.0
499,471466,124691,1,0,1,0,0,0,0,1,0,0,0,0,10.0,10,1.0,6,0.6
500,363805,196676,0,1,0,0,0,0,0,1,1,0,0,0,4.0,4,1.0,4,1.0
501,328308,62536,0,0,1,1,0,0,0,1,0,0,0,0,,0,0.0,2,5.0
502,267523,85770,0,0,1,0,0,0,1,0,0,0,1,0,8.0,8,1.0,4,0.5
503,332979,84112,1,0,1,0,0,0,0,0,0,0,1,0,2.0,2,1.0,0,0.0
504,309464,180538,0,0,0,0,1,1,0,0,0,1,0,0,2.0,2,1.0,8,4.0
505,488292,185347,1,0,0,0,0,0,0,1,0,1,0,0,2.0,2,1.0,4,2.0
506,361471,165007,0,0,0,0,0,0,1,1,0,0,0,1,6.0,6,1.0,4,0.67
507,208687,105248,0,0,1,0,0,0,1,1,0,0,0,0,8.0,8,1.0,4,0.5
508,232684,161404,0,1,0,0,0,1,0,1,0,0,0,0,2.0,2,1.0,6,3.0
509,442554,16172,0,0,0,0,1,0,0,0,0,0,1,1,4.0,4,1.0,12,3.0
510,204657,170199,0,0,1,0,0,0,0,0,0,0,1,1,2.0,2,1.0,4,2.0
511,239389,70377,0,0,1,0,1,0,0,0,1,0,0,0,10.0,10,1.0,6,0.6
512,218008,101701,1,0,0,0,1,0,0,1,0,0,0,0,4.0,4,1.0,10,2.5
513,383759,194651,0,0,1,0,0,0,0,0,1,0,1,0,2.0,2,1.0,6,3.0
514,306213,61447,0,0,0,1,1,0,1,0,0,0,0,0,4.0,4,1.0,2,0.5
515,312123,48279,0,0,1,0,1,0,1,0,0,0,0,0,2.0,2,1.0,4,2.0
516,361275,116248,0,0,0,1,0,0,0,0,0,0,1,1,,0,0.0,6,5.0
517,388396,90908,0,1,0,0,0,0,0,1,0,1,0,0,2.0,2,1.0,6,3.0
518,288128,133729,0,0,0,0,1,1,0,0,0,0,1,0,4.0,4,1.0,4,1.0
519,425896,76334,0,0,0,1,0,0,1,0,0,1,0,0,2.0,2,1.0,12,6.0
520,227571,49234,0,0,1,0,0,0,1,0,0,1,0,0,4.0,4,1.0,8,2.0
521,479020,137397,0,0,0,0,1,1,0,0,1,0,0,0,2.0,2,1.0,4,2.0
522,204399,43095,0,0,1,0,0,0,0,1,0,0,0,1,8.0,8,1.0,10,1.25
523,338325,154358,0,0,0,1,1,0,0,1,0,0,0,0,8.0,8,1.0,4,0.5
524,336982,132921,0,0,1,1,0,0,0,0,1,0,0,0,14.0,14,1.0,8,0.57
525,341459,91124,0,0,1,0,0,0,0,0,0,1,0,1,8.0,8,1.0,0,0.0
526,406510,63478,0,0,0,1,0,0,0,0,1,0,0,1,4.0,4,1.0,4,1.0
527,332700,64958,0,1,0,0,0,1,0,0,0,0,1,0,6.0,6,1.0,2,0.33
528,254230,86953,0,0,1,0,0,0,1,1,0,0,0,0,,0,0.0,6,5.0
529,216574,171859,0,0,0,1,0,0,0,0,0,1,1,0,4.0,4,1.0,6,1.5
530,482990,41795,0,0,0,1,0,1,0,0,0,0,0,1,10.0,10,1.0,6,0.6
531,330133,123832,0,0,0,0,1,0,0,0,0,1,1,0,,0,0.0,0,0.0
532,395228,53435,1,0,0,0,0,0,0,1,0,0,1,0,6.0,6,1.0,14,2.33
533,219301,83245,1,0,0,0,1,0,0,0,0,0,1,0,2.0,2,1.0,4,2.0
534,241393,116263,0,1,0,1,0,0,0,0,0,1,0,0,6.0,6,1.0,12,2.0
535,209948,50931,0,0,0,1,0,0,1,0,0,0,1,0,8.0,8,1.0,4,0.5
536,434471,63782,1,0,0,1,0,0,0,1,0,0,0,0,4.0,4,1.0,4,1.0
537,402834,161904,0,0,1,0,1,1,0,0,0,0,0,0,2.0,2,1.0,8,4.0
538,441114,132616,1,0,0,0,0,1,1,0,0,0,0,0,2.0,2,1.0,12,6.0
539,467585,31356,0,1,0,1,1,0,0,0,0,0,0,0,8.0,8,1.0,4,0.5
540,348008,95495,1,0,0,0,0,0,0,1,0,1,0,0,10.0,10,1.0,6,0.6
541,445390,136281,0,0,1,0,0,0,0,0,1,0,1,0,4.0,4,1.0,8,2.0
542,323829,25432,0,0,1,0,0,1,0,1,0,0,0,0,2.0,2,1.0,12,6.0
543,205185,12607,0,0,0,0,0,0,1,0,0,1,0,1,8.0,8,1.0,6,0.75
544,490248,26420,0,0,0,1,0,1,0,1,0,0,0,0,4.0,4,1.0,8,2.0
545,463292,161027,0,0,0,0,1,0,0,0,1,0,1,0,4.0,4,1.0,8,2.0
546,480943,157829,0,1,0,1,0,0,0,1,0,0,0,0,8.0,8,1.0,8,1.0
547,347856,29055,1,0,1,0,0,0,0,0,0,0,0,1,12.0,12,1.0,0,0.0
548,239565,96294,0,1,0,0,0,0,0,0,0,0,1,1,6.0,6,1.0,8,1.33
549,255734,62437,1,0,0,0,0,0,0,1,0,0,1,0,10.0,10,1.0,4,0.4
550,242008,183474,0,1,0,0,0,0,0,1,0,1,0,0,4.0,4,1.0,2,0.5
551,278966,28705,0,1,0,1,0,0,0,0,1,0,0,0,10.0,10,1.0,2,0.2
552,266072,17762,0,0,1,1,0,0,0,0,0,1,0,0,6.0,6,1.0,8,1.33
553,380708,37376,0,0,0,1,0,0,1,0,0,0,1,0,4.0,4,1.0,4,1.0
554,207097,109083,0,1,0,1,0,0,0,0,1,0,0,0,14.0,14,1.0,4,0.29
555,220167,167100,0,1,1,0,0,0,0,1,0,0,0,0,6.0,6,1.0,8,1.33
556,328447,185659,0,0,0,0,0,0,1,0,0,1,0,1,,0,0.0,2,5.0
557,263123,158856,0,1,0,1,0,0,0,0,0,1,0,0,4.0,4,1.0,4,1.0
558,244123,101011,0,0,0,1,1,0,0,0,0,0,0,1,14.0,14,1.0,14,1.0
559,212049,197338,1,0,0,0,0,1,0,0,0,1,0,0,2.0,2,1.0,8,4.0
560,244946,29596,1,0,0,0,1,0,0,0,0,1,0,0,4.0,4,1.0,6,1.5
561,358017,45793,0,0,0,0,0,1,0,1,0,0,1,0,8.0,8,1.0,8,1.0
562,344701,132333,1,0,1,0,0,0,0,1,0,0,0,0,6.0,6,1.0,12,2.0
563,411913,180763,0,0,0,0,1,1,1,0,0,0,0,0,8.0,8,1.0,10,1.25
564,449587,131493,1,1,0,1,0,0,0,0,0,0,0,0,4.0,4,1.0,10,2.5
565,486488,50115,0,0,0,1,0,0,0,1,0,1,0,0,16.0,16,1.0,4,0.25
566,362731,138975,1,0,0,0,0,1,0,1,0,0,0,0,10.0,10,1.0,10,1.0
567,496717,190331,0,1,1,0,0,0,1,0,0,0,0,0,10.0,10,1.0,6,0.6
568,306057,157754,0,0,1,0,0,0,0,0,1,1,0,0,4.0,4,1.0,6,1.5
569,338709,85126,0,0,1,0,0,0,0,0,1,0,0,1,4.0,4,1.0,4,1.0
570,200001,143481,0,0,0,1,1,0,0,0,0,0,1,0,2.0,2,1.0,0,0.0
571,223457,100696,0,0,0,1,0,1,0,0,1,0,0,0,8.0,8,1.0,8,1.0
572,441179,25685,0,0,1,0,0,0,0,0,1,0,1,0,12.0,12,1.0,4,0.33
573,353594,110800,1,0,0,0,0,0,0,0,1,1,0,0,6.0,6,1.0,8,1.33
574,393614,13674,0,0,1,0,0,1,1,0,0,0,0,0,4.0,4,1.0,16,4.0
575,430394,20528,0,0,1,0,1,0,0,0,0,1,0,0,10.0,10,1.0,2,0.2
576,331831,152774,1,0,0,1,0,0,0,0,1,0,0,0,2.0,2,1.0,10,5.0
577,398194,120484,0,0,0,0,0,1,1,0,0,1,0,0,8.0,8,1.0,8,1.0
578,276427,176286,1,0,1,0,0,0,0,1,0,0,0,0,2.0,2,1.0,6,3.0
579,499987,117675,0,0,0,0,0,1,0,0,1,1,0,0,12.0,12,1.0,12,1.0
580,290614,113585,0,0,1,1,1,0,0,0,0,0,0,0,6.0,6,1.0,2,0.33
581,478243,195676,0,0,1,0,0,0,1,0,0,0,0,1,2.0,2,1.0,8,4.0
582,402493,128166,0,0,0,0,0,1,0,1,0,1,0,0,12.0,12,1.0,8,0.67
583,393992,143737,0,0,0,1,0,0,1,0,1,0,0,0,6.0,6,1.0,2,0.33
584,327428,88091,0,1,1,0,0,1,0,0,0,0,0,0,8.0,8,1.0,4,0.5
585,462940,164467,0,0,0,0,0,1,0,0,1,0,0,1,2.0,2,1.0,12,6.0
586,265145,97582,0,0,0,0,0,1,0,0,1,1,0,0,4.0,4,1.0,4,1.0
587,451884,125764,1,0,0,1,0,0,0,0,0,1,0,0,,0,0.0,10,5.0
588,470082,123085,0,0,0,1,1,0,0,0,0,0,0,1,4.0,4,1.0,4,1.0
589,302570,55829,0,1,0,1,0,1,0,0,0,0,0,0,4.0,4,1.0,6,1.5
590,271350,163049,0,0,0,0,0,1,0,0,1,1,0,0,6.0,6,1.0,10,1.67
591,463176,190070,0,0,1,0,1,0,0,0,0,0,1,0,2.0,2,1.0,10,5.0
592,239269,115358,0,0,0,0,0,0,1,1,0,0,0,1,2.0,2,1.0,10,5.0
593,492234,80321,0,0,0,0,0,1,1,1,0,0,0,0,6.0,6,1.0,14,2.33
594,447098,150300,0,0,1,0,0,0,0,0,1,0,1,0,,0,0.0,4,5.0
595,289440,191239,0,1,0,1,0,0,1,0,0,0,0,0,4.0,4,1.0,4,1.0
596,395653,181703,0,0,0,0,0,1,1,0,1,0,0,0,4.0,4,1.0,6,1.5
597,413273,39791,0,0,0,1,1,0,1,0,0,0,0,0,,0,0.0,2,5.0
598,225693,56526,0,1,0,0,0,0,1,0,0,0,0,1,10.0,10,1.0,4,0.4
599,457079,135393,0,0,1,0,0,0,0,0,1,0,1,0,6.0,6,1.0,6,1.0
600,406200,92399,0,0,1,0,0,1,0,0,0,0,0,1,2.0,2,1.0,10,5.0
601,391476,55926,0,0,0,1,0,0,1,0,0,1,0,0,6.0,6,1.0,4,0.67
602,425438,98860,0,0,0,0,0,1,1,0,1,0,0,0,,0,0.0,12,5.0
603,334418,120570,1,0,0,0,0,0,0,0,1,0,0,1,2.0,2,1.0,4,2.0
604,348429,28194,1,1,0,0,0,0,0,1,0,0,0,0,,0,0.0,4,5.0
605,400528,37541,0,0,0,1,1,0,1,0,0,0,0,0,6.0,6,1.0,10,1.67
606,319216,42896,0,0,0,0,0,1,0,0,0,1,0,1,4.0,4,1.0,6,1.5
607,480884,46973,0,0,0,0,1,0,0,0,1,0,0,1,2.0,2,1.0,8,4.0
608,319510,197788,1,0,0,1,0,0,0,0,0,0,0,1,8.0,8,1.0,0,0.0
609,311293,74309,0,0,1,1,0,0,0,0,0,1,0,0,4.0,4,1.0,14,3.5
610,393323,181443,0,0,1,0,0,0,1,0,0,0,1,0,4.0,4,1.0,10,2.5
611,311966,145582,1,0,0,0,1,0,0,0,0,1,0,0,4.0,4,1.0,6,1.5
612,406543,90709,0,0,0,0,1,0,0,0,0,1,1,0,6.0,6,1.0,6,1.0
613,302751,155861,0,1,0,0,0,0,0,0,1,0,1,0,12.0,12,1.0,10,0.83
614,207585,47241,0,0,0,0,0,1,0,0,1,0,1,0,4.0,4,1.0,4,1.0
615,275659,21504,0,0,0,1,0,1,0,0,0,0,1,0,10.0,10,1.0,10,1.0
616,406861,28337,0,0,0,0,1,0,0,1,1,0,0,0,2.0,2,1.0,0,0.0
617,362463,158731,0,0,0,0,1,0,0,1,1,0,0,0,6.0,6,1.0,8,1.33
618,411510,30753,0,0,0,0,0,1,0,1,0,1,0,0,4.0,4,1.0,6,1.5
619,485980,143009,0,0,0,0,1,1,1,0,0,0,0,0,2.0,2,1.0,0,0.0
620,220964,110716,0,1,0,1,0,0,1,0,0,0,0,0,2.0,2,1.0,10,5.0
621,315555,151131,0,0,0,0,1,0,1,0,1,0,0,0,,0,0.0,2,5.0
622,471157,68516,1,0,1,0,1,0,0,0,0,0,0,0,8.0,8,1.0,14,1.75
623,406859,61140,0,1,0,0,0,1,0,0,0,0,1,0,8.0,8,1.0,2,0.25
624,464367,152582,0,0,0,0,1,0,0,0,0,1,1,0,6.0,6,1.0,2,0.33
625,384728,71607,0,1,0,0,0,0,0,1,1,0,0,0,10.0,10,1.0,4,0.4
626,442739,43642,0,1,0,1,0,0,0,0,0,0,0,1,10.0,10,1.0,2,0.2
627,345081,39891,0,0,0,0,0,0,0,1,1,1,0,0,8.0,8,1.0,2,0.25
628,356882,151586,0,0,0,0,0,0,0,0,1,1,1,0,8.0,8,1.0,10,1.25
629,467710,51296,0,0,0,0,1,0,0,0,1,0,0,1,6.0,6,1.0,6,1.0
630,320831,133375,0,0,0,0,0,0,1,1,0,0,1,0,8.0,8,1.0,8,1.0
631,277376,98064,0,0,0,0,0,0,0,1,0,1,1,0,10.0,10,1.0,2,0.2
632,336337,92259,0,0,0,1,0,0,0,1,0,0,0,1,6.0,6,1.0,12,2.0
633,205914,12925,0,1,0,0,0,0,1,0,1,0,0,0,4.0,4,1.0,2,0.5
634,334891,180467,0,1,1,1,0,0,0,0,0,0,0,0,2.0,2,1.0,0,0.0
635,293350,93423,1,0,0,0,0,1,0,0,0,0,1,0,8.0,8,1.0,2,0.25
636,248133,102234,0,0,0,1,0,0,0,0,0,1,1,0,14.0,14,1.0,2,0.14
637,463279,66610,0,0,0,0,0,1,0,0,0,1,0,1,4.0,4,1.0,4,1.0
638,233225,144563,0,0,0,0,1,1,0,0,0,1,0,0,4.0,4,1.0,12,3.0
639,480066,24214,1,0,0,0,1,0,0,0,1,0,0,0,2.0,2,1.0,6,3.0
640,298201,68870,0,1,0,0,0,0,0,0,1,0,0,1,2.0,2,1.0,8,4.0
641,316673,22103,0,0,0,0,0,1,0,0,0,1,1,0,6.0,6,1.0,12,2.0
642,435702,113156,1,0,0,0,0,0,0,0,0,1,0,1,8.0,8,1.0,8,1.0
643,382302,131574,0,0,0,1,1,1,0,0,0,0,0,0,16.0,16,1.0,8,0.5
644,308676,103934,1,0,0,0,0,1,0,0,1,0,0,0,2.0,2,1.0,4,2.0
645,424223,88807,0,1,0,0,0,0,0,1,1,0,0,0,4.0,4,1.0,0,0.0
646,447228,44269,0,1,0,0,0,1,0,0,0,0,1,0,10.0,10,1.0,6,0.6
647,277880,55032,1,0,0,0,0,0,1,0,0,0,1,0,6.0,6,1.0,8,1.33
648,222776,158303,0,0,0,0,0,1,0,0,1,1,0,0,6.0,6,1.0,10,1.67
649,472568,61872,1,0,0,0,0,1,0,0,0,0,0,1,6.0,6,1.0,6,1.0
650,326433,106534,1,0,0,1,0,0,0,0,0,0,0,1,4.0,4,1.0,6,1.5
651,339979,90419,0,1,0,0,1,1,0,0,0,0,0,0,2.0,2,1.0,6,3.0
652,444103,137728,0,0,1,0,1,0,0,0,0,1,0,0,4.0,4,1.0,2,0.5
653,453724,109824,0,0,0,1,0,0,0,1,0,0,0,1,6.0,6,1.0,8,1.33
654,487460,127989,1,1,0,0,0,0,0,1,0,0,0,0,4.0,4,1.0,8,2.0
655,483102,182886,0,1,0,1,0,0,0,0,0,0,1,0,4.0,4,1.0,10,2.5
656,249702,127895,0,0,0,0,0,0,1,0,0,1,0,1,6.0,6,1.0,6,1.0
657,474378,61869,0,0,0,0,0,1,0,0,1,1,0,0,2.0,2,1.0,12,6.0
658,362653,145831,0,0,0,0,0,0,0,1,0,1,1,0,2.0,2,1.0,6,3.0
659,370714,71649,0,0,0,0,0,1,0,1,0,1,0,0,8.0,8,1.0,6,0.75
660,258959,28713,0,1,0,0,0,1,1,0,0,0,0,0,6.0,6,1.0,6,1.0
661,405274,24301,0,0,0,0,0,0,1,1,1,0,0,0,2.0,2,1.0,6,3.0
662,220897,99513,1,0,1,1,0,0,0,0,0,0,0,0,4.0,4,1.0,6,1.5
663,454203,156314,0,0,0,0,0,0,0,0,1,0,1,1,2.0,2,1.0,4,2.0
664,462761,164531,0,0,0,1,0,0,0,1,0,0,1,0,6.0,6,1.0,8,1.33
665,325579,59883,0,0,0,0,0,1,0,0,1,0,1,0,4.0,4,1.0,10,2.5
666,473233,154694,0,0,1,1,0,0,0,0,1,0,0,0,8.0,8,1.0,4,0.5
667,420925,199716,1,0,0,0,0,1,0,0,0,1,0,0,6.0,6,1.0,0,0.0
668,200999,106467,0,1,1,0,0,0,1,0,0,0,0,0,6.0,6,1.0,4,0.67
669,251803,124949,1,1,0,0,0,1,0,0,0,0,0,0,6.0,6,1.0,6,1.0
670,498285,29863,0,1,0,0,0,0,0,0,1,0,1,0,6.0,6,1.0,8,1.33
671,262904,122418,0,1,0,0,0,1,0,1,0,0,0,0,8.0,8,1.0,2,0.25
672,422921,59595,0,0,0,0,0,1,1,0,0,0,1,0,2.0,2,1.0,2,1.0
673,420628,177529,1,0,0,0,0,0,0,0,1,0,1,0,2.0,2,1.0,4,2.0
674,324917,104702,0,0,0,1,0,1,0,0,1,0,0,0,6.0,6,1.0,6,1.0
675,430855,75453,0,0,0,0,1,0,1,0,0,0,1,0,2.0,2,1.0,6,3.0
676,285582,74778,1,1,0,0,0,0,1,0,0,0,0,0,8.0,8,1.0,2,0.25
677,496860,49463,0,1,0,0,0,1,1,0,0,0,0,0,8.0,8,1.0,0,0.0
678,423904,187806,0,1,0,0,1,0,0,0,0,0,1,0,8.0,8,1.0,6,0.75
679,204938,36785,1,0,1,1,0,0,0,0,0,0,0,0,8.0,8,1.0,2,0.25
680,375284,196746,0,0,0,0,1,0,0,1,1,0,0,0,6.0,6,1.0,6,1.0
681,244556,29179,0,0,0,0,1,0,0,0,0,1,0,1,4.0,4,1.0,4,1.0
682,229152,127759,0,0,0,0,0,0,1,1,0,0,0,1,,0,0.0,8,5.0
683,361553,64970,0,0,1,0,1,0,0,0,0,0,1,0,6.0,6,1.0,6,1.0
684,271352,113220,0,0,1,1,0,0,0,0,0,0,0,1,2.0,2,1.0,6,3.0
685,295760,74282,1,0,0,0,1,0,0,0,1,0,0,0,,0,0.0,6,5.0
686,318293,33441,0,0,0,0,0,0,1,1,0,0,1,0,8.0,8,1.0,8,1.0
687,383619,40056,0,0,1,0,0,0,0,0,1,0,0,1,10.0,10,1.0,2,0.2
688,314795,136938,0,0,0,0,1,0,1,0,0,0,1,0,10.0,10,1.0,2,0.2
689,478514,189564,0,0,0,1,1,0,0,0,0,1,0,0,4.0,4,1.0,2,0.5
690,404950,188127,0,0,0,1,1,1,0,0,0,0,0,0,6.0,6,1.0,8,1.33
691,445341,106081,1,0,0,1,1,0,0,0,0,0,0,0,4.0,4,1.0,6,1.5
692,449316,77666,1,0,1,0,0,1,0,0,0,0,0,0,8.0,8,1.0,8,1.0
693,302075,138096,0,0,0,0,0,1,1,1,0,0,0,0,8.0,8,1.0,14,1.75
694,456352,36009,0,0,0,1,0,0,1,0,0,0,1,0,4.0,4,1.0,6,1.5
695,490129,92546,0,1,0,0,0,0,0,0,1,0,1,0,6.0,6,1.0,4,0.67
696,433637,55286,0,1,0,0,1,1,0,0,0,0,0,0,6.0,6,1.0,10,1.67
697,210566,31212,0,0,0,0,0,0,1,0,1,0,0,1,,0,0.0,12,5.0
698,402223,122169,0,1,1,0,0,0,1,0,0,0,0,0,12.0,12,1.0,2,0.17
699,244785,198667,1,0,0,0,0,0,0,0,0,1,0,1,10.0,10,1.0,12,1.2
700,402291,166371,0,0,0,0,0,1,0,0,1,0,0,1,8.0,8,1.0,10,1.25
701,313478,78519,0,1,0,0,0,0,0,1,0,0,1,0,4.0,4,1.0,14,3.5
702,438841,134520,1,0,1,0,0,0,0,0,1,0,0,0,8.0,8,1.0,6,0.75
703,213094,70655,0,0,0,0,1,0,0,0,1,0,0,1,8.0,8,1.0,0,0.0
704,350978,43948,0,0,1,1,0,0,0,1,0,0,0,0,2.0,2,1.0,6,3.0
705,254726,172807,0,0,0,0,0,0,1,0,1,1,0,0,8.0,8,1.0,6,0.75
706,434372,189536,0,0,0,1,0,0,0,0,0,0,1,1,4.0,4,1.0,4,1.0
707,345034,80288,0,1,0,0,0,0,0,0,1,0,1,0,,0,0.0,10,5.0
708,232062,187285,0,1,0,0,1,0,0,0,1,0,0,0,6.0,6,1.0,0,0.0
709,411841,19443,0,0,0,0,0,1,0,1,0,1,0,0,2.0,2,1.0,6,3.0
710,453578,18206,0,1,0,0,1,0,0,0,0,0,1,0,2.0,2,1.0,10,5.0
711,241167,176591,0,0,0,0,0,1,0,0,0,0,1,1,2.0,2,1.0,8,4.0
712,371904,166797,0,0,0,0,0,0,0,0,1,1,0,1,4.0,4,1.0,2,0.5
713,496726,73973,1,0,0,0,0,0,1,0,0,0,0,1,2.0,2,1.0,6,3.0
714,285423,39451,1,1,0,0,0,0,0,0,1,0,0,0,6.0,6,1.0,8,1.33
715,235681,76552,0,1,0,0,0,0,1,0,0,0,1,0,6.0,6,1.0,4,0.67
716,204840,172449,0,0,0,0,0,0,1,1,1,0,0,0,2.0,2,1.0,8,4.0
717,405744,175646,1,1,1,0,0,0,0,0,0,0,0,0,10.0,10,1.0,10,1.0
718,247418,116395,1,0,0,0,0,0,1,0,0,1,0,0,6.0,6,1.0,6,1.0
719,268489,54245,0,0,0,0,1,0,1,0,0,0,1,0,10.0,10,1.0,4,0.4
720,328945,165590,0,0,1,0,0,0,0,0,0,1,0,1,2.0,2,1.0,4,2.0
721,410193,141893,0,0,0,0,0,1,1,0,0,1,0,0,2.0,2,1.0,8,4.0
722,345034,40830,1,0,1,0,1,0,0,0,0,0,0,0,10.0,10,1.0,2,0.2
723,364372,64143,0,0,0,1,1,0,0,0,0,0,0,1,4.0,4,1.0,4,1.0
724,290738,129138,0,1,1,0,0,0,0,1,0,0,0,0,,0,0.0,0,0.0
725,338965,85609,0,1,0,0,0,1,0,1,0,0,0,0,8.0,8,1.0,2,0.25
726,467121,143254,0,0,0,0,1,0,0,0,0,0,1,1,6.0,6,1.0,2,0.33
727,389983,27107,0,1,0,0,0,0,1,0,0,1,0,0,2.0,2,1.0,6,3.0
728,483851,56319,0,0,0,1,1,0,0,0,0,1,0,0,2.0,2,1.0,4,2.0
729,424730,165939,1,1,0,1,0,0,0,0,0,0,0,0,8.0,8,1.0,6,0.75
730,249321,48359,0,1,1,0,0,0,1,0,0,0,0,0,4.0,4,1.0,2,0.5
731,307430,81205,1,1,0,0,0,0,0,0,0,0,1,0,6.0,6,1.0,10,1.67
732,347301,37884,1,0,1,0,0,0,0,0,1,0,0,0,10.0,10,1.0,12,1.2
733,203743,110893,0,0,0,0,1,1,0,0,1,0,0,0,4.0,4,1.0,4,1.0
734,292487,183232,1,0,0,0,1,0,0,0,1,0,0,0,8.0,8,1.0,4,0.5
735,322767,39677,1,0,0,0,1,0,0,0,0,0,1,0,4.0,4,1.0,4,1.0
736,358514,80208,0,0,0,1,0,1,0,1,0,0,0,0,14.0,14,1.0,4,0.29
737,427105,139153,0,1,0,0,1,0,0,0,1,0,0,0,4.0,4,1.0,4,1.0
738,357046,63987,0,0,0,1,1,0,0,0,0,0,1,0,12.0,12,1.0,10,0.83
739,307964,26776,1,0,1,0,0,0,0,0,0,0,0,1,8.0,8,1.0,8,1.0
740,316623,39023,0,1,0,0,0,0,0,0,1,1,0,0,4.0,4,1.0,4,1.0
741,228760,62415,1,0,0,0,0,0,0,1,0,1,0,0,,0,0.0,8,5.0
742,338286,150402,1,1,0,0,0,0,1,0,0,0,0,0,12.0,12,1.0,12,1.0
743,438728,154962,1,0,0,0,1,0,0,0,0,0,1,0,8.0,8,1.0,2,0.25
744,404981,192372,0,0,0,0,1,0,0,0,1,0,1,0,6.0,6,1.0,4,0.67
745,359528,25575,0,1,0,0,0,0,1,0,1,0,0,0,6.0,6,1.0,4,0.67
746,349781,163587,1,0,1,0,0,0,0,0,1,0,0,0,8.0,8,1.0,6,0.75
747,385237,59843,0,0,0,0,0,0,0,1,0,1,1,0,12.0,12,1.0,4,0.33
748,384632,183937,0,0,0,0,1,1,0,0,0,1,0,0,4.0,4,1.0,10,2.5
749,306961,148491,0,0,0,0,1,1,0,1,0,0,0,0,4.0,4,1.0,8,2.0
750,396479,30844,0,0,0,0,1,0,0,0,1,1,0,0,10.0,10,1.0,2,0.2
751,353952,189743,0,0,0,0,0,1,0,0,0,0,1,1,6.0,6,1.0,0,0.0
752,458229,72535,0,1,0,0,0,0,1,0,0,0,0,1,6.0,6,1.0,14,2.33
753,423828,162472,0,0,1,0,1,0,0,1,0,0,0,0,6.0,6,1.0,0,0.0
754,369405,195449,0,0,0,0,0,1,0,0,1,0,1,0,14.0,14,1.0,8,0.57
755,394880,59505,1,0,0,0,0,0,1,0,0,0,1,0,8.0,8,1.0,10,1.25
756,216125,75680,0,0,1,1,0,1,0,0,0,0,0,0,4.0,4,1.0,4,1.0
757,269805,185734,0,1,1,0,0,0,1,0,0,0,0,0,8.0,8,1.0,0,0.0
758,413799,157617,0,0,0,0,0,1,1,0,1,0,0,0,,0,0.0,6,5.0
759,302053,181745,0,0,0,0,0,1,1,0,0,0,0,1,2.0,2,1.0,8,4.0
760,473261,167980,0,0,1,0,0,0,0,1,0,0,0,1,10.0,10,1.0,8,0.8
761,445051,106289,1,1,1,0,0,0,0,0,0,0,0,0,10.0,10,1.0,2,0.2
762,212245,132984,0,1,0,0,0,0,0,0,0,1,1,0,10.0,10,1.0,8,0.8
763,480413,113380,0,0,1,0,0,0,0,0,0,1,0,1,8.0,8,1.0,6,0.75
764,352346,53256,0,0,0,0,1,1,0,0,0,0,1,0,,0,0.0,2,5.0
765,449161,26399,0,1,0,0,0,0,0,1,0,1,0,0,4.0,4,1.0,10,2.5
766,400195,66688,1,0,0,0,1,1,0,0,0,0,0,0,4.0,4,1.0,8,2.0
767,360809,41649,0,1,1,0,0,0,0,0,0,0,0,1,4.0,4,1.0,8,2.0
768,487223,143779,0,0,1,0,1,0,0,0,0,1,0,0,10.0,10,1.0,8,0.8
769,364632,163079,0,0,0,1,0,0,0,0,1,1,0,0,2.0,2,1.0,4,2.0
770,332071,116680,1,0,0,0,1,0,1,0,0,0,0,0,4.0,4,1.0,6,1.5
771,396359,89174,1,0,1,0,0,0,0,1,0,0,0,0,10.0,10,1.0,4,0.4
772,320385,92456,0,0,1,1,0,1,0,0,0,0,0,0,6.0,6,1.0,8,1.33
773,380098,93796,0,1,0,0,0,0,0,0,1,1,0,0,8.0,8,1.0,6,0.75
774,385140,102819,1,1,0,0,0,0,0,0,0,0,1,0,,0,0.0,6,5.0
775,473604,163744,0,0,0,0,0,1,1,0,0,1,0,0,4.0,4,1.0,8,2.0
776,296380,178265,0,0,0,0,0,0,1,1,0,0,0,1,8.0,8,1.0,0,0.0
777,217741,187165,0,1,0,0,0,0,1,0,0,0,1,0,8.0,8,1.0,4,0.5
778,468179,141762,0,0,1,0,1,0,0,0,0,0,1,0,2.0,2,1.0,4,2.0
779,265103,157564,1,0,0,0,0,0,1,0,0,1,0,0,4.0,4,1.0,2,0.5
780,318917,57513,0,0,0,0,1,1,0,0,0,0,0,1,8.0,8,1.0,8,1.0
781,335389,73388,0,0,1,0,0,0,1,0,0,0,0,1,,0,0.0,8,5.0
782,344494,41122,0,1,0,0,1,0,0,0,0,0,1,0,4.0,4,1.0,10,2.5
783,468987,43930,1,0,0,0,0,1,0,0,0,1,0,0,4.0,4,1.0,4,1.0
784,480547,64279,0,1,0,0,0,0,0,1,1,0,0,0,8.0,8,1.0,6,0.75
785,375866,122880,0,0,0,0,0,0,0,1,0,1,1,0,4.0,4,1.0,4,1.0
786,438184,138257,0,1,0,0,0,0,0,0,1,0,0,1,4.0,4,1.0,10,2.5
787,221519,42324,1,0,0,0,0,1,1,0,0,0,0,0,6.0,6,1.0,4,0.67
788,207393,114298,1,1,0,0,0,0,0,0,1,0,0,0,4.0,4,1.0,4,1.0
789,356242,168810,0,0,0,0,0,0,0,0,1,1,1,0,6.0,6,1.0,10,1.67
790,394532,87084,0,1,0,0,0,0,0,0,0,1,0,1,2.0,2,1.0,8,4.0
791,322534,160752,0,0,0,0,1,1,0,0,0,1,0,0,4.0,4,1.0,2,0.5
792,296770,177535,0,1,0,0,0,0,1,1,0,0,0,0,6.0,6,1.0,8,1.33
793,359411,181579,0,0,0,0,0,0,1,0,1,1,0,0,6.0,6,1.0,8,1.33
794,215607,147171,0,0,0,0,1,1,0,0,1,0,0,0,8.0,8,1.0,6,0.75
795,252366,29720,0,0,1,0,0,0,0,1,0,0,0,1,8.0,8,1.0,2,0.25
796,481102,62941,1,0,1,0,0,1,0,0,0,0,0,0,2.0,2,1.0,2,1.0
797,264008,165244,0,0,0,0,0,1,0,1,0,0,1,0,4.0,4,1.0,0,0.0
798,344748,198569,1,0,1,0,0,1,0,0,0,0,0,0,2.0,2,1.0,10,5.0
799,491171,95359,1,0,0,1,0,1,0,0,0,0,0,0,4.0,4,1.0,20,5.0
800,213500,95032,0,0,0,0,0,0,0,1,1,0,0,1,6.0,6,1.0,10,1.67
801,450193,132018,1,0,0,0,1,1,0,0,0,0,0,0,4.0,4,1.0,4,1.0
802,341561,154584,0,0,0,0,0,1,0,0,1,0,0,1,8.0,8,1.0,12,1.5
803,491900,180115,0,0,0,1,0,0,1,0,0,0,0,1,4.0,4,1.0,2,0.5
804,206970,151088,0,1,0,1,0,0,0,0,1,0,0,0,8.0,8,1.0,4,0.5
805,316695,25455,0,0,0,0,1,0,0,0,1,0,1,0,6.0,6,1.0,2,0.33
806,382649,34601,1,1,0,0,0,0,0,0,0,1,0,0,4.0,4,1.0,8,2.0
807,256997,194583,0,1,0,0,0,1,0,1,0,0,0,0,6.0,6,1.0,10,1.67
808,365277,184349,0,1,0,0,0,1,0,0,1,0,0,0,8.0,8,1.0,6,0.75
809,485349,152806,0,1,0,1,0,0,0,0,0,0,1,0,6.0,6,1.0,6,1.0
810,480262,53863,0,1,0,1,0,1,0,0,0,0,0,0,6.0,6,1.0,4,0.67
811,486303,95202,0,1,1,0,0,0,0,1,0,0,0,0,,0,0.0,2,5.0
812,258131,55993,0,0,0,0,0,0,0,1,0,0,1,1,2.0,2,1.0,4,2.0
813,463050,126936,0,1,0,0,0,1,0,1,0,0,0,0,,0,0.0,0,0.0
814,270756,29333,0,0,1,0,0,0,1,0,0,0,0,1,4.0,4,1.0,14,3.5
815,231164,109027,1,0,0,0,0,1,1,0,0,0,0,0,4.0,4,1.0,8,2.0
816,463899,33207,0,1,1,0,0,0,0,0,0,0,1,0,12.0,12,1.0,6,0.5
817,399007,123759,0,1,0,0,0,0,1,0,0,0,1,0,8.0,8,1.0,6,0.75
818,417191,61278,0,1,0,0,0,1,0,0,0,0,1,0,12.0,12,1.0,8,0.67
819,343102,130956,0,1,0,1,0,0,0,0,0,0,1,0,6.0,6,1.0,12,2.0
820,444359,117529,0,1,1,0,0,0,0,1,0,0,0,0,4.0,4,1.0,6,1.5
821,456975,148816,1,0,0,0,0,1,0,0,0,0,0,1,4.0,4,1.0,8,2.0
822,281006,127452,0,0,0,1,0,0,1,0,0,0,0,1,2.0,2,1.0,4,2.0
823,397983,100855,0,1,0,0,1,0,0,1,0,0,0,0,6.0,6,1.0,0,0.0
824,355294,76855,0,1,0,0,0,0,0,1,1,0,0,0,2.0,2,1.0,2,1.0
825,422055,194612,1,0,0,1,0,0,0,0,1,0,0,0,,0,0.0,12,5.0
826,214989,97653,0,0,0,0,0,1,0,0,1,0,1,0,4.0,4,1.0,8,2.0
827,269975,157064,1,0,0,0,1,1,0,0,0,0,0,0,10.0,10,1.0,4,0.4
828,494117,152366,1,0,0,0,1,0,0,0,1,0,0,0,6.0,6,1.0,8,1.33
829,231915,65141,0,0,1,0,1,1,0,0,0,0,0,0,2.0,2,1.0,12,6.0
830,458923,198250,1,0,0,0,0,1,0,0,1,0,0,0,4.0,4,1.0,6,1.5
831,389130,141296,0,1,1,0,0,1,0,0,0,0,0,0,12.0,12,1.0,8,0.67
832,470729,42046,0,0,1,0,1,0,0,0,0,0,0,1,8.0,8,1.0,4,0.5
833,474279,30181,1,0,0,0,0,0,1,0,0,0,1,0,12.0,12,1.0,4,0.33
834,406649,98575,0,0,0,1,0,0,0,0,0,1,1,0,4.0,4,1.0,4,1.0
835,267055,184081,1,0,0,0,0,0,1,0,0,0,1,0,6.0,6,1.0,12,2.0
836,276545,156447,0,0,0,1,1,0,0,0,0,0,0,1,6.0,6,1.0,6,1.0
837,482190,36190,0,0,0,1,0,0,1,0,1,0,0,0,6.0,6,1.0,4,0.67
838,370077,199736,0,1,0,0,1,0,0,1,0,0,0,0,14.0,14,1.0,6,0.43
839,231280,154005,0,1,0,1,0,0,0,0,1,0,0,0,12.0,12,1.0,2,0.17
840,495127,71108,0,1,0,0,0,1,0,0,1,0,0,0,4.0,4,1.0,6,1.5
841,379036,151388,0,1,1,0,0,1,0,0,0,0,0,0,4.0,4,1.0,0,0.0
842,275802,166094,1,0,0,0,0,1,0,0,0,0,1,0,4.0,4,1.0,6,1.5
843,382652,65851,0,1,1,0,0,0,0,1,0,0,0,0,6.0,6,1.0,12,2.0
844,442575,19464,0,0,1,1,0,0,0,0,0,1,0,0,4.0,4,1.0,4,1.0
845,250858,124543,1,0,0,1,0,0,0,0,0,0,0,1,4.0,4,1.0,4,1.0
846,337823,103129,0,0,0,0,1,0,0,1,0,0,1,0,10.0,10,1.0,2,0.2
847,245935,144115,0,0,0,0,0,0,0,1,0,1,0,1,8.0,8,1.0,6,0.75
848,370596,14192,0,0,0,0,1,1,0,0,1,0,0,0,6.0,6,1.0,8,1.33
849,399212,20895,0,1,1,0,0,1,0,0,0,0,0,0,6.0,6,1.0,2,0.33
850,476076,166707,0,0,0,1,0,0,1,0,0,0,0,1,4.0,4,1.0,6,1.5
851,467415,130374,0,0,0,1,1,0,0,0,1,0,0,0,4.0,4,1.0,6,1.5
852,367151,159580,1,0,0,0,0,0,1,0,1,0,0,0,12.0,12,1.0,6,0.5
853,320912,97724,0,0,0,1,0,0,1,0,0,0,0,1,6.0,6,1.0,6,1.0
854,227404,36661,0,1,0,1,0,0,0,0,0,0,0,1,10.0,10,1.0,6,0.6
855,216256,178926,0,0,0,0,1,0,0,0,0,1,0,1,,0,0.0,2,5.0
856,387475,80569,0,0,0,0,0,0,1,0,1,0,1,0,6.0,6,1.0,8,1.33
857,249253,26385,0,0,1,0,1,0,0,1,0,0,0,0,4.0,4,1.0,12,3.0
858,375847,176910,0,0,0,0,0,1,1,0,0,1,0,0,8.0,8,1.0,2,0.25
859,251309,82035,0,0,0,0,0,0,0,1,1,0,0,1,10.0,10,1.0,6,0.6
860,384041,50345,0,0,0,0,0,1,0,1,1,0,0,0,,0,0.0,4,5.0
861,477161,106483,0,0,0,0,1,0,1,0,0,1,0,0,2.0,2,1.0,4,2.0
862,218587,27343,1,0,1,0,0,0,0,0,0,0,0,1,8.0,8,1.0,8,1.0
863,284722,71235,0,0,1,1,0,0,0,0,0,0,1,0,12.0,12,1.0,8,0.67
864,223603,138762,1,0,1,0,0,0,1,0,0,0,0,0,2.0,2,1.0,0,0.0
865,399762,13085,0,0,0,0,1,1,0,0,1,0,0,0,2.0,2,1.0,4,2.0
866,299484,114094,1,1,0,0,0,0,0,0,0,0,0,1,8.0,8,1.0,10,1.25
867,407379,70302,0,1,0,0,1,0,0,1,0,0,0,0,6.0,6,1.0,6,1.0
868,292348,137758,0,0,0,1,0,0,0,1,1,0,0,0,2.0,2,1.0,10,5.0
869,287417,138395,0,0,0,1,0,0,1,0,1,0,0,0,8.0,8,1.0,6,0.75
870,200590,66947,0,0,1,0,1,0,0,0,0,0,0,1,,0,0.0,4,5.0
871,440673,85320,0,1,0,0,0,0,0,1,0,0,1,0,6.0,6,1.0,2,0.33
872,356709,116973,0,1,0,1,0,0,1,0,0,0,0,0,2.0,2,1.0,6,3.0
873,386039,186602,1,0,1,1,0,0,0,0,0,0,0,0,4.0,4,1.0,4,1.0
874,270051,75658,0,0,0,0,1,0,0,1,1,0,0,0,6.0,6,1.0,6,1.0
875,436580,164864,0,0,0,0,1,1,0,0,0,1,0,0,2.0,2,1.0,4,2.0
876,202918,113863,1,1,0,0,0,0,0,1,0,0,0,0,,0,0.0,8,5.0
877,318488,149400,1,0,0,1,0,0,0,1,0,0,0,0,4.0,4,1.0,10,2.5
878,315256,140817,0,0,0,1,0,0,0,1,1,0,0,0,10.0,10,1.0,10,1.0
879,489213,18867,0,1,0,1,0,0,0,1,0,0,0,0,2.0,2,1.0,4,2.0
880,446056,70527,1,0,0,0,0,0,0,0,0,0,1,1,10.0,10,1.0,6,0.6
881,409633,106178,0,0,0,0,0,0,0,1,0,0,1,1,2.0,2,1.0,6,3.0
882,451351,49239,0,0,0,0,0,0,0,0,1,1,0,1,4.0,4,1.0,2,0.5
883,215427,15383,0,0,0,1,0,0,1,0,0,1,0,0,6.0,6,1.0,6,1.0
884,406498,31959,0,1,0,0,0,0,0,0,0,1,0,1,2.0,2,1.0,6,3.0
885,365405,108994,0,1,0,1,0,0,1,0,0,0,0,0,4.0,4,1.0,4,1.0
886,280593,104025,1,0,1,0,0,0,0,0,0,0,0,1,10.0,10,1.0,4,0.4
887,275781,182917,1,1,0,0,0,0,0,0,0,1,0,0,12.0,12,1.0,4,0.33
888,278623,51336,1,0,0,0,0,0,0,1,0,0,0,1,8.0,8,1.0,10,1.25
889,479862,137118,1,0,0,0,0,0,0,0,1,0,0,1,2.0,2,1.0,8,4.0
890,371046,109092,0,0,0,1,0,0,0,0,1,0,0,1,6.0,6,1.0,6,1.0
891,226188,133532,0,1,0,0,0,0,1,1,0,0,0,0,2.0,2,1.0,6,3.0
892,413603,178951,0,0,0,1,1,1,0,0,0,0,0,0,2.0,2,1.0,6,3.0
893,330993,191499,0,1,0,0,0,0,1,1,0,0,0,0,8.0,8,1.0,10,1.25
894,487445,144381,0,1,0,1,0,1,0,0,0,0,0,0,,0,0.0,6,5.0
895,446419,102496,0,1,0,0,0,0,1,1,0,0,0,0,12.0,12,1.0,0,0.0
896,411668,159943,0,0,0,0,0,0,0,0,1,1,0,1,,0,0.0,6,5.0
897,274151,49946,0,0,0,0,0,0,1,0,1,0,1,0,8.0,8,1.0,4,0.5
898,454904,173407,0,0,0,0,0,1,0,1,0,1,0,0,16.0,16,1.0,4,0.25
899,468542,42955,0,0,0,0,0,1,0,1,0,1,0,0,6.0,6,1.0,10,1.67
900,317048,61101,0,0,0,0,0,1,0,1,0,0,0,1,,0,0.0,2,5.0
901,385289,74675,1,0,0,0,0,1,0,0,0,0,1,0,8.0,8,1.0,2,0.25
902,266676,72409,0,0,1,0,0,0,1,1,0,0,0,0,14.0,14,1.0,2,0.14
903,254136,100314,0,1,0,0,1,0,0,0,1,0,0,0,10.0,10,1.0,4,0.4
904,314605,151225,1,0,0,0,1,0,0,1,0,0,0,0,10.0,10,1.0,6,0.6
905,459648,45195,0,0,0,0,0,1,0,0,1,1,0,0,4.0,4,1.0,2,0.5
906,295585,86609,0,1,0,0,0,0,1,0,0,0,1,0,4.0,4,1.0,0,0.0
907,371041,75883,0,0,1,0,0,0,1,0,1,0,0,0,4.0,4,1.0,4,1.0
908,371542,57193,0,0,0,1,0,0,0,1,0,1,0,0,2.0,2,1.0,6,3.0
909,419290,32255,0,0,0,0,1,1,0,0,0,0,0,1,2.0,2,1.0,12,6.0
910,332905,154274,0,1,0,0,0,0,1,1,0,0,0,0,10.0,10,1.0,4,0.4
911,396616,92842,1,1,0,0,0,0,0,1,0,0,0,0,2.0,2,1.0,4,2.0
912,225868,72568,0,0,0,1,1,0,0,0,0,0,1,0,8.0,8,1.0,4,0.5
913,483313,158045,0,0,1,0,0,0,0,1,1,0,0,0,4.0,4,1.0,6,1.5
914,409500,59021,0,0,0,0,0,0,0,1,1,1,0,0,2.0,2,1.0,10,5.0
915,347719,136188,1,0,1,0,0,1,0,0,0,0,0,0,8.0,8,1.0,2,0.25
916,300122,70254,0,0,1,0,1,0,1,0,0,0,0,0,6.0,6,1.0,12,2.0
917,306186,172369,0,0,0,0,0,0,1,0,0,1,1,0,6.0,6,1.0,4,0.67
918,317909,48222,0,0,0,0,0,0,0,1,1,1,0,0,8.0,8,1.0,2,0.25
919,243993,51965,0,0,0,0,0,0,1,0,0,0,1,1,6.0,6,1.0,6,1.0
920,322095,172458,1,1,0,0,0,0,1,0,0,0,0,0,10.0,10,1.0,6,0.6
921,305860,60419,0,0,1,1,0,0,0,0,0,0,0,1,10.0,10,1.0,2,0.2
922,399045,24312,1,0,0,1,0,0,0,0,0,0,0,1,12.0,12,1.0,4,0.33
923,466188,25075,0,0,0,0,1,1,0,0,0,0,0,1,12.0,12,1.0,10,0.83
924,328821,44907,1,0,0,0,0,0,0,0,1,0,0,1,6.0,6,1.0,6,1.0
925,392780,194685,0,1,0,0,0,0,0,0,1,1,0,0,2.0,2,1.0,6,3.0
926,263701,186881,0,0,0,0,1,0,1,0,0,0,1,0,6.0,6,1.0,6,1.0
927,485278,149804,0,1,1,0,0,0,0,0,1,0,0,0,,0,0.0,4,5.0
928,265979,25740,0,0,0,0,1,0,1,0,0,0,0,1,6.0,6,1.0,12,2.0
929,296060,13802,0,1,1,0,1,0,0,0,0,0,0,0,,0,0.0,4,5.0
930,314827,183938,0,1,1,0,0,0,0,0,0,1,0,0,4.0,4,1.0,2,0.5
931,327857,75977,1,0,0,1,0,1,0,0,0,0,0,0,4.0,4,1.0,4,1.0
932,336696,195946,0,0,1,0,0,0,0,0,1,1,0,0,10.0,10,1.0,12,1.2
933,381827,61627,0,0,0,0,1,0,0,0,0,1,0,1,,0,0.0,6,5.0
934,402772,37800,0,0,0,0,1,0,0,0,0,1,1,0,2.0,2,1.0,8,4.0
935,419875,103666,0,0,0,1,1,0,0,0,0,1,0,0,4.0,4,1.0,12,3.0
936,370256,147215,0,0,1,0,0,0,0,1,0,1,0,0,8.0,8,1.0,6,0.75
937,499515,81170,0,1,0,1,0,0,0,0,1,0,0,0,14.0,14,1.0,4,0.29
938,489669,123869,0,0,1,1,0,0,0,0,1,0,0,0,10.0,10,1.0,8,0.8
939,318548,157598,0,0,0,0,0,0,0,1,1,1,0,0,10.0,10,1.0,0,0.0
940,378058,73800,0,0,1,0,0,0,0,1,0,0,0,1,8.0,8,1.0,8,1.0
941,295093,155387,0,0,0,1,0,0,1,0,0,1,0,0,10.0,10,1.0,4,0.4
942,255137,77953,0,0,0,1,0,0,0,0,0,1,0,1,2.0,2,1.0,4,2.0
943,460003,175620,0,0,1,0,0,0,1,1,0,0,0,0,6.0,6,1.0,2,0.33
944,435210,67087,0,0,0,0,0,0,1,0,1,1,0,0,4.0,4,1.0,6,1.5
945,408719,21594,0,0,0,0,0,0,0,0,1,0,1,1,10.0,10,1.0,0,0.0
946,442983,64387,1,0,0,0,1,0,0,0,1,0,0,0,8.0,8,1.0,6,0.75
947,417183,170553,1,0,1,1,0,0,0,0,0,0,0,0,14.0,14,1.0,0,0.0
948,245504,60047,0,0,0,0,0,1,0,1,1,0,0,0,8.0,8,1.0,8,1.0
949,253896,99657,1,1,0,0,0,0,0,1,0,0,0,0,2.0,2,1.0,4,2.0
950,360681,78417,0,0,0,0,0,1,0,0,1,0,0,1,6.0,6,1.0,6,1.0
951,217587,140616,0,1,1,0,0,0,0,0,1,0,0,0,6.0,6,1.0,10,1.67
952,399434,26457,0,1,0,0,0,1,1,0,0,0,0,0,12.0,12,1.0,2,0.17
953,311115,142051,1,0,0,0,1,0,1,0,0,0,0,0,10.0,10,1.0,2,0.2
954,468873,130072,0,0,0,0,0,0,0,1,1,0,1,0,4.0,4,1.0,14,3.5
955,387628,54418,0,0,1,0,0,1,0,0,0,1,0,0,4.0,4,1.0,4,1.0
956,311418,79285,0,0,1,0,0,1,0,0,0,0,0,1,6.0,6,1.0,10,1.67
957,282189,153537,1,0,0,0,0,1,0,0,1,0,0,0,6.0,6,1.0,8,1.33
958,242619,113714,0,0,0,0,0,0,1,0,1,0,0,1,8.0,8,1.0,10,1.25
959,326593,187624,0,0,0,0,1,0,1,0,0,0,1,0,8.0,8,1.0,8,1.0
960,219358,105388,1,0,0,0,0,0,1,1,0,0,0,0,6.0,6,1.0,12,2.0
961,212481,34643,0,0,0,0,0,0,1,0,1,1,0,0,4.0,4,1.0,14,3.5
962,493117,142931,0,0,0,0,0,1,0,1,0,1,0,0,4.0,4,1.0,4,1.0
963,256384,79402,0,0,1,0,0,0,0,0,0,1,1,0,4.0,4,1.0,6,1.5
964,496916,99297,1,0,0,0,0,1,0,0,0,0,1,0,,0,0.0,2,5.0
965,423393,174792,0,1,0,0,0,0,1,1,0,0,0,0,,0,0.0,14,5.0
966,473484,177801,1,0,0,0,1,1,0,0,0,0,0,0,,0,0.0,4,5.0
967,371779,80404,0,0,0,0,1,0,0,0,0,1,1,0,2.0,2,1.0,6,3.0
968,384400,71324,0,0,1,0,0,0,0,0,1,0,0,1,4.0,4,1.0,2,0.5
969,217937,143787,1,0,0,0,1,0,0,0,0,1,0,0,2.0,2,1.0,8,4.0
970,213566,98135,1,0,0,0,0,1,0,0,0,1,0,0,2.0,2,1.0,4,2.0
971,289192,56182,0,1,0,0,0,0,1,1,0,0,0,0,6.0,6,1.0,0,0.0
972,403598,73657,0,0,1,0,0,1,0,1,0,0,0,0,2.0,2,1.0,8,4.0
973,284210,130990,1,0,0,1,0,0,0,1,0,0,0,0,6.0,6,1.0,4,0.67
974,401410,40083,0,1,0,0,0,0,1,0,0,0,1,0,8.0,8,1.0,12,1.5
975,337305,22859,0,0,0,1,0,0,0,0,0,1,0,1,6.0,6,1.0,2,0.33
976,226419,158974,0,0,0,1,0,1,0,0,0,0,0,1,,0,0.0,2,5.0
977,316248,105993,0,0,0,1,0,0,1,0,1,0,0,0,4.0,4,1.0,2,0.5
978,319823,180018,0,0,0,0,0,1,0,1,0,1,0,0,8.0,8,1.0,4,0.5
979,468990,123010,0,1,0,1,0,0,0,0,0,0,0,1,4.0,4,1.0,4,1.0
980,403627,147220,0,0,0,0,0,0,1,0,1,0,1,0,10.0,10,1.0,4,0.4
981,317225,57958,0,0,0,0,1,1,0,0,0,0,1,0,8.0,8,1.0,0,0.0
982,229734,168922,0,0,0,1,0,0,0,1,0,1,0,0,4.0,4,1.0,6,1.5
983,468070,155375,0,0,0,1,0,0,1,1,0,0,0,0,10.0,10,1.0,6,0.6
984,252884,174360,0,0,0,1,0,0,0,0,1,0,0,1,2.0,2,1.0,10,5.0
985,466428,100568,0,0,0,0,0,1,0,0,0,1,0,1,4.0,4,1.0,4,1.0
986,452565,72172,0,0,0,0,0,1,1,0,0,0,0,1,4.0,4,1.0,14,3.5
987,220362,170895,0,0,0,1,0,0,1,0,0,0,1,0,4.0,4,1.0,10,2.5
988,270701,101907,0,0,0,0,0,1,0,1,0,0,1,0,8.0,8,1.0,6,0.75
989,391764,45376,0,0,1,1,1,0,0,0,0,0,0,0,4.0,4,1.0,6,1.5
990,305302,145908,0,0,0,0,0,1,0,0,1,1,0,0,10.0,10,1.0,6,0.6
991,356465,130869,1,0,0,1,0,0,0,0,1,0,0,0,2.0,2,1.0,4,2.0
992,260584,156699,0,0,0,0,0,1,0,1,0,1,0,0,6.0,6,1.0,10,1.67
993,264824,101853,0,0,0,1,0,0,1,0,1,0,0,0,6.0,6,1.0,8,1.33
994,229223,55028,1,0,0,0,1,0,0,0,1,0,0,0,10.0,10,1.0,4,0.4
995,226950,14602,0,0,0,1,0,0,0,0,0,1,1,0,14.0,14,1.0,6,0.43
996,280148,36439,0,0,0,0,1,0,0,0,1,0,0,1,2.0,2,1.0,8,4.0
997,254227,51432,0,0,0,0,0,0,1,0,0,1,0,1,,0,0.0,4,5.0
998,404381,168755,1,0,0,0,0,0,0,0,1,0,0,1,6.0,6,1.0,4,0.67
999,265544,17476,0,1,0,1,0,1,0,0,0,0,0,0,8.0,8,1.0,6,0.75
1000,348762,67260,0,0,0,1,1,0,0,0,0,0,0,1,8.0,8,1.0,4,0.5
1004,90000,10000,1,1,1,0,0,0,0,0,0,0,0,0,,0,0.0,0,0.0
1005,500000,10000,0,1,0,0,1,0,0,1,0,0,0,0,2.0,2,1.0,0,0.0
1006,140000,70000,1,0,0,1,0,0,0,1,0,0,0,0,,0,0.0,6,5.0
1007,500000,10000,0,1,0,0,1,1,0,0,0,0,0,0,2.0,2,1.0,0,0.0
