[
    {
        "restaurant_id": "04-01",
        "menu_id": 1,
        "menu_name": "마레 해산물 라따뚜이",
        "price": 25800,
        "is_deleted": false,
        "is_active": true
    },
    {
        "restaurant_id": "04-01",
        "menu_id": 2,
        "menu_name": "지중해식 새우와 루꼴라 샐러드",
        "price": 25800,
        "is_deleted": false,
        "is_active": true
    },
    {
        "restaurant_id": "04-01",
        "menu_id": 3,
        "menu_name": "모듬 버섯구이 안심과 계절 야채 샐러드",
        "price": 26800,
        "is_deleted": false,
        "is_active": true
    },
    {
        "restaurant_id": "04-01",
        "menu_id": 4,
        "menu_name": "계절과일과 야채 그리고 리코타치즈가 곁들여진 푸짐한 샐러드",
        "price": 22800,
        "is_deleted": false,
        "is_active": true
    },
    {
        "restaurant_id": "04-01",
        "menu_id": 5,
        "menu_name": "그릴드 치킨과 모듬버섯, 매콤한 드레싱 샐러드",
        "price": 25800,
        "is_deleted": false,
        "is_active": true
    },
    {
        "restaurant_id": "04-01",
        "menu_id": 6,
        "menu_name": "시금치 샐러드",
        "price": 23800,
        "is_deleted": false,
        "is_active": true
    },
    {
        "restaurant_id": "04-02",
        "menu_id": 7,
        "menu_name": "라구 라자냐",
        "price": 13000,
        "is_deleted": false,
        "is_active": true
    },
    {
        "restaurant_id": "04-02",
        "menu_id": 8,
        "menu_name": "써니피자",
        "price": 19000,
        "is_deleted": false,
        "is_active": true
    },
    {
        "restaurant_id": "04-02",
        "menu_id": 9,
        "menu_name": "라구 파스타",
        "price": 16000,
        "is_deleted": false,
        "is_active": true
    },
    {
        "restaurant_id": "04-02",
        "menu_id": 10,
        "menu_name": "플라워 마르게리타 피자",
        "price": 16000,
        "is_deleted": false,
        "is_active": true
    },
    {
        "restaurant_id": "04-02",
        "menu_id": 11,
        "menu_name": "식스 치즈 피자",
        "price": 23000,
        "is_deleted": false,
        "is_active": true
    },
    {
        "restaurant_id": "04-02",
        "menu_id": 12,
        "menu_name": "화이트크림파스타",
        "price": 18000,
        "is_deleted": false,
        "is_active": true
    },
    {
        "restaurant_id": "04-02",
        "menu_id": 13,
        "menu_name": "리코타치즈 샐러드",
        "price": 12000,
        "is_deleted": false,
        "is_active": true
    },
    {
        "restaurant_id": "04-02",
        "menu_id": 14,
        "menu_name": "치킨스튜파스타",
        "price": 22000,
        "is_deleted": false,
        "is_active": true
    },
    {
        "restaurant_id": "04-02",
        "menu_id": 15,
        "menu_name": "크림&머쉬룸 라자냐",
        "price": 15000,
        "is_deleted": false,
        "is_active": true
    },
    {
        "restaurant_id": "04-03",
        "menu_id": 16,
        "menu_name": "청포도 샐러드",
        "price": 20800,
        "is_deleted": false,
        "is_active": true
    },
    {
        "restaurant_id": "04-03",
        "menu_id": 17,
        "menu_name": "4가지 버섯 피자",
        "price": 21800,
        "is_deleted": false,
        "is_active": true
    },
    {
        "restaurant_id": "04-03",
        "menu_id": 18,
        "menu_name": "쿠치나 파스타",
        "price": 21800,
        "is_deleted": false,
        "is_active": true
    },
    {
        "restaurant_id": "04-04",
        "menu_id": 19,
        "menu_name": "세트메뉴",
        "price": 64000,
        "is_deleted": false,
        "is_active": true
    },
    {
        "restaurant_id": "04-07",
        "menu_id": 20,
        "menu_name": "런치 파스타 세트",
        "price": 15900,
        "is_deleted": false,
        "is_active": true
    },
    {
        "restaurant_id": "04-07",
        "menu_id": 21,
        "menu_name": "런치 스테이크",
        "price": 39000,
        "is_deleted": false,
        "is_active": true
    },
    {
        "restaurant_id": "04-07",
        "menu_id": 22,
        "menu_name": "파스타 2인 세트",
        "price": 55000,
        "is_deleted": false,
        "is_active": true
    },
    {
        "restaurant_id": "04-07",
        "menu_id": 23,
        "menu_name": "스테이크 2인 세트",
        "price": 84000,
        "is_deleted": false,
        "is_active": true
    },
    {
        "restaurant_id": "04-07",
        "menu_id": 24,
        "menu_name": "행복한 4인 세트",
        "price": 129000,
        "is_deleted": false,
        "is_active": true
    },
    {
        "restaurant_id": "04-07",
        "menu_id": 25,
        "menu_name": "스테이크 4인 세트",
        "price": 159000,
        "is_deleted": false,
        "is_active": true
    },
    {
        "restaurant_id": "04-08",
        "menu_id": 26,
        "menu_name": "비프 온더 스톤 채끝등심",
        "price": 39900,
        "is_deleted": false,
        "is_active": true
    },
    {
        "restaurant_id": "04-08",
        "menu_id": 27,
        "menu_name": "로얄 까르보나라 스파게티",
        "price": 19900,
        "is_deleted": false,
        "is_active": true
    },
    {
        "restaurant_id": "04-08",
        "menu_id": 28,
        "menu_name": "새우 버섯 샐러드",
        "price": 21900,
        "is_deleted": false,
        "is_active": true
    },
    {
        "restaurant_id": "04-08",
        "menu_id": 29,
        "menu_name": "해산물 토마토 스파게티",
        "price": 21900,
        "is_deleted": false,
        "is_active": true
    },
    {
        "restaurant_id": "04-08",
        "menu_id": 30,
        "menu_name": "갈비 리조또",
        "price": 24900,
        "is_deleted": false,
        "is_active": true
    },
    {
        "restaurant_id": "04-08",
        "menu_id": 31,
        "menu_name": "마르게리따 피자",
        "price": 23900,
        "is_deleted": false,
        "is_active": true
    },
    {
        "restaurant_id": "04-08",
        "menu_id": 32,
        "menu_name": "트러플 프렌치 프라이",
        "price": 10900,
        "is_deleted": false,
        "is_active": true
    },
    {
        "restaurant_id": "04-08",
        "menu_id": 33,
        "menu_name": "에그 시저 샐러드",
        "price": 18900,
        "is_deleted": false,
        "is_active": true
    },
    {
        "restaurant_id": "04-08",
        "menu_id": 34,
        "menu_name": "크림 볼로네제 스파게티",
        "price": 19900,
        "is_deleted": false,
        "is_active": true
    },
    {
        "restaurant_id": "04-08",
        "menu_id": 35,
        "menu_name": "해산물 치오피노 스파게티",
        "price": 23900,
        "is_deleted": false,
        "is_active": true
    },
    {
        "restaurant_id": "04-08",
        "menu_id": 36,
        "menu_name": "트러플 크림 버섯 리조또",
        "price": 22900,
        "is_deleted": false,
        "is_active": true
    },
    {
        "restaurant_id": "04-08",
        "menu_id": 37,
        "menu_name": "해산물 토마토 리조또",
        "price": 23900,
        "is_deleted": false,
        "is_active": true
    },
    {
        "restaurant_id": "04-08",
        "menu_id": 38,
        "menu_name": "에그&베이컨 피자",
        "price": 21900,
        "is_deleted": false,
        "is_active": true
    },
    {
        "restaurant_id": "04-08",
        "menu_id": 39,
        "menu_name": "트러플 풍기 피자",
        "price": 23900,
        "is_deleted": false,
        "is_active": true
    },
    {
        "restaurant_id": "04-08",
        "menu_id": 40,
        "menu_name": "비프 온더 스톤 부채살",
        "price": 33900,
        "is_deleted": false,
        "is_active": true
    },
    {
        "restaurant_id": "04-08",
        "menu_id": 41,
        "menu_name": "비프 온더 스톤 안심",
        "price": 45900,
        "is_deleted": false,
        "is_active": true
    },
    {
        "restaurant_id": "04-08",
        "menu_id": 42,
        "menu_name": "BBQ 폭립 플래터",
        "price": 43900,
        "is_deleted": false,
        "is_active": true
    },
    {
        "restaurant_id": "04-08",
        "menu_id": 43,
        "menu_name": "세가지 베리와 바닐라 아이스크림",
        "price": 7000,
        "is_deleted": false,
        "is_active": true
    },
    {
        "restaurant_id": "04-09",
        "menu_id": 44,
        "menu_name": "콰트로포르마지피자",
        "price": 25800,
        "is_deleted": false,
        "is_active": true
    },
    {
        "restaurant_id": "04-09",
        "menu_id": 45,
        "menu_name": "1001셀러드",
        "price": 22800,
        "is_deleted": false,
        "is_active": true
    },
    {
        "restaurant_id": "04-09",
        "menu_id": 46,
        "menu_name": "안심버섯셀러드",
        "price": 31800,
        "is_deleted": false,
        "is_active": true
    },
    {
        "restaurant_id": "04-09",
        "menu_id": 47,
        "menu_name": "홍합스튜",
        "price": 35000,
        "is_deleted": false,
        "is_active": true
    },
    {
        "restaurant_id": "04-09",
        "menu_id": 48,
        "menu_name": "디아볼라피자",
        "price": 23800,
        "is_deleted": false,
        "is_active": true
    },
    {
        "restaurant_id": "04-09",
        "menu_id": 49,
        "menu_name": "바질페스토피자",
        "price": 24800,
        "is_deleted": false,
        "is_active": true
    },
    {
        "restaurant_id": "04-10",
        "menu_id": 50,
        "menu_name": "파르미지아노 파니니",
        "price": 7700,
        "is_deleted": false,
        "is_active": true
    },
    {
        "restaurant_id": "04-10",
        "menu_id": 51,
        "menu_name": "피렌체 파니니",
        "price": 7700,
        "is_deleted": false,
        "is_active": true
    },
    {
        "restaurant_id": "04-10",
        "menu_id": 52,
        "menu_name": "프로슈토 파니니",
        "price": 7700,
        "is_deleted": false,
        "is_active": true
    },
    {
        "restaurant_id": "04-10",
        "menu_id": 53,
        "menu_name": "토마토모짜렐라 파니니",
        "price": 7700,
        "is_deleted": false,
        "is_active": true
    },
    {
        "restaurant_id": "04-10",
        "menu_id": 54,
        "menu_name": "연어게살 샌드위치",
        "price": 8800,
        "is_deleted": false,
        "is_active": true
    },
    {
        "restaurant_id": "04-10",
        "menu_id": 55,
        "menu_name": "BBQ 립 샌드위치",
        "price": 8800,
        "is_deleted": false,
        "is_active": true
    },
    {
        "restaurant_id": "04-11",
        "menu_id": 56,
        "menu_name": "뽀모도로",
        "price": 21900,
        "is_deleted": false,
        "is_active": true
    },
    {
        "restaurant_id": "04-11",
        "menu_id": 57,
        "menu_name": "까르보나라",
        "price": 21900,
        "is_deleted": false,
        "is_active": true
    },
    {
        "restaurant_id": "04-11",
        "menu_id": 58,
        "menu_name": "알리오올리오",
        "price": 20900,
        "is_deleted": false,
        "is_active": true
    },
    {
        "restaurant_id": "04-11",
        "menu_id": 59,
        "menu_name": "아마트리치아나",
        "price": 21900,
        "is_deleted": false,
        "is_active": true
    },
    {
        "restaurant_id": "04-11",
        "menu_id": 60,
        "menu_name": "쉬림프토마토",
        "price": 22900,
        "is_deleted": false,
        "is_active": true
    },
    {
        "restaurant_id": "04-11",
        "menu_id": 61,
        "menu_name": "명란크림",
        "price": 21900,
        "is_deleted": false,
        "is_active": true
    },
    {
        "restaurant_id": "04-12",
        "menu_id": 62,
        "menu_name": "루꼴라",
        "price": 6000,
        "is_deleted": false,
        "is_active": true
    },
    {
        "restaurant_id": "04-12",
        "menu_id": 63,
        "menu_name": "부라타치즈",
        "price": 7000,
        "is_deleted": false,
        "is_active": true
    },
    {
        "restaurant_id": "04-12",
        "menu_id": 64,
        "menu_name": "블랙올리브",
        "price": 2000,
        "is_deleted": false,
        "is_active": true
    },
    {
        "restaurant_id": "04-12",
        "menu_id": 65,
        "menu_name": "마르게리따 피자",
        "price": 17800,
        "is_deleted": false,
        "is_active": true
    },
    {
        "restaurant_id": "04-12",
        "menu_id": 66,
        "menu_name": "마르게리따 잘로피자",
        "price": 19200,
        "is_deleted": false,
        "is_active": true
    },
    {
        "restaurant_id": "04-12",
        "menu_id": 67,
        "menu_name": "마르게리따 콘 부팔라 피자",
        "price": 20800,
        "is_deleted": false,
        "is_active": true
    },
    {
        "restaurant_id": "04-13",
        "menu_id": 68,
        "menu_name": "딸리아따 디 만조",
        "price": 68000,
        "is_deleted": false,
        "is_active": true
    },
    {
        "restaurant_id": "04-13",
        "menu_id": 69,
        "menu_name": "클래식 라자냐",
        "price": 26000,
        "is_deleted": false,
        "is_active": true
    },
    {
        "restaurant_id": "04-13",
        "menu_id": 70,
        "menu_name": "뽈리뽀 알리오 올리오",
        "price": 24000,
        "is_deleted": false,
        "is_active": true
    },
    {
        "restaurant_id": "04-13",
        "menu_id": 71,
        "menu_name": "까르보나라",
        "price": 22000,
        "is_deleted": false,
        "is_active": true
    },
    {
        "restaurant_id": "04-13",
        "menu_id": 72,
        "menu_name": "가리비 관자 올리오",
        "price": 26000,
        "is_deleted": false,
        "is_active": true
    },
    {
        "restaurant_id": "04-13",
        "menu_id": 73,
        "menu_name": "루꼴라 프로슈토 피자",
        "price": 25000,
        "is_deleted": false,
        "is_active": true
    },
    {
        "restaurant_id": "04-13",
        "menu_id": 74,
        "menu_name": "친퀘 포르모지오 피자",
        "price": 22000,
        "is_deleted": false,
        "is_active": true
    },
    {
        "restaurant_id": "04-13",
        "menu_id": 75,
        "menu_name": "폭탄피자",
        "price": 27000,
        "is_deleted": false,
        "is_active": true
    },
    {
        "restaurant_id": "04-13",
        "menu_id": 76,
        "menu_name": "트러플 비스테카",
        "price": 52000,
        "is_deleted": false,
        "is_active": true
    },
    {
        "restaurant_id": "04-13",
        "menu_id": 77,
        "menu_name": "비스테카 립아이",
        "price": 72000,
        "is_deleted": false,
        "is_active": true
    },
    {
        "restaurant_id": "04-13",
        "menu_id": 78,
        "menu_name": "프레쉬 마르게리따 피자",
        "price": 19500,
        "is_deleted": false,
        "is_active": true
    },
    {
        "restaurant_id": "04-13",
        "menu_id": 79,
        "menu_name": "허니콤 모르타델라 토토",
        "price": 25000,
        "is_deleted": false,
        "is_active": true
    },
    {
        "restaurant_id": "04-13",
        "menu_id": 80,
        "menu_name": "트러플 풍기 피자",
        "price": 24000,
        "is_deleted": false,
        "is_active": true
    },
    {
        "restaurant_id": "04-13",
        "menu_id": 81,
        "menu_name": "크랩로제 리조또",
        "price": 27000,
        "is_deleted": false,
        "is_active": true
    },
    {
        "restaurant_id": "04-13",
        "menu_id": 82,
        "menu_name": "부라타 뽀모도로",
        "price": 24000,
        "is_deleted": false,
        "is_active": true
    },
    {
        "restaurant_id": "04-13",
        "menu_id": 83,
        "menu_name": "화이트 라구 파스타",
        "price": 26000,
        "is_deleted": false,
        "is_active": true
    },
    {
        "restaurant_id": "04-13",
        "menu_id": 84,
        "menu_name": "카치오 에 페페 뇨끼",
        "price": 26000,
        "is_deleted": false,
        "is_active": true
    },
    {
        "restaurant_id": "04-13",
        "menu_id": 85,
        "menu_name": "피에몬테 프렌치랙 비스테카",
        "price": 68000,
        "is_deleted": false,
        "is_active": true
    },
    {
        "restaurant_id": "04-13",
        "menu_id": 86,
        "menu_name": "피렌체 본인 비스테카",
        "price": 98000,
        "is_deleted": false,
        "is_active": true
    },
    {
        "restaurant_id": "04-13",
        "menu_id": 87,
        "menu_name": "트러플 포르치니 리조또",
        "price": 27000,
        "is_deleted": false,
        "is_active": true
    },
    {
        "restaurant_id": "04-14",
        "menu_id": 88,
        "menu_name": "토마토 초리조 바질 오일 링귀네",
        "price": 22000,
        "is_deleted": false,
        "is_active": true
    },
    {
        "restaurant_id": "04-14",
        "menu_id": 89,
        "menu_name": "관자 송화버섯 스파게티",
        "price": 25000,
        "is_deleted": false,
        "is_active": true
    },
    {
        "restaurant_id": "04-14",
        "menu_id": 90,
        "menu_name": "광어살 스파게티",
        "price": 25000,
        "is_deleted": false,
        "is_active": true
    },
    {
        "restaurant_id": "04-14",
        "menu_id": 91,
        "menu_name": "토마토 부라타 치즈 스파게티",
        "price": 22000,
        "is_deleted": false,
        "is_active": true
    },
    {
        "restaurant_id": "04-14",
        "menu_id": 92,
        "menu_name": "에스페소 카르보나라",
        "price": 22000,
        "is_deleted": false,
        "is_active": true
    },
    {
        "restaurant_id": "04-15",
        "menu_id": 93,
        "menu_name": "봉골레 오일 파스타",
        "price": 24000,
        "is_deleted": false,
        "is_active": true
    },
    {
        "restaurant_id": "04-15",
        "menu_id": 94,
        "menu_name": "프로슈토 갈레트 플레이트",
        "price": 28000,
        "is_deleted": false,
        "is_active": true
    },
    {
        "restaurant_id": "04-15",
        "menu_id": 95,
        "menu_name": "부라타 아보카도 플레이트",
        "price": 29000,
        "is_deleted": false,
        "is_active": true
    },
    {
        "restaurant_id": "04-15",
        "menu_id": 96,
        "menu_name": "어니언 스프",
        "price": 11000,
        "is_deleted": false,
        "is_active": true
    },
    {
        "restaurant_id": "04-15",
        "menu_id": 97,
        "menu_name": "클래식 버거와 감자튀김",
        "price": 23000,
        "is_deleted": false,
        "is_active": true
    },
    {
        "restaurant_id": "04-15",
        "menu_id": 98,
        "menu_name": "프렌치 토스트",
        "price": 20000,
        "is_deleted": false,
        "is_active": true
    },
    {
        "restaurant_id": "04-18",
        "menu_id": 99,
        "menu_name": "수제 미트볼 토마토파스타",
        "price": 26000,
        "is_deleted": false,
        "is_active": true
    },
    {
        "restaurant_id": "04-18",
        "menu_id": 100,
        "menu_name": "성게알 오일 파스타",
        "price": 29000,
        "is_deleted": false,
        "is_active": true
    },
    {
        "restaurant_id": "04-18",
        "menu_id": 101,
        "menu_name": "푸타네스카",
        "price": 29000,
        "is_deleted": false,
        "is_active": true
    },
    {
        "restaurant_id": "04-18",
        "menu_id": 102,
        "menu_name": "카치오페페",
        "price": 26000,
        "is_deleted": false,
        "is_active": true
    },
    {
        "restaurant_id": "04-18",
        "menu_id": 103,
        "menu_name": "450아마트리치아나&살시치아",
        "price": 19000,
        "is_deleted": false,
        "is_active": true
    },
    {
        "restaurant_id": "04-18",
        "menu_id": 104,
        "menu_name": "만조리조또",
        "price": 30000,
        "is_deleted": false,
        "is_active": true
    },
    {
        "restaurant_id": "04-18",
        "menu_id": 105,
        "menu_name": "게살로제리조또",
        "price": 29000,
        "is_deleted": false,
        "is_active": true
    },
    {
        "restaurant_id": "04-18",
        "menu_id": 106,
        "menu_name": "라자냐",
        "price": 28000,
        "is_deleted": false,
        "is_active": true
    },
    {
        "restaurant_id": "04-18",
        "menu_id": 107,
        "menu_name": "브라타치즈샐러드",
        "price": 22000,
        "is_deleted": false,
        "is_active": true
    },
    {
        "restaurant_id": "04-18",
        "menu_id": 108,
        "menu_name": "로스트치킨샐러드",
        "price": 25000,
        "is_deleted": false,
        "is_active": true
    },
    {
        "restaurant_id": "04-18",
        "menu_id": 109,
        "menu_name": "시저 샐러드",
        "price": 19000,
        "is_deleted": false,
        "is_active": true
    },
    {
        "restaurant_id": "04-18",
        "menu_id": 110,
        "menu_name": "남해 달고기 스테이크",
        "price": 41000,
        "is_deleted": false,
        "is_active": true
    },
    {
        "restaurant_id": "04-18",
        "menu_id": 111,
        "menu_name": "한우1++채끝스테이크",
        "price": 98000,
        "is_deleted": false,
        "is_active": true
    },
    {
        "restaurant_id": "04-19",
        "menu_id": 112,
        "menu_name": "봉골레",
        "price": 15000,
        "is_deleted": false,
        "is_active": true
    },
    {
        "restaurant_id": "04-19",
        "menu_id": 113,
        "menu_name": "티본스테이크",
        "price": 50000,
        "is_deleted": false,
        "is_active": true
    },
    {
        "restaurant_id": "04-19",
        "menu_id": 114,
        "menu_name": "새우버섯샐러드",
        "price": 13000,
        "is_deleted": false,
        "is_active": true
    },
    {
        "restaurant_id": "04-19",
        "menu_id": 115,
        "menu_name": "이베리코샐러드",
        "price": 17000,
        "is_deleted": false,
        "is_active": true
    },
    {
        "restaurant_id": "04-19",
        "menu_id": 116,
        "menu_name": "마르게리따 피자",
        "price": 17000,
        "is_deleted": false,
        "is_active": true
    },
    {
        "restaurant_id": "04-19",
        "menu_id": 117,
        "menu_name": "콰트로포르마지 피자",
        "price": 20000,
        "is_deleted": false,
        "is_active": true
    },
    {
        "restaurant_id": "04-19",
        "menu_id": 118,
        "menu_name": "리가토니 베이컨 크림 파스타",
        "price": 16000,
        "is_deleted": false,
        "is_active": true
    },
    {
        "restaurant_id": "04-19",
        "menu_id": 119,
        "menu_name": "해산물 토마토파스타",
        "price": 18000,
        "is_deleted": false,
        "is_active": true
    },
    {
        "restaurant_id": "04-19",
        "menu_id": 120,
        "menu_name": "해산물 크림 파스타",
        "price": 19000,
        "is_deleted": false,
        "is_active": true
    },
    {
        "restaurant_id": "04-19",
        "menu_id": 121,
        "menu_name": "폴드포크리조또",
        "price": 17000,
        "is_deleted": false,
        "is_active": true
    },
    {
        "restaurant_id": "04-19",
        "menu_id": 122,
        "menu_name": "살몬리조또",
        "price": 18000,
        "is_deleted": false,
        "is_active": true
    },
    {
        "restaurant_id": "04-19",
        "menu_id": 123,
        "menu_name": "한우 1+ 채끝스테이크",
        "price": 60000,
        "is_deleted": false,
        "is_active": true
    },
    {
        "restaurant_id": "04-20",
        "menu_id": 124,
        "menu_name": "고르곤졸라 피자",
        "price": 21000,
        "is_deleted": false,
        "is_active": true
    },
    {
        "restaurant_id": "04-20",
        "menu_id": 125,
        "menu_name": "새우 오일파스타",
        "price": 17000,
        "is_deleted": false,
        "is_active": true
    },
    {
        "restaurant_id": "04-20",
        "menu_id": 126,
        "menu_name": "마르게리따 피자",
        "price": 18000,
        "is_deleted": false,
        "is_active": true
    },
    {
        "restaurant_id": "04-20",
        "menu_id": 127,
        "menu_name": "볼로네제",
        "price": 19000,
        "is_deleted": false,
        "is_active": true
    },
    {
        "restaurant_id": "04-20",
        "menu_id": 128,
        "menu_name": "크림 뇨끼",
        "price": 18000,
        "is_deleted": false,
        "is_active": true
    },
    {
        "restaurant_id": "04-20",
        "menu_id": 129,
        "menu_name": "버섯 로제파스타",
        "price": 19000,
        "is_deleted": false,
        "is_active": true
    },
    {
        "restaurant_id": "04-21",
        "menu_id": 130,
        "menu_name": "채끝 등심 스테이크",
        "price": 38000,
        "is_deleted": false,
        "is_active": true
    },
    {
        "restaurant_id": "04-21",
        "menu_id": 131,
        "menu_name": "부채살 갈 비샐러드",
        "price": 18000,
        "is_deleted": false,
        "is_active": true
    },
    {
        "restaurant_id": "04-21",
        "menu_id": 132,
        "menu_name": "감베로니 토마토 파스타",
        "price": 17000,
        "is_deleted": false,
        "is_active": true
    },
    {
        "restaurant_id": "04-21",
        "menu_id": 133,
        "menu_name": "문어 리조또",
        "price": 22000,
        "is_deleted": false,
        "is_active": true
    },
    {
        "restaurant_id": "04-21",
        "menu_id": 134,
        "menu_name": "마르게리따 피자",
        "price": 18000,
        "is_deleted": false,
        "is_active": true
    },
    {
        "restaurant_id": "04-22",
        "menu_id": 135,
        "menu_name": "비빔메밀면",
        "price": 10000,
        "is_deleted": false,
        "is_active": true
    },
    {
        "restaurant_id": "04-22",
        "menu_id": 136,
        "menu_name": "하와이안 갈릭쉬림프 볶음밥",
        "price": 11000,
        "is_deleted": false,
        "is_active": true
    },
    {
        "restaurant_id": "04-22",
        "menu_id": 137,
        "menu_name": "볼로네제스파게티",
        "price": 13900,
        "is_deleted": false,
        "is_active": true
    },
    {
        "restaurant_id": "04-22",
        "menu_id": 138,
        "menu_name": "베이컨김치볶음밥",
        "price": 9900,
        "is_deleted": false,
        "is_active": true
    },
    {
        "restaurant_id": "04-22",
        "menu_id": 139,
        "menu_name": "불고기오므라이스덮밥",
        "price": 11000,
        "is_deleted": false,
        "is_active": true
    },
    {
        "restaurant_id": "04-22",
        "menu_id": 140,
        "menu_name": "상하이해산물볶음밥",
        "price": 11900,
        "is_deleted": false,
        "is_active": true
    },
    {
        "restaurant_id": "04-22",
        "menu_id": 141,
        "menu_name": "리코타샐러드",
        "price": 13000,
        "is_deleted": false,
        "is_active": true
    },
    {
        "restaurant_id": "04-22",
        "menu_id": 142,
        "menu_name": "곡물샐러드",
        "price": 12000,
        "is_deleted": false,
        "is_active": true
    },
    {
        "restaurant_id": "04-22",
        "menu_id": 143,
        "menu_name": "상하이파스타",
        "price": 10900,
        "is_deleted": false,
        "is_active": true
    },
    {
        "restaurant_id": "04-23",
        "menu_id": 144,
        "menu_name": "오리지널 시카고피자",
        "price": 28000,
        "is_deleted": false,
        "is_active": true
    },
    {
        "restaurant_id": "04-23",
        "menu_id": 145,
        "menu_name": "게살 날치알 파스타",
        "price": 12000,
        "is_deleted": false,
        "is_active": true
    },
    {
        "restaurant_id": "04-23",
        "menu_id": 146,
        "menu_name": "콥샐러드",
        "price": 12500,
        "is_deleted": false,
        "is_active": true
    },
    {
        "restaurant_id": "04-23",
        "menu_id": 147,
        "menu_name": "훈제연어샐러드",
        "price": 11000,
        "is_deleted": false,
        "is_active": true
    },
    {
        "restaurant_id": "04-23",
        "menu_id": 148,
        "menu_name": "먹물빠네파스타",
        "price": 15000,
        "is_deleted": false,
        "is_active": true
    },
    {
        "restaurant_id": "04-23",
        "menu_id": 149,
        "menu_name": "모짜렐라토마토파스타",
        "price": 11000,
        "is_deleted": false,
        "is_active": true
    },
    {
        "restaurant_id": "04-25",
        "menu_id": 150,
        "menu_name": "런치세트A",
        "price": 43000,
        "is_deleted": false,
        "is_active": true
    },
    {
        "restaurant_id": "04-25",
        "menu_id": 151,
        "menu_name": "홈메이드 시저드레싱을 맛을 낸 로메인 샐러드",
        "price": 15000,
        "is_deleted": false,
        "is_active": true
    },
    {
        "restaurant_id": "04-25",
        "menu_id": 152,
        "menu_name": "나폴리퐁 가지오븐구이",
        "price": 16000,
        "is_deleted": false,
        "is_active": true
    },
    {
        "restaurant_id": "04-25",
        "menu_id": 153,
        "menu_name": "부팔라 부라티나 치즈 카프레제",
        "price": 19000,
        "is_deleted": false,
        "is_active": true
    },
    {
        "restaurant_id": "04-25",
        "menu_id": 154,
        "menu_name": "포르치니 버섯 수프",
        "price": 9000,
        "is_deleted": false,
        "is_active": true
    },
    {
        "restaurant_id": "04-25",
        "menu_id": 155,
        "menu_name": "포모도로 부라타 스파게티",
        "price": 18000,
        "is_deleted": false,
        "is_active": true
    },
    {
        "restaurant_id": "04-25",
        "menu_id": 156,
        "menu_name": "신선한 바지락으로 맛을 낸 봉골레 스파게티",
        "price": 23000,
        "is_deleted": false,
        "is_active": true
    },
    {
        "restaurant_id": "04-25",
        "menu_id": 157,
        "menu_name": "일뽀르노퐁 까르보나라 스파게티",
        "price": 23000,
        "is_deleted": false,
        "is_active": true
    },
    {
        "restaurant_id": "04-25",
        "menu_id": 158,
        "menu_name": "포르치니 리조또",
        "price": 24000,
        "is_deleted": false,
        "is_active": true
    },
    {
        "restaurant_id": "04-25",
        "menu_id": 159,
        "menu_name": "일뽀르노퐁 볼로네제 라자냐",
        "price": 24000,
        "is_deleted": false,
        "is_active": true
    },
    {
        "restaurant_id": "04-25",
        "menu_id": 160,
        "menu_name": "하우스 메이드 볼로네제 스파게티",
        "price": 25000,
        "is_deleted": false,
        "is_active": true
    },
    {
        "restaurant_id": "04-25",
        "menu_id": 161,
        "menu_name": "문어 새우 알리오 올리오 스파게티니",
        "price": 26000,
        "is_deleted": false,
        "is_active": true
    },
    {
        "restaurant_id": "04-25",
        "menu_id": 162,
        "menu_name": "꽃게를 곁들인 해산물 링귀네 파스타 '페스카토레'",
        "price": 32000,
        "is_deleted": false,
        "is_active": true
    },
    {
        "restaurant_id": "04-25",
        "menu_id": 163,
        "menu_name": "마리나라 콘 부라티나",
        "price": 17000,
        "is_deleted": false,
        "is_active": true
    },
    {
        "restaurant_id": "04-25",
        "menu_id": 164,
        "menu_name": "마르게리따",
        "price": 19000,
        "is_deleted": false,
        "is_active": true
    },
    {
        "restaurant_id": "04-25",
        "menu_id": 165,
        "menu_name": "콰트로 포르마지 피자",
        "price": 23000,
        "is_deleted": false,
        "is_active": true
    },
    {
        "restaurant_id": "04-25",
        "menu_id": 166,
        "menu_name": "D.O.C 피자",
        "price": 24000,
        "is_deleted": false,
        "is_active": true
    },
    {
        "restaurant_id": "04-25",
        "menu_id": 167,
        "menu_name": "볼로네제 피자",
        "price": 25000,
        "is_deleted": false,
        "is_active": true
    },
    {
        "restaurant_id": "04-25",
        "menu_id": 168,
        "menu_name": "칼라브레제 피자",
        "price": 25000,
        "is_deleted": false,
        "is_active": true
    },
    {
        "restaurant_id": "04-25",
        "menu_id": 169,
        "menu_name": "디아볼라",
        "price": 25000,
        "is_deleted": false,
        "is_active": true
    },
    {
        "restaurant_id": "04-25",
        "menu_id": 170,
        "menu_name": "포르치니 피자",
        "price": 26000,
        "is_deleted": false,
        "is_active": true
    },
    {
        "restaurant_id": "04-26",
        "menu_id": 171,
        "menu_name": "해산물 오일 파스타",
        "price": 24000,
        "is_deleted": false,
        "is_active": true
    },
    {
        "restaurant_id": "04-26",
        "menu_id": 172,
        "menu_name": "돼지목살 꽈리고추 파스타",
        "price": 19000,
        "is_deleted": false,
        "is_active": true
    },
    {
        "restaurant_id": "04-26",
        "menu_id": 173,
        "menu_name": "아보카도 새우 샐러드",
        "price": 19000,
        "is_deleted": false,
        "is_active": true
    },
    {
        "restaurant_id": "04-26",
        "menu_id": 174,
        "menu_name": "샤프란 해산물 리조또",
        "price": 24000,
        "is_deleted": false,
        "is_active": true
    },
    {
        "restaurant_id": "04-26",
        "menu_id": 175,
        "menu_name": "보리리조또와 스테이크",
        "price": 90000,
        "is_deleted": false,
        "is_active": true
    },
    {
        "restaurant_id": "04-29",
        "menu_id": 176,
        "menu_name": "작은 샐러드",
        "price": 2900,
        "is_deleted": false,
        "is_active": true
    },
    {
        "restaurant_id": "04-29",
        "menu_id": 177,
        "menu_name": "그릴치킨 샐러드",
        "price": 8900,
        "is_deleted": false,
        "is_active": true
    },
    {
        "restaurant_id": "04-29",
        "menu_id": 178,
        "menu_name": "마늘빵 (1pc)",
        "price": 1000,
        "is_deleted": false,
        "is_active": true
    },
    {
        "restaurant_id": "04-29",
        "menu_id": 179,
        "menu_name": "Set A 마늘빵1+작은샐러드",
        "price": 3900,
        "is_deleted": false,
        "is_active": true
    },
    {
        "restaurant_id": "04-29",
        "menu_id": 180,
        "menu_name": "Set B 마늘빵2+작은샐러드",
        "price": 4900,
        "is_deleted": false,
        "is_active": true
    },
    {
        "restaurant_id": "04-29",
        "menu_id": 181,
        "menu_name": "스파게티 포모도로",
        "price": 6900,
        "is_deleted": false,
        "is_active": true
    },
    {
        "restaurant_id": "04-29",
        "menu_id": 182,
        "menu_name": "스파게티 볼로네이즈",
        "price": 7900,
        "is_deleted": false,
        "is_active": true
    },
    {
        "restaurant_id": "04-29",
        "menu_id": 183,
        "menu_name": "해산물 스파게티",
        "price": 7900,
        "is_deleted": false,
        "is_active": true
    },
    {
        "restaurant_id": "04-29",
        "menu_id": 184,
        "menu_name": "얼큰 해산물 스파게티",
        "price": 8900,
        "is_deleted": false,
        "is_active": true
    },
    {
        "restaurant_id": "04-29",
        "menu_id": 185,
        "menu_name": "치즈오븐 토마토 스파게티",
        "price": 8900,
        "is_deleted": false,
        "is_active": true
    },
    {
        "restaurant_id": "04-29",
        "menu_id": 186,
        "menu_name": "해산물 치즈오븐 스파게티",
        "price": 8900,
        "is_deleted": false,
        "is_active": true
    },
    {
        "restaurant_id": "04-29",
        "menu_id": 187,
        "menu_name": "뚝배기 누룽지 얼큰 해산물 스파게티",
        "price": 11900,
        "is_deleted": false,
        "is_active": true
    },
    {
        "restaurant_id": "04-29",
        "menu_id": 188,
        "menu_name": "해산물 크림스파게티",
        "price": 8900,
        "is_deleted": false,
        "is_active": true
    },
    {
        "restaurant_id": "04-29",
        "menu_id": 189,
        "menu_name": "스파게티 까르보나라",
        "price": 7900,
        "is_deleted": false,
        "is_active": true
    },
    {
        "restaurant_id": "04-29",
        "menu_id": 190,
        "menu_name": "날치알 &새우 크림스파게티",
        "price": 8900,
        "is_deleted": false,
        "is_active": true
    },
    {
        "restaurant_id": "04-29",
        "menu_id": 191,
        "menu_name": "로제소스 해산물 크림스파게티",
        "price": 9900,
        "is_deleted": false,
        "is_active": true
    },
    {
        "restaurant_id": "04-29",
        "menu_id": 192,
        "menu_name": "케이준 치킨 크림스파게티",
        "price": 8900,
        "is_deleted": false,
        "is_active": true
    },
    {
        "restaurant_id": "04-29",
        "menu_id": 193,
        "menu_name": "게살&브로콜리 크림스파게티",
        "price": 9900,
        "is_deleted": false,
        "is_active": true
    },
    {
        "restaurant_id": "04-29",
        "menu_id": 194,
        "menu_name": "뚝배기 매콤한 날치알 새우 크림스파게티",
        "price": 11900,
        "is_deleted": false,
        "is_active": true
    },
    {
        "restaurant_id": "04-29",
        "menu_id": 195,
        "menu_name": "봉골레 스파게티",
        "price": 8900,
        "is_deleted": false,
        "is_active": true
    },
    {
        "restaurant_id": "04-33",
        "menu_id": 196,
        "menu_name": "Couple Luxury Full Course",
        "price": 98000,
        "is_deleted": false,
        "is_active": true
    },
    {
        "restaurant_id": "04-33",
        "menu_id": 197,
        "menu_name": "VIP Wine Pairing Set (2인)",
        "price": 150000,
        "is_deleted": false,
        "is_active": true
    },
    {
        "restaurant_id": "04-33",
        "menu_id": 198,
        "menu_name": "와인 소스를 곁들인 와규 소안심 스테이크 (180g)",
        "price": 78000,
        "is_deleted": false,
        "is_active": true
    },
    {
        "restaurant_id": "04-33",
        "menu_id": 199,
        "menu_name": "뼈육수 소스를 곁들인 양갈비(300g)",
        "price": 78000,
        "is_deleted": false,
        "is_active": true
    },
    {
        "restaurant_id": "04-33",
        "menu_id": 200,
        "menu_name": "관자 새우 바질 리가토니",
        "price": 26000,
        "is_deleted": false,
        "is_active": true
    },
    {
        "restaurant_id": "04-33",
        "menu_id": 201,
        "menu_name": "눈꽃 감바스 알리오 파스타",
        "price": 26000,
        "is_deleted": false,
        "is_active": true
    },
    {
        "restaurant_id": "04-34",
        "menu_id": 202,
        "menu_name": "아마트리치아나 스파게티",
        "price": 12000,
        "is_deleted": false,
        "is_active": true
    },
    {
        "restaurant_id": "04-34",
        "menu_id": 203,
        "menu_name": "아라비아따 스파게티",
        "price": 12000,
        "is_deleted": false,
        "is_active": true
    },
    {
        "restaurant_id": "04-34",
        "menu_id": 204,
        "menu_name": "새우토마토스파게티",
        "price": 12000,
        "is_deleted": false,
        "is_active": true
    },
    {
        "restaurant_id": "04-34",
        "menu_id": 205,
        "menu_name": "미트스파게티",
        "price": 12000,
        "is_deleted": false,
        "is_active": true
    },
    {
        "restaurant_id": "04-34",
        "menu_id": 206,
        "menu_name": "해산물토마토스파게티",
        "price": 13800,
        "is_deleted": false,
        "is_active": true
    },
    {
        "restaurant_id": "04-34",
        "menu_id": 207,
        "menu_name": "얼큰국물토마토스파게티",
        "price": 13800,
        "is_deleted": false,
        "is_active": true
    },
    {
        "restaurant_id": "04-35",
        "menu_id": 208,
        "menu_name": "토브나인 치즈 포카치아",
        "price": 6000,
        "is_deleted": false,
        "is_active": true
    },
    {
        "restaurant_id": "04-35",
        "menu_id": 209,
        "menu_name": "명란 알리오 올리오",
        "price": 16900,
        "is_deleted": false,
        "is_active": true
    },
    {
        "restaurant_id": "04-35",
        "menu_id": 210,
        "menu_name": "봉골레",
        "price": 17900,
        "is_deleted": false,
        "is_active": true
    },
    {
        "restaurant_id": "04-36",
        "menu_id": 211,
        "menu_name": "오이스터알리올리오",
        "price": 16000,
        "is_deleted": false,
        "is_active": true
    },
    {
        "restaurant_id": "04-36",
        "menu_id": 212,
        "menu_name": "빼스카또레",
        "price": 18000,
        "is_deleted": false,
        "is_active": true
    },
    {
        "restaurant_id": "04-37",
        "menu_id": 213,
        "menu_name": "마르게리타",
        "price": 18000,
        "is_deleted": false,
        "is_active": true
    },
    {
        "restaurant_id": "04-37",
        "menu_id": 214,
        "menu_name": "액스트라 마르게리타",
        "price": 23000,
        "is_deleted": false,
        "is_active": true
    },
    {
        "restaurant_id": "04-37",
        "menu_id": 215,
        "menu_name": "마리나라",
        "price": 14000,
        "is_deleted": false,
        "is_active": true
    },
    {
        "restaurant_id": "04-37",
        "menu_id": 216,
        "menu_name": "카프레제 샐러드",
        "price": 24000,
        "is_deleted": false,
        "is_active": true
    },
    {
        "restaurant_id": "04-37",
        "menu_id": 217,
        "menu_name": "아네스 샐러드",
        "price": 16000,
        "is_deleted": false,
        "is_active": true
    },
    {
        "restaurant_id": "04-38",
        "menu_id": 218,
        "menu_name": "살치살",
        "price": 48000,
        "is_deleted": false,
        "is_active": true
    },
    {
        "restaurant_id": "04-38",
        "menu_id": 219,
        "menu_name": "한우 1++ 채끝등심",
        "price": 88000,
        "is_deleted": false,
        "is_active": true
    },
    {
        "restaurant_id": "04-38",
        "menu_id": 220,
        "menu_name": "바질페스토 (건면)",
        "price": 28000,
        "is_deleted": false,
        "is_active": true
    },
    {
        "restaurant_id": "04-38",
        "menu_id": 221,
        "menu_name": "비스크",
        "price": 28000,
        "is_deleted": false,
        "is_active": true
    },
    {
        "restaurant_id": "04-38",
        "menu_id": 222,
        "menu_name": "봉골레",
        "price": 26000,
        "is_deleted": false,
        "is_active": true
    },
    {
        "restaurant_id": "04-38",
        "menu_id": 223,
        "menu_name": "뇨끼",
        "price": 27000,
        "is_deleted": false,
        "is_active": true
    },
    {
        "restaurant_id": "04-38",
        "menu_id": 224,
        "menu_name": "라자냐",
        "price": 27000,
        "is_deleted": false,
        "is_active": true
    },
    {
        "restaurant_id": "04-38",
        "menu_id": 225,
        "menu_name": "타아린&트러플",
        "price": 38000,
        "is_deleted": false,
        "is_active": true
    },
    {
        "restaurant_id": "04-38",
        "menu_id": 226,
        "menu_name": "토마토 (부가티니/스파게티)",
        "price": 27000,
        "is_deleted": false,
        "is_active": true
    },
    {
        "restaurant_id": "04-39",
        "menu_id": 227,
        "menu_name": "빼쉐파스타",
        "price": 8900,
        "is_deleted": false,
        "is_active": true
    },
    {
        "restaurant_id": "04-39",
        "menu_id": 228,
        "menu_name": "참스테이크",
        "price": 13500,
        "is_deleted": false,
        "is_active": true
    },
    {
        "restaurant_id": "04-39",
        "menu_id": 229,
        "menu_name": "봉골레파스타",
        "price": 7000,
        "is_deleted": false,
        "is_active": true
    },
    {
        "restaurant_id": "04-39",
        "menu_id": 230,
        "menu_name": "매운우삽겹오일파스타",
        "price": 7900,
        "is_deleted": false,
        "is_active": true
    },
    {
        "restaurant_id": "04-39",
        "menu_id": 231,
        "menu_name": "알리오 올리오",
        "price": 5500,
        "is_deleted": false,
        "is_active": true
    },
    {
        "restaurant_id": "04-39",
        "menu_id": 232,
        "menu_name": "우삼겹 도리아",
        "price": 7900,
        "is_deleted": false,
        "is_active": true
    },
    {
        "restaurant_id": "04-39",
        "menu_id": 233,
        "menu_name": "스테이크 크림 파스타",
        "price": 9500,
        "is_deleted": false,
        "is_active": true
    },
    {
        "restaurant_id": "04-39",
        "menu_id": 234,
        "menu_name": "해물 크림 파스타",
        "price": 8500,
        "is_deleted": false,
        "is_active": true
    },
    {
        "restaurant_id": "04-39",
        "menu_id": 235,
        "menu_name": "고르곤졸라피자(S)",
        "price": 7300,
        "is_deleted": false,
        "is_active": true
    },
    {
        "restaurant_id": "04-40",
        "menu_id": 236,
        "menu_name": "알리오올리오",
        "price": 10000,
        "is_deleted": false,
        "is_active": true
    },
    {
        "restaurant_id": "04-40",
        "menu_id": 237,
        "menu_name": "게살크림파스타",
        "price": 13000,
        "is_deleted": false,
        "is_active": true
    },
    {
        "restaurant_id": "04-40",
        "menu_id": 238,
        "menu_name": "전복내장크림 파스타",
        "price": 17000,
        "is_deleted": false,
        "is_active": true
    },
    {
        "restaurant_id": "04-40",
        "menu_id": 239,
        "menu_name": "보코치니 치즈 토마토 페투치네",
        "price": 12000,
        "is_deleted": false,
        "is_active": true
    },
    {
        "restaurant_id": "04-40",
        "menu_id": 240,
        "menu_name": "라구 딸리아뗄레",
        "price": 13000,
        "is_deleted": false,
        "is_active": true
    },
    {
        "restaurant_id": "04-40",
        "menu_id": 241,
        "menu_name": "까르보나라",
        "price": 14000,
        "is_deleted": false,
        "is_active": true
    },
    {
        "restaurant_id": "04-43",
        "menu_id": 242,
        "menu_name": "코스타리카 게이샤",
        "price": 20000,
        "is_deleted": false,
        "is_active": true
    },
    {
        "restaurant_id": "04-43",
        "menu_id": 243,
        "menu_name": "카페 베리",
        "price": 15000,
        "is_deleted": false,
        "is_active": true
    },
    {
        "restaurant_id": "04-43",
        "menu_id": 244,
        "menu_name": "케냐 피베리",
        "price": 12000,
        "is_deleted": false,
        "is_active": true
    },
    {
        "restaurant_id": "04-43",
        "menu_id": 245,
        "menu_name": "에티오피아 예가체프 G2 워시드",
        "price": 11000,
        "is_deleted": false,
        "is_active": true
    },
    {
        "restaurant_id": "04-43",
        "menu_id": 246,
        "menu_name": "루이보스 슈가플럼",
        "price": 9000,
        "is_deleted": false,
        "is_active": true
    },
    {
        "restaurant_id": "04-43",
        "menu_id": 247,
        "menu_name": "터키쉬 애플",
        "price": 9000,
        "is_deleted": false,
        "is_active": true
    },
    {
        "restaurant_id": "04-43",
        "menu_id": 248,
        "menu_name": "NYC 브렉퍼스트",
        "price": 9000,
        "is_deleted": false,
        "is_active": true
    },
    {
        "restaurant_id": "04-43",
        "menu_id": 249,
        "menu_name": "하동 볶은 녹차(쵸리차)",
        "price": 9000,
        "is_deleted": false,
        "is_active": true
    },
    {
        "restaurant_id": "04-43",
        "menu_id": 250,
        "menu_name": "피치 우롱",
        "price": 9000,
        "is_deleted": false,
        "is_active": true
    },
    {
        "restaurant_id": "04-43",
        "menu_id": 251,
        "menu_name": "아메리카노",
        "price": 8000,
        "is_deleted": false,
        "is_active": true
    },
    {
        "restaurant_id": "04-43",
        "menu_id": 252,
        "menu_name": "카페라떼",
        "price": 8500,
        "is_deleted": false,
        "is_active": true
    },
    {
        "restaurant_id": "04-44",
        "menu_id": 253,
        "menu_name": "파스타",
        "price": 0,
        "is_deleted": false,
        "is_active": true
    },
    {
        "restaurant_id": "04-45",
        "menu_id": 254,
        "menu_name": "비프 온더 스톤 안심(170g)",
        "price": 47900,
        "is_deleted": false,
        "is_active": true
    },
    {
        "restaurant_id": "04-45",
        "menu_id": 255,
        "menu_name": "비프 온더 스톤 채끝등심(170g)",
        "price": 39900,
        "is_deleted": false,
        "is_active": true
    },
    {
        "restaurant_id": "04-45",
        "menu_id": 256,
        "menu_name": "비프 온더 스톤 부채살(210g)",
        "price": 36900,
        "is_deleted": false,
        "is_active": true
    },
    {
        "restaurant_id": "04-45",
        "menu_id": 257,
        "menu_name": "본인 립아이 스테이크(500g)",
        "price": 119000,
        "is_deleted": false,
        "is_active": true
    },
    {
        "restaurant_id": "04-45",
        "menu_id": 258,
        "menu_name": "스윗 포테이토 프라이즈",
        "price": 10900,
        "is_deleted": false,
        "is_active": true
    },
    {
        "restaurant_id": "04-45",
        "menu_id": 259,
        "menu_name": "과카몰리 치킨 샐러드",
        "price": 17900,
        "is_deleted": false,
        "is_active": true
    },
    {
        "restaurant_id": "04-45",
        "menu_id": 260,
        "menu_name": "마르게리따",
        "price": 24900,
        "is_deleted": false,
        "is_active": true
    },
    {
        "restaurant_id": "04-45",
        "menu_id": 261,
        "menu_name": "트러플 풍기 피자",
        "price": 23900,
        "is_deleted": false,
        "is_active": true
    },
    {
        "restaurant_id": "04-45",
        "menu_id": 262,
        "menu_name": "고르곤졸라 피자",
        "price": 23900,
        "is_deleted": false,
        "is_active": true
    },
    {
        "restaurant_id": "04-45",
        "menu_id": 263,
        "menu_name": "봉골레 가리비 스파게티",
        "price": 23900,
        "is_deleted": false,
        "is_active": true
    },
    {
        "restaurant_id": "04-45",
        "menu_id": 264,
        "menu_name": "해산물 치오피노스파게티",
        "price": 23900,
        "is_deleted": false,
        "is_active": true
    },
    {
        "restaurant_id": "04-45",
        "menu_id": 265,
        "menu_name": "감태페스토 전복 리조또",
        "price": 25900,
        "is_deleted": false,
        "is_active": true
    },
    {
        "restaurant_id": "04-45",
        "menu_id": 266,
        "menu_name": "갈비리조또",
        "price": 26900,
        "is_deleted": false,
        "is_active": true
    },
    {
        "restaurant_id": "04-45",
        "menu_id": 267,
        "menu_name": "로얄 까르보나라 스파게티",
        "price": 19900,
        "is_deleted": false,
        "is_active": true
    },
    {
        "restaurant_id": "04-45",
        "menu_id": 268,
        "menu_name": "새우 날치알 크림 파스타",
        "price": 20900,
        "is_deleted": false,
        "is_active": true
    },
    {
        "restaurant_id": "04-45",
        "menu_id": 269,
        "menu_name": "크림 볼로네제 스파게티",
        "price": 19900,
        "is_deleted": false,
        "is_active": true
    },
    {
        "restaurant_id": "04-45",
        "menu_id": 270,
        "menu_name": "양송이 스프",
        "price": 6900,
        "is_deleted": false,
        "is_active": true
    },
    {
        "restaurant_id": "04-45",
        "menu_id": 271,
        "menu_name": "티본 스테이크(850g)",
        "price": 179000,
        "is_deleted": false,
        "is_active": true
    },
    {
        "restaurant_id": "04-45",
        "menu_id": 272,
        "menu_name": "BBQ 폭립 플래터(600g)",
        "price": 43900,
        "is_deleted": false,
        "is_active": true
    },
    {
        "restaurant_id": "04-46",
        "menu_id": 273,
        "menu_name": "매운미트 스파게티",
        "price": 4500,
        "is_deleted": false,
        "is_active": true
    },
    {
        "restaurant_id": "04-46",
        "menu_id": 274,
        "menu_name": "미트소스 스파게티",
        "price": 4500,
        "is_deleted": false,
        "is_active": true
    },
    {
        "restaurant_id": "04-46",
        "menu_id": 275,
        "menu_name": "토마토소스 스파게티",
        "price": 4500,
        "is_deleted": false,
        "is_active": true
    },
    {
        "restaurant_id": "04-46",
        "menu_id": 276,
        "menu_name": "토마토치킨 스파게티",
        "price": 5300,
        "is_deleted": false,
        "is_active": true
    },
    {
        "restaurant_id": "04-46",
        "menu_id": 277,
        "menu_name": "아마트리치아나 스파게티",
        "price": 5800,
        "is_deleted": false,
        "is_active": true
    },
    {
        "restaurant_id": "04-46",
        "menu_id": 278,
        "menu_name": "해산물 스파게티",
        "price": 6800,
        "is_deleted": false,
        "is_active": true
    },
    {
        "restaurant_id": "04-46",
        "menu_id": 279,
        "menu_name": "크림양송이 스파게티",
        "price": 5800,
        "is_deleted": false,
        "is_active": true
    },
    {
        "restaurant_id": "04-46",
        "menu_id": 280,
        "menu_name": "크림치킨 스파게티",
        "price": 6300,
        "is_deleted": false,
        "is_active": true
    },
    {
        "restaurant_id": "04-46",
        "menu_id": 281,
        "menu_name": "까르보나라 스파게티",
        "price": 6500,
        "is_deleted": false,
        "is_active": true
    },
    {
        "restaurant_id": "04-46",
        "menu_id": 282,
        "menu_name": "매운 까르보나라 스파게티",
        "price": 6500,
        "is_deleted": false,
        "is_active": true
    },
    {
        "restaurant_id": "04-46",
        "menu_id": 283,
        "menu_name": "크림고추새우 스파게티",
        "price": 6800,
        "is_deleted": false,
        "is_active": true
    },
    {
        "restaurant_id": "04-46",
        "menu_id": 284,
        "menu_name": "크림칠리게살 스파게티",
        "price": 6800,
        "is_deleted": false,
        "is_active": true
    },
    {
        "restaurant_id": "04-46",
        "menu_id": 285,
        "menu_name": "크림해산물 스파게티",
        "price": 6800,
        "is_deleted": false,
        "is_active": true
    },
    {
        "restaurant_id": "04-46",
        "menu_id": 286,
        "menu_name": "베이컨올리오 스파게티",
        "price": 6300,
        "is_deleted": false,
        "is_active": true
    },
    {
        "restaurant_id": "04-46",
        "menu_id": 287,
        "menu_name": "매운오븐치즈크림 스파게티",
        "price": 6800,
        "is_deleted": false,
        "is_active": true
    },
    {
        "restaurant_id": "04-46",
        "menu_id": 288,
        "menu_name": "알리오올리오 스파게티",
        "price": 5800,
        "is_deleted": false,
        "is_active": true
    },
    {
        "restaurant_id": "04-46",
        "menu_id": 289,
        "menu_name": "봉골레 스파게티",
        "price": 6300,
        "is_deleted": false,
        "is_active": true
    },
    {
        "restaurant_id": "04-46",
        "menu_id": 290,
        "menu_name": "토마토짬뽕 스파게티",
        "price": 6800,
        "is_deleted": false,
        "is_active": true
    },
    {
        "restaurant_id": "04-46",
        "menu_id": 291,
        "menu_name": "게살새우올리오 스파게티",
        "price": 6800,
        "is_deleted": false,
        "is_active": true
    },
    {
        "restaurant_id": "04-46",
        "menu_id": 292,
        "menu_name": "새우볶음밥",
        "price": 5800,
        "is_deleted": false,
        "is_active": true
    },
    {
        "restaurant_id": "04-48",
        "menu_id": 293,
        "menu_name": "리코타치즈 샐러드",
        "price": 15000,
        "is_deleted": false,
        "is_active": true
    },
    {
        "restaurant_id": "04-48",
        "menu_id": 294,
        "menu_name": "비프 샐러드",
        "price": 17000,
        "is_deleted": false,
        "is_active": true
    },
    {
        "restaurant_id": "04-48",
        "menu_id": 295,
        "menu_name": "마르게리따 피자",
        "price": 20000,
        "is_deleted": false,
        "is_active": true
    },
    {
        "restaurant_id": "04-48",
        "menu_id": 296,
        "menu_name": "고르곤졸라 피자",
        "price": 20000,
        "is_deleted": false,
        "is_active": true
    },
    {
        "restaurant_id": "04-48",
        "menu_id": 297,
        "menu_name": "풍기 피자",
        "price": 22000,
        "is_deleted": false,
        "is_active": true
    },
    {
        "restaurant_id": "04-48",
        "menu_id": 298,
        "menu_name": "하몽 루꼴라 피자",
        "price": 25000,
        "is_deleted": false,
        "is_active": true
    },
    {
        "restaurant_id": "04-48",
        "menu_id": 299,
        "menu_name": "뽀모도로 파스타",
        "price": 17000,
        "is_deleted": false,
        "is_active": true
    },
    {
        "restaurant_id": "04-48",
        "menu_id": 300,
        "menu_name": "아마트리치아나 파스타",
        "price": 18000,
        "is_deleted": false,
        "is_active": true
    },
    {
        "restaurant_id": "04-48",
        "menu_id": 301,
        "menu_name": "해산물 토마토 파스타",
        "price": 19000,
        "is_deleted": false,
        "is_active": true
    },
    {
        "restaurant_id": "04-48",
        "menu_id": 302,
        "menu_name": "새우 로제 파스타",
        "price": 19000,
        "is_deleted": false,
        "is_active": true
    },
    {
        "restaurant_id": "04-48",
        "menu_id": 303,
        "menu_name": "크로산테 파스타",
        "price": 20000,
        "is_deleted": false,
        "is_active": true
    },
    {
        "restaurant_id": "04-48",
        "menu_id": 304,
        "menu_name": "볼로네제 파스타",
        "price": 21000,
        "is_deleted": false,
        "is_active": true
    },
    {
        "restaurant_id": "04-48",
        "menu_id": 305,
        "menu_name": "봉골레 파스타",
        "price": 18000,
        "is_deleted": false,
        "is_active": true
    },
    {
        "restaurant_id": "04-48",
        "menu_id": 306,
        "menu_name": "새우오일 파스타",
        "price": 19000,
        "is_deleted": false,
        "is_active": true
    },
    {
        "restaurant_id": "04-48",
        "menu_id": 307,
        "menu_name": "명란새우 파스타",
        "price": 19000,
        "is_deleted": false,
        "is_active": true
    },
    {
        "restaurant_id": "04-48",
        "menu_id": 308,
        "menu_name": "까르보나라 파스타",
        "price": 18000,
        "is_deleted": false,
        "is_active": true
    },
    {
        "restaurant_id": "04-48",
        "menu_id": 309,
        "menu_name": "오리지널 까르보나라 파스타",
        "price": 19000,
        "is_deleted": false,
        "is_active": true
    },
    {
        "restaurant_id": "04-48",
        "menu_id": 310,
        "menu_name": "해산물 크림 파스타",
        "price": 19000,
        "is_deleted": false,
        "is_active": true
    },
    {
        "restaurant_id": "04-48",
        "menu_id": 311,
        "menu_name": "투움바 파스타",
        "price": 19000,
        "is_deleted": false,
        "is_active": true
    },
    {
        "restaurant_id": "04-48",
        "menu_id": 312,
        "menu_name": "고르곤졸라 파스타",
        "price": 20000,
        "is_deleted": false,
        "is_active": true
    },
    {
        "restaurant_id": "04-48",
        "menu_id": 313,
        "menu_name": "해산물 토마토 리조토",
        "price": 18000,
        "is_deleted": false,
        "is_active": true
    },
    {
        "restaurant_id": "04-49",
        "menu_id": 314,
        "menu_name": "하와이안피자",
        "price": 8500,
        "is_deleted": false,
        "is_active": true
    },
    {
        "restaurant_id": "04-49",
        "menu_id": 315,
        "menu_name": "리치골드피자",
        "price": 7000,
        "is_deleted": false,
        "is_active": true
    },
    {
        "restaurant_id": "04-50",
        "menu_id": 316,
        "menu_name": "에이드",
        "price": 4000,
        "is_deleted": false,
        "is_active": true
    },
    {
        "restaurant_id": "04-50",
        "menu_id": 317,
        "menu_name": "아메리카노",
        "price": 2500,
        "is_deleted": false,
        "is_active": true
    },
    {
        "restaurant_id": "04-50",
        "menu_id": 318,
        "menu_name": "크림 파스타",
        "price": 7800,
        "is_deleted": false,
        "is_active": true
    },
    {
        "restaurant_id": "04-50",
        "menu_id": 319,
        "menu_name": "알리오 올리오",
        "price": 7300,
        "is_deleted": false,
        "is_active": true
    },
    {
        "restaurant_id": "04-50",
        "menu_id": 320,
        "menu_name": "토마토 파스타",
        "price": 6800,
        "is_deleted": false,
        "is_active": true
    },
    {
        "restaurant_id": "04-50",
        "menu_id": 321,
        "menu_name": "페퍼로니 피자",
        "price": 8800,
        "is_deleted": false,
        "is_active": true
    },
    {
        "restaurant_id": "04-51",
        "menu_id": 322,
        "menu_name": "매운 까르보나라",
        "price": 7300,
        "is_deleted": false,
        "is_active": true
    },
    {
        "restaurant_id": "04-51",
        "menu_id": 323,
        "menu_name": "까르보나라",
        "price": 6900,
        "is_deleted": false,
        "is_active": true
    },
    {
        "restaurant_id": "04-51",
        "menu_id": 324,
        "menu_name": "알리오 올리오",
        "price": 6900,
        "is_deleted": false,
        "is_active": true
    },
    {
        "restaurant_id": "04-51",
        "menu_id": 325,
        "menu_name": "오븐 크림",
        "price": 7900,
        "is_deleted": false,
        "is_active": true
    },
    {
        "restaurant_id": "04-51",
        "menu_id": 326,
        "menu_name": "토마토 파스타",
        "price": 6200,
        "is_deleted": false,
        "is_active": true
    },
    {
        "restaurant_id": "04-51",
        "menu_id": 327,
        "menu_name": "버섯크림파스타",
        "price": 6200,
        "is_deleted": false,
        "is_active": true
    },
    {
        "restaurant_id": "04-52",
        "menu_id": 328,
        "menu_name": "뽀모도로파스타",
        "price": 10000,
        "is_deleted": false,
        "is_active": true
    },
    {
        "restaurant_id": "04-52",
        "menu_id": 329,
        "menu_name": "알리오올리오파스타",
        "price": 10000,
        "is_deleted": false,
        "is_active": true
    },
    {
        "restaurant_id": "04-52",
        "menu_id": 330,
        "menu_name": "치킨리조또",
        "price": 12000,
        "is_deleted": false,
        "is_active": true
    },
    {
        "restaurant_id": "04-52",
        "menu_id": 331,
        "menu_name": "트러플리조또",
        "price": 13000,
        "is_deleted": false,
        "is_active": true
    },
    {
        "restaurant_id": "04-52",
        "menu_id": 332,
        "menu_name": "함박스테이크",
        "price": 15000,
        "is_deleted": false,
        "is_active": true
    },
    {
        "restaurant_id": "04-52",
        "menu_id": 333,
        "menu_name": "고사리파스타",
        "price": 15000,
        "is_deleted": false,
        "is_active": true
    },
    {
        "restaurant_id": "04-58",
        "menu_id": 334,
        "menu_name": "새우 베이컨 파스타",
        "price": 22000,
        "is_deleted": false,
        "is_active": true
    },
    {
        "restaurant_id": "04-58",
        "menu_id": 335,
        "menu_name": "해산물 파스타",
        "price": 23000,
        "is_deleted": false,
        "is_active": true
    },
    {
        "restaurant_id": "04-58",
        "menu_id": 336,
        "menu_name": "매콤한 토마토소스의 비프 스튜 파스타",
        "price": 23000,
        "is_deleted": false,
        "is_active": true
    },
    {
        "restaurant_id": "04-58",
        "menu_id": 337,
        "menu_name": "바질 크림 새우 파스타",
        "price": 22000,
        "is_deleted": false,
        "is_active": true
    },
    {
        "restaurant_id": "04-58",
        "menu_id": 338,
        "menu_name": "아보카도를 곁들인 명란 크림 파스타",
        "price": 23000,
        "is_deleted": false,
        "is_active": true
    },
    {
        "restaurant_id": "04-58",
        "menu_id": 339,
        "menu_name": "등심스테이크를 곁들인 크림소시의 리가토니 파스타",
        "price": 27000,
        "is_deleted": false,
        "is_active": true
    },
    {
        "restaurant_id": "04-58",
        "menu_id": 340,
        "menu_name": "마르게리타피자",
        "price": 21000,
        "is_deleted": false,
        "is_active": true
    },
    {
        "restaurant_id": "04-58",
        "menu_id": 341,
        "menu_name": "블루베리크림치즈피자",
        "price": 2900,
        "is_deleted": false,
        "is_active": true
    },
    {
        "restaurant_id": "04-58",
        "menu_id": 342,
        "menu_name": "루꼴라피자",
        "price": 23000,
        "is_deleted": false,
        "is_active": true
    },
    {
        "restaurant_id": "04-58",
        "menu_id": 343,
        "menu_name": "콰트로고르곤졸라피자",
        "price": 23000,
        "is_deleted": false,
        "is_active": true
    },
    {
        "restaurant_id": "04-58",
        "menu_id": 344,
        "menu_name": "비스마르크피자",
        "price": 23000,
        "is_deleted": false,
        "is_active": true
    },
    {
        "restaurant_id": "04-58",
        "menu_id": 345,
        "menu_name": "제노베제피자",
        "price": 24000,
        "is_deleted": false,
        "is_active": true
    }
]