[
  {
    "id":"00-01",
    "name":"이가네양꼬치 판교본점",
    "category_id":"중식",
    "score":4.0,
    "review":570,
    "address":"경기 성남시 분당구 분당내곡로 155 KCC웰츠타워 104호",
    "operating_hour":"매일 12:00 ~ 24:00",
    "expanded_days":"월,화,수,목,금,토,일",
    "time_range":"12:00 ~ 24:00",
    "phone_number":50713599688.0,
    "image_urls":"\/\/img1.kakaocdn.net\/cthumb\/local\/C640x640.q50\/?fname=https%3A%2F%2Fpostfiles.pstatic.net%2FMjAyMzEwMjhfMTcz%2FMDAxNjk4NDkxMTgxMzYy.-3gFe2PO7rIPSDrlwbeOmiiSqMJQ66LgdVf1brGU18kg.OpOiCJe6eEFn0AcJ8BU1836sNDtOKGE4b3rzT1LsN5sg.JPEG.dpfxj1111%2F20231028%25EF%25BC%25BF171124.jpg%3Ftype%3Dw966, \/\/img1.kakaocdn.net\/cthumb\/local\/C320x320.q50\/?fname=http%3A%2F%2Ft1.kakaocdn.net%2Ffiy_reboot%2Fplace%2F97392C3687274644B112066A925206EB, \/\/img1.kakaocdn.net\/cthumb\/local\/C320x320.q50\/?fname=http%3A%2F%2Ft1.daumcdn.net%2Flocal%2FkakaomapPhoto%2Freview%2Fdf78e8d8a355447db13edf045f44a2f00fc387d1%3Foriginal",
    "convenience":"WIFI\n동물출입\n주차\n휠체어사용\n놀이방\n흡연실",
    "caution":"예약가능, 배달불가, 포장가능",
    "is_deleted":false
  },
  {
    "id":"00-02",
    "name":"동청담 삼평직영점",
    "category_id":"중식",
    "score":3.2,
    "review":39,
    "address":"경기 성남시 분당구 대왕판교로606번길 45 푸르지오시티 2층 206호",
    "operating_hour":"매일 15:00 ~ 17:00",
    "expanded_days":"월,화,수,목,금,토,일",
    "time_range":"15:00 ~ 17:00",
    "phone_number":317057777.0,
    "image_urls":"\/\/img1.kakaocdn.net\/cthumb\/local\/C640x640.q50\/?fname=http%3A%2F%2Ft1.daumcdn.net%2Fplace%2F16D1FEFB3DD449648023A221981855FF, \/\/img1.kakaocdn.net\/cthumb\/local\/C320x320.q50\/?fname=http%3A%2F%2Ft1.daumcdn.net%2Flocal%2FkakaomapPhoto%2Freview%2Fe265568293a86fc9504782554887d6c9364099f7%3Foriginal, \/\/img1.kakaocdn.net\/cthumb\/local\/C320x320.q50\/?fname=http%3A%2F%2Ft1.daumcdn.net%2Flocal%2FkakaomapPhoto%2Freview%2F3e6b914c4171fca1f47317ddddf551802ef9c49b%3Foriginal",
    "convenience":"주차",
    "caution":"예약가능",
    "is_deleted":false
  },
  {
    "id":"00-03",
    "name":"차알 판교점",
    "category_id":"중식",
    "score":2.9,
    "review":690,
    "address":"경기 성남시 분당구 동판교로177번길 25 판교아비뉴프랑 2층 214-215호",
    "operating_hour":"매일 15:00 ~ 17:00",
    "expanded_days":"월,화,수,목,금,토,일",
    "time_range":"15:00 ~ 17:00",
    "phone_number":317017679.0,
    "image_urls":"\/\/img1.kakaocdn.net\/cthumb\/local\/C640x640.q50\/?fname=http%3A%2F%2Ft1.daumcdn.net%2Flocalfiy%2FBA3952388F0348B7B931B9B3B061B687, \/\/img1.kakaocdn.net\/cthumb\/local\/C320x320.q50\/?fname=http%3A%2F%2Ft1.daumcdn.net%2Flocalfiy%2F0D71DB703C11469CB551DF722E01FE6E, \/\/img1.kakaocdn.net\/cthumb\/local\/C320x320.q50\/?fname=http%3A%2F%2Ft1.daumcdn.net%2Flocalfiy%2F5CAE69DCB1A14B34B410DC220D7A6CBF",
    "convenience":"주차",
    "caution":"예약가능, 배달불가, 포장가능",
    "is_deleted":false
  },
  {
    "id":"00-04",
    "name":"몽중헌 판교점",
    "category_id":"중식",
    "score":3.7,
    "review":356,
    "address":"경기 성남시 분당구 분당내곡로 131 판교테크원타워 2층",
    "operating_hour":"매일 15:00 ~ 17:30",
    "expanded_days":"월,화,수,목,금,토,일",
    "time_range":"15:00 ~ 17:30",
    "phone_number":316017574.0,
    "image_urls":"\/\/img1.kakaocdn.net\/cthumb\/local\/C640x640.q50\/?fname=http%3A%2F%2Ft1.daumcdn.net%2Fplace%2F00FD2F7C54FC404C9CFF6D2D11FC47D2, \/\/img1.kakaocdn.net\/cthumb\/local\/C320x320.q50\/?fname=http%3A%2F%2Ft1.kakaocdn.net%2Ffiy_reboot%2Fplace%2F6370D7FC53FC4E4EA6EF0EB5C11BFDAB, \/\/img1.kakaocdn.net\/cthumb\/local\/C320x320.q50\/?fname=http%3A%2F%2Ft1.kakaocdn.net%2Ffiy_reboot%2Fplace%2F49380BDD1A8B426ABC530CF37A206308",
    "convenience":"WIFI\n동물출입\n주차",
    "caution":"예약가능, 배달불가, 포장가능",
    "is_deleted":false
  },
  {
    "id":"00-05",
    "name":"최고집짬뽕",
    "category_id":"중식",
    "score":3.3,
    "review":65,
    "address":"경기 성남시 분당구 판교역로10번길 12-9",
    "operating_hour":"매일 15:30 ~ 16:30",
    "expanded_days":"월,화,수,목,금,토,일",
    "time_range":"15:30 ~ 16:30",
    "phone_number":null,
    "image_urls":"\/\/img1.kakaocdn.net\/cthumb\/local\/C640x640.q50\/?fname=http%3A%2F%2Ft1.daumcdn.net%2Fplace%2FBC0425B4A201423EAEB0A5B9D3DDF90C, \/\/img1.kakaocdn.net\/cthumb\/local\/C320x320.q50\/?fname=http%3A%2F%2Ft1.daumcdn.net%2Flocal%2FkakaomapPhoto%2Freview%2Fc4bd0e01eba467395cb0befb258d7c342335a123%3Foriginal, \/\/img1.kakaocdn.net\/cthumb\/local\/C320x320.q50\/?fname=https%3A%2F%2Ft1.daumcdn.net%2Flocal%2Freview_placeapp%2Fbtqdh3RARi6_KZfwMV3YRhatB4Gf9gvGR0_img.jpg",
    "convenience":"WIFI\n동물출입\n주차\n휠체어사용\n놀이방",
    "caution":"예약가능, 배달불가, 포장가능",
    "is_deleted":false
  },
  {
    "id":"00-06",
    "name":"청계산수타",
    "category_id":"중식",
    "score":3.3,
    "review":16,
    "address":"경기 성남시 분당구 판교공원로5길 22 1층",
    "operating_hour":"매일 10:40 ~ 21:00",
    "expanded_days":"월,화,수,목,금,토,일",
    "time_range":"10:40 ~ 21:00",
    "phone_number":317077647.0,
    "image_urls":"\/\/img1.kakaocdn.net\/cthumb\/local\/C640x640.q50\/?fname=http%3A%2F%2Ft1.daumcdn.net%2Fplace%2FCBC21D8C02FF419ABDBC007A2D5389AA, \/\/img1.kakaocdn.net\/cthumb\/local\/C320x320.q50\/?fname=http%3A%2F%2Ft1.daumcdn.net%2Flocal%2FkakaomapPhoto%2Freview%2Fc05a0ebac454496ccbc4ed8d20f12387a67bb2d3%3Foriginal, \/\/img1.kakaocdn.net\/cthumb\/local\/C320x320.q50\/?fname=http%3A%2F%2Ft1.daumcdn.net%2Flocal%2FkakaomapPhoto%2Freview%2Fa1edaf09a493e344d39b8015969d5289b6e49556ea62d5790e111662341ff86d",
    "convenience":"주차",
    "caution":"예약가능, 포장가능",
    "is_deleted":false
  },
  {
    "id":"00-07",
    "name":"신승반점 현대백화점판교점",
    "category_id":"중식",
    "score":3.5,
    "review":379,
    "address":"경기 성남시 분당구 판교역로146번길 20 지하1층",
    "operating_hour":"월~금 15:00 ~ 16:30",
    "expanded_days":"월,화,수,목,금",
    "time_range":"15:00 ~ 16:30",
    "phone_number":3151701051.0,
    "image_urls":"\/\/img1.kakaocdn.net\/cthumb\/local\/C640x640.q50\/?fname=http%3A%2F%2Ft1.daumcdn.net%2Flocalfiy%2Fsearchregister_176977703, \/\/img1.kakaocdn.net\/cthumb\/local\/C320x320.q50\/?fname=http%3A%2F%2Ft1.daumcdn.net%2Flocalfiy%2Fsearchregister_199403226, \/\/img1.kakaocdn.net\/cthumb\/local\/C320x320.q50\/?fname=http%3A%2F%2Ft1.daumcdn.net%2Flocalfiy%2Fsearchregister_1295530062",
    "convenience":"주차",
    "caution":"예약불가, 포장가능",
    "is_deleted":false
  },
  {
    "id":"00-08",
    "name":"베이징스토리",
    "category_id":"중식",
    "score":2.6,
    "review":51,
    "address":"경기 성남시 분당구 판교역로 230 삼환하이펙스 B동 1층 120-1호",
    "operating_hour":"월~토 15:00 ~ 17:00",
    "expanded_days":"월,화,수,목,금,토",
    "time_range":"15:00 ~ 17:00",
    "phone_number":316960306.0,
    "image_urls":"\/\/img1.kakaocdn.net\/cthumb\/local\/C640x640.q50\/?fname=http%3A%2F%2Ft1.daumcdn.net%2Fcfile%2F22128E45524E30CB09, \/\/img1.kakaocdn.net\/cthumb\/local\/C320x320.q50\/?fname=http%3A%2F%2Ft1.daumcdn.net%2Fcfile%2F2770763D524E310D1D, \/\/img1.kakaocdn.net\/cthumb\/local\/C320x320.q50\/?fname=http%3A%2F%2Ft1.daumcdn.net%2Fcfile%2F21537642524E311008",
    "convenience":"WIFI\n동물출입\n주차\n휠체어사용",
    "caution":"예약가능, 배달불가, 포장가능",
    "is_deleted":false
  },
  {
    "id":"00-09",
    "name":"마라공방 판교점",
    "category_id":"중식",
    "score":3.7,
    "review":121,
    "address":"경기 성남시 분당구 판교역로192번길 12 판교미래에셋센터 2층 206호",
    "operating_hour":"매일 11:00 ~ 22:00",
    "expanded_days":"월,화,수,목,금,토,일",
    "time_range":"11:00 ~ 22:00",
    "phone_number":3180610780.0,
    "image_urls":"\/\/img1.kakaocdn.net\/cthumb\/local\/C640x640.q50\/?fname=http%3A%2F%2Ft1.daumcdn.net%2Flocalfiy%2F669D7BAC37104B36A3D8E6A2FC8983B1, \/\/img1.kakaocdn.net\/cthumb\/local\/C320x320.q50\/?fname=http%3A%2F%2Ft1.daumcdn.net%2Flocalfiy%2F006B465C9A5246BAAF4B76E815DD22AE, \/\/img1.kakaocdn.net\/cthumb\/local\/C320x320.q50\/?fname=http%3A%2F%2Ft1.daumcdn.net%2Flocalfiy%2F94909EC75A7045CFB95886EDB234E11F",
    "convenience":"주차",
    "caution":"예약가능, 배달가능, 포장가능",
    "is_deleted":false
  },
  {
    "id":"00-10",
    "name":"명품조박사짬뽕짜장",
    "category_id":"중식",
    "score":3.7,
    "review":36,
    "address":"경기 성남시 분당구 동판교로 153 1층",
    "operating_hour":"매일 10:00 ~ 22:00",
    "expanded_days":"월,화,수,목,금,토,일",
    "time_range":"10:00 ~ 22:00",
    "phone_number":7077185446.0,
    "image_urls":"\/\/img1.kakaocdn.net\/cthumb\/local\/C640x640.q50\/?fname=http%3A%2F%2Ft1.daumcdn.net%2Fplace%2F0784AA1E82CB4E0EB1C03184ABF76C4C, \/\/img1.kakaocdn.net\/cthumb\/local\/C320x320.q50\/?fname=https%3A%2F%2Ft1.daumcdn.net%2Flocal%2Freview_placeapp%2FbtqhyRG8Arr_GtmaJszNKfVWKaAKzXnZKK_img.jpg, \/\/img1.kakaocdn.net\/cthumb\/local\/C320x320.q50\/?fname=https%3A%2F%2Ft1.daumcdn.net%2Flocal%2Freview_placeapp%2Fbtqhyjqhwcy_JOnw09K282lq3PCp8xw7cK_img.jpg",
    "convenience":"WIFI\n주차",
    "caution":"예약가능, 배달가능, 포장가능",
    "is_deleted":false
  },
  {
    "id":"00-11",
    "name":"전국5대짬뽕연화산",
    "category_id":"중식",
    "score":3.4,
    "review":67,
    "address":"경기 성남시 분당구 서판교로58번길 14",
    "operating_hour":"매일 11:00 ~ 21:00",
    "expanded_days":"월,화,수,목,금,토,일",
    "time_range":"11:00 ~ 21:00",
    "phone_number":317816350.0,
    "image_urls":"\/\/img1.kakaocdn.net\/cthumb\/local\/C640x640.q50\/?fname=http%3A%2F%2Ft1.daumcdn.net%2Fplace%2F8424D495CF5944ACB5E3633BC3B996DC, \/\/img1.kakaocdn.net\/cthumb\/local\/C320x320.q50\/?fname=http%3A%2F%2Ft1.daumcdn.net%2Flocal%2FkakaomapPhoto%2Freview%2F74677e854944460a9decfff29789b20a1d44399c%3Foriginal, \/\/img1.kakaocdn.net\/cthumb\/local\/C320x320.q50\/?fname=http%3A%2F%2Ft1.daumcdn.net%2Flocal%2FkakaomapPhoto%2Freview%2F1abb316a163d2d063d28c0acfd94c94cbc3789a0%3Foriginal",
    "convenience":"WIFI\n주차",
    "caution":"예약가능",
    "is_deleted":false
  },
  {
    "id":"00-12",
    "name":"왕스덕",
    "category_id":"중식",
    "score":3.1,
    "review":183,
    "address":"경기 성남시 분당구 대왕판교로645번길 36 지하1층",
    "operating_hour":"월~금 11:00 ~ 22:00",
    "expanded_days":"월,화,수,목,금",
    "time_range":"11:00 ~ 22:00",
    "phone_number":316068517.0,
    "image_urls":"\/\/img1.kakaocdn.net\/cthumb\/local\/C640x640.q50\/?fname=http%3A%2F%2Ft1.daumcdn.net%2Fplace%2F96A9AF7C198D4C76AF6F4319C2F909C6, \/\/img1.kakaocdn.net\/cthumb\/local\/C320x320.q50\/?fname=http%3A%2F%2Ft1.daumcdn.net%2Flocal%2FkakaomapPhoto%2Freview%2F3bef44b94fa60aa01e78500c9b598933e16fe680%3Foriginal, \/\/img1.kakaocdn.net\/cthumb\/local\/C320x320.q50\/?fname=http%3A%2F%2Ft1.daumcdn.net%2Flocal%2FkakaomapPhoto%2Freview%2F71379f7d43159cfffd4010474af1786e8cf87d04%3Foriginal",
    "convenience":"WIFI\n동물출입\n주차\n휠체어사용\n흡연실",
    "caution":"예약가능, 배달가능, 포장가능",
    "is_deleted":false
  },
  {
    "id":"00-13",
    "name":"공화춘 현대백화점판교점",
    "category_id":"중식",
    "score":3.2,
    "review":134,
    "address":"경기 성남시 분당구 판교역로146번길 20 5층",
    "operating_hour":"매일 15:00 ~ 17:00",
    "expanded_days":"월,화,수,목,금,토,일",
    "time_range":"15:00 ~ 17:00",
    "phone_number":3151701580.0,
    "image_urls":"\/\/img1.kakaocdn.net\/cthumb\/local\/C640x640.q50\/?fname=http%3A%2F%2Ft1.daumcdn.net%2Fplace%2FD979CF8B6D5B45B98F7165570A7B58ED, \/\/img1.kakaocdn.net\/cthumb\/local\/C320x320.q50\/?fname=http%3A%2F%2Ft1.daumcdn.net%2Flocal%2FkakaomapPhoto%2Freview%2Fc65d9b4b92d12c99ff5b92f59ae4d802c05ffed5%3Foriginal, \/\/img1.kakaocdn.net\/cthumb\/local\/C320x320.q50\/?fname=http%3A%2F%2Ft1.daumcdn.net%2Flocal%2FkakaomapPhoto%2Freview%2Fc87295a5fda768b97659d748246e775bb66541bd%3Foriginal",
    "convenience":"주차",
    "caution":"유의사항 정보 없음",
    "is_deleted":false
  },
  {
    "id":"00-14",
    "name":"차엔",
    "category_id":"중식",
    "score":3.6,
    "review":31,
    "address":"경기 성남시 분당구 판교역로 235 H스퀘어 N동 1층",
    "operating_hour":"월~금 11:00 ~ 21:00",
    "expanded_days":"월,화,수,목,금",
    "time_range":"11:00 ~ 21:00",
    "phone_number":316967667.0,
    "image_urls":"\/\/img1.kakaocdn.net\/cthumb\/local\/C640x640.q50\/?fname=http%3A%2F%2Ft1.daumcdn.net%2Flocalfiy%2FCB7D69506F0A4A1CBD4A5AD0260AC1C6, \/\/img1.kakaocdn.net\/cthumb\/local\/C320x320.q50\/?fname=http%3A%2F%2Ft1.daumcdn.net%2Flocalfiy%2FDD6C069E499C408CB6E54D19DC548725, \/\/img1.kakaocdn.net\/cthumb\/local\/C320x320.q50\/?fname=http%3A%2F%2Ft1.daumcdn.net%2Flocalfiy%2FC484D11A90FF4621AA92A0695CF30FCB",
    "convenience":"주차",
    "caution":"예약가능",
    "is_deleted":false
  },
  {
    "id":"00-15",
    "name":"하이보",
    "category_id":"중식",
    "score":3.5,
    "review":162,
    "address":"경기 성남시 분당구 판교역로192번길 14-1 2층",
    "operating_hour":"매일 11:00 ~ 22:00",
    "expanded_days":"월,화,수,목,금,토,일",
    "time_range":"11:00 ~ 22:00",
    "phone_number":3180178615.0,
    "image_urls":"\/\/img1.kakaocdn.net\/cthumb\/local\/C640x640.q50\/?fname=http%3A%2F%2Ft1.daumcdn.net%2Flocalfiy%2F3E540E6D5A314AFC912330FFF91679EE, \/\/img1.kakaocdn.net\/cthumb\/local\/C320x320.q50\/?fname=http%3A%2F%2Ft1.daumcdn.net%2Flocalfiy%2F67EE57DBA60B4BE7B30DDA6E741D1C20, \/\/img1.kakaocdn.net\/cthumb\/local\/C320x320.q50\/?fname=http%3A%2F%2Ft1.daumcdn.net%2Flocalfiy%2F893AA6878FA74DB59F5716E4181D87E3",
    "convenience":"WIFI\n주차",
    "caution":"예약가능, 포장가능",
    "is_deleted":false
  },
  {
    "id":"00-16",
    "name":"덕후선생 판교아비뉴프랑",
    "category_id":"중식",
    "score":4.2,
    "review":72,
    "address":"경기 성남시 분당구 동판교로177번길 25 판교호밋써밋플레이스 2층 233-2,234,235호",
    "operating_hour":"월~금 14:30 ~ 17:00",
    "expanded_days":"월,화,수,목,금",
    "time_range":"14:30 ~ 17:00",
    "phone_number":316055252.0,
    "image_urls":"\/\/img1.kakaocdn.net\/cthumb\/local\/C640x640.q50\/?fname=http%3A%2F%2Ft1.daumcdn.net%2Flocal%2FkakaomapPhoto%2Freview%2Fb030003f83f72bc2fcf0416263638413eea91cd1%3Foriginal, \/\/img1.kakaocdn.net\/cthumb\/local\/C320x320.q50\/?fname=http%3A%2F%2Ft1.daumcdn.net%2Flocal%2FkakaomapPhoto%2Freview%2F1e8f3d8c69b7f8a22196e550fbca524deb062094%3Foriginal, \/\/img1.kakaocdn.net\/cthumb\/local\/C320x320.q50\/?fname=http%3A%2F%2Ft1.daumcdn.net%2Flocal%2FkakaomapPhoto%2Freview%2F631f71ff103bfaa85d18157fa27fea6030aaf55a%3Foriginal",
    "convenience":"주차",
    "caution":"예약가능, 포장가능",
    "is_deleted":false
  },
  {
    "id":"00-17",
    "name":"js가든 판교점",
    "category_id":"중식",
    "score":4.2,
    "review":11,
    "address":"경기 성남시 분당구 판교역로146번길 20 9층",
    "operating_hour":"매일 15:00 ~ 17:00",
    "expanded_days":"월,화,수,목,금,토,일",
    "time_range":"15:00 ~ 17:00",
    "phone_number":3151701957.0,
    "image_urls":"\/\/img1.kakaocdn.net\/cthumb\/local\/C640x640.q50\/?fname=http%3A%2F%2Ft1.kakaocdn.net%2Fmystore%2F2C2B2649054845549D4AEB9F7BB7C096, \/\/img1.kakaocdn.net\/cthumb\/local\/C320x320.q50\/?fname=http%3A%2F%2Ft1.kakaocdn.net%2Fmystore%2FBF7242DF2AF84BF7BF7103531745632B, \/\/img1.kakaocdn.net\/cthumb\/local\/C320x320.q50\/?fname=http%3A%2F%2Ft1.kakaocdn.net%2Fmystore%2F23DFCF87DDBA4CFEA7FF39AE5ADA4E83",
    "convenience":"WIFI\n동물출입\n주차",
    "caution":"예약가능, 배달가능, 포장가능",
    "is_deleted":false
  },
  {
    "id":"00-18",
    "name":"팔복판교",
    "category_id":"중식",
    "score":4.0,
    "review":318,
    "address":"경기 성남시 분당구 판교역로241번길 22 판교엠타워 1층",
    "operating_hour":"매일 15:00 ~ 17:00",
    "expanded_days":"월,화,수,목,금,토,일",
    "time_range":"15:00 ~ 17:00",
    "phone_number":null,
    "image_urls":"\/\/img1.kakaocdn.net\/cthumb\/local\/C640x640.q50\/?fname=http%3A%2F%2Ft1.daumcdn.net%2Fplace%2FED5E641F143346D493BD4384A96F8453, \/\/img1.kakaocdn.net\/cthumb\/local\/C320x320.q50\/?fname=http%3A%2F%2Ft1.daumcdn.net%2Flocal%2FkakaomapPhoto%2Freview%2F888ef44dadc413af934bce41f9145eb953b281bf%3Foriginal, \/\/img1.kakaocdn.net\/cthumb\/local\/C320x320.q50\/?fname=http%3A%2F%2Ft1.daumcdn.net%2Flocal%2FkakaomapPhoto%2Freview%2F72b530f882da5e353ad35e690036e5ae9b19e319%3Foriginal",
    "convenience":"편의시설 정보 없음",
    "caution":"유의사항 정보 없음",
    "is_deleted":false
  },
  {
    "id":"00-19",
    "name":"이가네양꼬치 유스페이스점",
    "category_id":"중식",
    "score":4.2,
    "review":42,
    "address":"경기 성남시 분당구 대왕판교로 660 2층 212호",
    "operating_hour":"매일 14:00 ~ 02:00",
    "expanded_days":"월,화,수,목,금,토,일",
    "time_range":"14:00 ~ 02:00",
    "phone_number":317242688.0,
    "image_urls":"\/\/img1.kakaocdn.net\/cthumb\/local\/C640x640.q50\/?fname=http%3A%2F%2Ft1.daumcdn.net%2Fplace%2FF5EC864A3B3C40169F9525DF87EFE202, \/\/img1.kakaocdn.net\/cthumb\/local\/C320x320.q50\/?fname=http%3A%2F%2Ft1.daumcdn.net%2Fplace%2FA90FC69F4DD74540B4D5ABD87AFCD835, \/\/img1.kakaocdn.net\/cthumb\/local\/C320x320.q50\/?fname=http%3A%2F%2Ft1.daumcdn.net%2Flocal%2FkakaomapPhoto%2Freview%2F5f4e2646bb4bea62fb42089f922cc9ff503004a5%3Foriginal",
    "convenience":"주차",
    "caution":"유의사항 정보 없음",
    "is_deleted":false
  },
  {
    "id":"00-20",
    "name":"미성양꼬치 판교점",
    "category_id":"중식",
    "score":3.7,
    "review":111,
    "address":"경기 성남시 분당구 판교역로192번길 22 판교효성해링턴타워 1층 107호",
    "operating_hour":"매일 12:00 ~ 24:00",
    "expanded_days":"월,화,수,목,금,토,일",
    "time_range":"12:00 ~ 24:00",
    "phone_number":317085888.0,
    "image_urls":"\/\/img1.kakaocdn.net\/cthumb\/local\/C640x640.q50\/?fname=http%3A%2F%2Ft1.daumcdn.net%2Flocalfiy%2F8F81049EA611442A8FE0262FD6A67C07, \/\/img1.kakaocdn.net\/cthumb\/local\/C320x320.q50\/?fname=http%3A%2F%2Ft1.daumcdn.net%2Flocalfiy%2FA7691E2F0AB64B36BC9A324D8E400B51, \/\/img1.kakaocdn.net\/cthumb\/local\/C320x320.q50\/?fname=http%3A%2F%2Ft1.daumcdn.net%2Flocalfiy%2F78800AAC510340BAA28D30CA0FACA332",
    "convenience":"편의시설 정보 없음",
    "caution":"유의사항 정보 없음",
    "is_deleted":false
  },
  {
    "id":"00-21",
    "name":"양우양꼬치",
    "category_id":"중식",
    "score":4.4,
    "review":19,
    "address":"경기 성남시 분당구 대왕판교로 660 유스페이스1 1층 144호, 152~154호",
    "operating_hour":"월~금 14:00 ~ 24:00",
    "expanded_days":"월,화,수,목,금",
    "time_range":"14:00 ~ 24:00",
    "phone_number":317242500.0,
    "image_urls":"\/\/img1.kakaocdn.net\/cthumb\/local\/C640x640.q50\/?fname=http%3A%2F%2Ft1.daumcdn.net%2Fplace%2F7EBE456EA3D7461B910D86C1C2961640, \/\/img1.kakaocdn.net\/cthumb\/local\/C320x320.q50\/?fname=http%3A%2F%2Ft1.daumcdn.net%2Flocal%2FkakaomapPhoto%2Freview%2Fb505043f0126a66d72230b8d1ed6db96babec03a%3Foriginal, \/\/img1.kakaocdn.net\/cthumb\/local\/C320x320.q50\/?fname=https%3A%2F%2Fpostfiles.pstatic.net%2FMjAyNDA0MTVfNTQg%2FMDAxNzEzMTg1Nzc5NDMw.irg-qltpNDYT1UCkIKLJdekadIgS9PLWYdpSHGEm2Q4g.Xw_Vj2kY_bi6xpaEDOfyjht0ijaTOUTZm2rc7tiW1Ukg.JPEG%2FIMG_6694.jpg%3Ftype%3Dw773",
    "convenience":"주차",
    "caution":"예약가능, 포장가능",
    "is_deleted":false
  },
  {
    "id":"00-22",
    "name":"하파 판교점",
    "category_id":"중식",
    "score":3.6,
    "review":21,
    "address":"경기 성남시 분당구 판교역로 145 알파리움2단지 2층 204,205호",
    "operating_hour":"매일 14:40 ~ 17:00",
    "expanded_days":"월,화,수,목,금,토,일",
    "time_range":"14:40 ~ 17:00",
    "phone_number":317051117.0,
    "image_urls":"\/\/img1.kakaocdn.net\/cthumb\/local\/C640x640.q50\/?fname=http%3A%2F%2Ft1.daumcdn.net%2Fplace%2F4FA40EF5B09949848991ACD30F20441E, \/\/img1.kakaocdn.net\/cthumb\/local\/C320x320.q50\/?fname=http%3A%2F%2Ft1.daumcdn.net%2Flocal%2FkakaomapPhoto%2Freview%2F0cb5da36e88fcb7fd6f56e18a1e5becaef763877%3Foriginal, \/\/img1.kakaocdn.net\/cthumb\/local\/C320x320.q50\/?fname=http%3A%2F%2Ft1.daumcdn.net%2Flocal%2FkakaomapPhoto%2Freview%2Fc25c1236acacaa1bfde674f985eec11a4b3355ee%3Foriginal",
    "convenience":"편의시설 정보 없음",
    "caution":"유의사항 정보 없음",
    "is_deleted":false
  },
  {
    "id":"00-23",
    "name":"진궁 운중점",
    "category_id":"중식",
    "score":3.3,
    "review":10,
    "address":"경기 성남시 분당구 운중로125번길 3-5 1층",
    "operating_hour":"매일 10:30 ~ 21:00",
    "expanded_days":"월,화,수,목,금,토,일",
    "time_range":"10:30 ~ 21:00",
    "phone_number":3180168181.0,
    "image_urls":"\/\/img1.kakaocdn.net\/cthumb\/local\/C640x640.q50\/?fname=http%3A%2F%2Ft1.daumcdn.net%2Fcfile%2F1966CD404E9254AE02, \/\/img1.kakaocdn.net\/cthumb\/local\/C320x320.q50\/?fname=http%3A%2F%2Ft1.daumcdn.net%2Flocal%2FkakaomapPhoto%2Freview%2F8b48a4a27a396ee03d392a8bf06b89934b098d16%3Foriginal, \/\/img1.kakaocdn.net\/cthumb\/local\/C320x320.q50\/?fname=http%3A%2F%2Ft1.daumcdn.net%2Flocal%2FkakaomapPhoto%2Freview%2F94304f3d64b1e1eb50bc9c1b4554b0e1e27c47d4%3Foriginal",
    "convenience":"주차",
    "caution":"예약가능, 포장가능",
    "is_deleted":false
  },
  {
    "id":"00-24",
    "name":"페이딤 판교점",
    "category_id":"중식",
    "score":3.4,
    "review":191,
    "address":"경기 성남시 분당구 판교역로 152 알파돔타워 2층 9호",
    "operating_hour":"매일 15:00 ~ 17:00",
    "expanded_days":"월,화,수,목,금,토,일",
    "time_range":"15:00 ~ 17:00",
    "phone_number":1081928528.0,
    "image_urls":"\/\/img1.kakaocdn.net\/cthumb\/local\/C640x640.q50\/?fname=http%3A%2F%2Ft1.kakaocdn.net%2Ffiy_reboot%2Fplace%2FE59727508D9C4F578F253A8774E50AD0, \/\/img1.kakaocdn.net\/cthumb\/local\/C320x320.q50\/?fname=http%3A%2F%2Ft1.daumcdn.net%2Fplace%2F441C78F61CDC44B1B8C091CE2772280A, \/\/img1.kakaocdn.net\/cthumb\/local\/C320x320.q50\/?fname=http%3A%2F%2Ft1.kakaocdn.net%2Ffiy_reboot%2Fplace%2FBB5036DECD66430DB48D5F519C76261D",
    "convenience":"주차",
    "caution":"예약가능",
    "is_deleted":false
  },
  {
    "id":"00-25",
    "name":"칭따오",
    "category_id":"중식",
    "score":3.4,
    "review":253,
    "address":"경기 성남시 분당구 판교로255번길 9-22 우림W시티 지하1층 105호",
    "operating_hour":"월~금 11:00 ~ 20:30",
    "expanded_days":"월,화,수,목,금",
    "time_range":"11:00 ~ 20:30",
    "phone_number":316287750.0,
    "image_urls":"\/\/img1.kakaocdn.net\/cthumb\/local\/C640x640.q50\/?fname=http%3A%2F%2Ft1.daumcdn.net%2Fplace%2FC5A86F926EC046F59400273CE68F5147, \/\/img1.kakaocdn.net\/cthumb\/local\/C320x320.q50\/?fname=http%3A%2F%2Ft1.daumcdn.net%2Flocal%2FkakaomapPhoto%2Freview%2F809ff9cd238df7c5e2dfb286044f57631a9c3b72%3Foriginal, \/\/img1.kakaocdn.net\/cthumb\/local\/C320x320.q50\/?fname=http%3A%2F%2Ft1.daumcdn.net%2Flocal%2FkakaomapPhoto%2Freview%2F35c33b8880338384a406d21438812efba034dc2e%3Foriginal",
    "convenience":"편의시설 정보 없음",
    "caution":"유의사항 정보 없음",
    "is_deleted":false
  },
  {
    "id":"00-26",
    "name":"찬",
    "category_id":"중식",
    "score":4.7,
    "review":35,
    "address":"경기 성남시 분당구 대왕판교로 660 유스페이스1 B동 157~158호",
    "operating_hour":"월~금 15:00 ~ 17:00",
    "expanded_days":"월,화,수,목,금",
    "time_range":"15:00 ~ 17:00",
    "phone_number":316982551.0,
    "image_urls":"\/\/img1.kakaocdn.net\/cthumb\/local\/C640x640.q50\/?fname=http%3A%2F%2Ft1.daumcdn.net%2Flocal%2FkakaomapPhoto%2Freview%2F0d9dbf2d5e527ba26e119bc3f0a5fd42d19bd80b%3Foriginal, \/\/img1.kakaocdn.net\/cthumb\/local\/C320x320.q50\/?fname=http%3A%2F%2Ft1.daumcdn.net%2Flocal%2FkakaomapPhoto%2Freview%2F056606fd05b02af6c0b2a7ddfc7507b233df3347%3Foriginal, \/\/img1.kakaocdn.net\/cthumb\/local\/C320x320.q50\/?fname=http%3A%2F%2Ft1.daumcdn.net%2Flocal%2FkakaomapPhoto%2Freview%2Feddf34830aa91a189605a60e0c954c2f663bfa33%3Foriginal",
    "convenience":"편의시설 정보 없음",
    "caution":"유의사항 정보 없음",
    "is_deleted":false
  },
  {
    "id":"00-27",
    "name":"동사부마라탕",
    "category_id":"중식",
    "score":4.5,
    "review":34,
    "address":"경기 성남시 분당구 판교역로192번길 14-2 골드타워 2층 211호",
    "operating_hour":"월~금 10:30 ~ 22:00",
    "expanded_days":"월,화,수,목,금",
    "time_range":"10:30 ~ 22:00",
    "phone_number":3180165506.0,
    "image_urls":"\/\/img1.kakaocdn.net\/cthumb\/local\/C640x640.q50\/?fname=http%3A%2F%2Ft1.daumcdn.net%2Flocalfiy%2F3F4829F2DE6640C2854737D4851FD24E, \/\/img1.kakaocdn.net\/cthumb\/local\/C320x320.q50\/?fname=http%3A%2F%2Ft1.daumcdn.net%2Flocalfiy%2F1068FA5C565C4F29A811D415903EF9E2, \/\/img1.kakaocdn.net\/cthumb\/local\/C320x320.q50\/?fname=http%3A%2F%2Ft1.daumcdn.net%2Flocalfiy%2F36035349FE004391ACD0146E4512186B",
    "convenience":"편의시설 정보 없음",
    "caution":"유의사항 정보 없음",
    "is_deleted":false
  },
  {
    "id":"00-28",
    "name":"최고야전국5대짬뽕 판교4호점",
    "category_id":"중식",
    "score":1.9,
    "review":5,
    "address":"경기 성남시 분당구 판교로227번길 6",
    "operating_hour":"월~금 11:00 ~ 21:30",
    "expanded_days":"월,화,수,목,금",
    "time_range":"11:00 ~ 21:30",
    "phone_number":null,
    "image_urls":"\/\/img1.kakaocdn.net\/cthumb\/local\/C640x640.q50\/?fname=http%3A%2F%2Ft1.daumcdn.net%2Flocalfiy%2F81D09C7D85724D56B7AB2F4DA3987A76, \/\/img1.kakaocdn.net\/cthumb\/local\/C320x320.q50\/?fname=http%3A%2F%2Ft1.daumcdn.net%2Flocal%2FkakaomapPhoto%2Freview%2F935d35178ddc9cef79bb04a97b316e4af6e5522f%3Foriginal, \/\/img1.kakaocdn.net\/cthumb\/local\/C320x320.q50\/?fname=https%3A%2F%2Fblog.kakaocdn.net%2Fdn%2FwMq2u%2FbtrDi4DXpxc%2FGm9B7NAaPES6if1Oo2hC10%2Fimg.jpg",
    "convenience":"편의시설 정보 없음",
    "caution":"유의사항 정보 없음",
    "is_deleted":false
  },
  {
    "id":"00-29",
    "name":"왕징양다리양꼬치 판교직영점",
    "category_id":"중식",
    "score":4.7,
    "review":86,
    "address":"경기 성남시 분당구 대왕판교로606번길 10 알파리움1단지 타워1동 2층 205~206호",
    "operating_hour":"월~금 11:00 ~ 23:00",
    "expanded_days":"월,화,수,목,금",
    "time_range":"11:00 ~ 23:00",
    "phone_number":317055688.0,
    "image_urls":"\/\/img1.kakaocdn.net\/cthumb\/local\/C640x640.q50\/?fname=http%3A%2F%2Ft1.daumcdn.net%2Fplace%2F914523C5723B41B79049CD04D089F2A5, \/\/img1.kakaocdn.net\/cthumb\/local\/C320x320.q50\/?fname=http%3A%2F%2Ft1.daumcdn.net%2Fplace%2F8656C7C885A84E4DA929C250D8083109, \/\/img1.kakaocdn.net\/cthumb\/local\/C320x320.q50\/?fname=https%3A%2F%2Fpostfiles.pstatic.net%2FMjAyNDEwMzBfMjkw%2FMDAxNzMwMjc1NjU5NDM1.cd5DS4Gf21hu4_hd8idduoZ7pNezdR_ukoEoli4bN0cg.1v-UMr4TUGdvqphXlsgRc7F87zbNIcTk0SGoUueuwI0g.JPEG%2FSE-4becb095-5ef2-4f7f-83b6-7b524fcea547.jpg%3Ftype%3Dw966",
    "convenience":"편의시설 정보 없음",
    "caution":"유의사항 정보 없음",
    "is_deleted":false
  },
  {
    "id":"00-30",
    "name":"골드피쉬 얌차하우스",
    "category_id":"중식",
    "score":3.4,
    "review":331,
    "address":"경기 성남시 분당구 동판교로177번길 25 아브뉴프랑 1층 112호",
    "operating_hour":"매일 15:00 ~ 17:30",
    "expanded_days":"월,화,수,목,금,토,일",
    "time_range":"15:00 ~ 17:30",
    "phone_number":1053935266.0,
    "image_urls":"이미지 정보 없음",
    "convenience":"편의시설 정보 없음",
    "caution":"유의사항 정보 없음",
    "is_deleted":false
  },
  {
    "id":"00-31",
    "name":"홍짜장 서판교역점",
    "category_id":"중식",
    "score":2.6,
    "review":8,
    "address":"경기 성남시 분당구 운중로 135 더원스퀘어 105호",
    "operating_hour":"월,화,수,목,금,일 11:00 ~ 20:00",
    "expanded_days":"월,화,수,목,금,일",
    "time_range":"11:00 ~ 20:00",
    "phone_number":317032200.0,
    "image_urls":"\/\/img1.kakaocdn.net\/cthumb\/local\/C640x640.q50\/?fname=http%3A%2F%2Ft1.daumcdn.net%2Fplace%2F92C96420905E49568DF9B267C4182C7E, \/\/img1.kakaocdn.net\/cthumb\/local\/C320x320.q50\/?fname=http%3A%2F%2Ft1.daumcdn.net%2Flocal%2FkakaomapPhoto%2Freview%2F93d56bafcdbba67af40199a72c88a545351d24ca%3Foriginal, \/\/img1.kakaocdn.net\/cthumb\/local\/C320x320.q50\/?fname=http%3A%2F%2Ft1.daumcdn.net%2Flocal%2FkakaomapPhoto%2Freview%2Ff28151be53abf309902fa431fdda7bf63037ae27%3Foriginal",
    "convenience":"편의시설 정보 없음",
    "caution":"포장가능",
    "is_deleted":false
  },
  {
    "id":"00-32",
    "name":"차이펑",
    "category_id":"중식",
    "score":5.0,
    "review":28,
    "address":"경기 성남시 분당구 판교로319번길 13",
    "operating_hour":"매일 15:00 ~ 17:00",
    "expanded_days":"월,화,수,목,금,토,일",
    "time_range":"15:00 ~ 17:00",
    "phone_number":215770000.0,
    "image_urls":"\/\/img1.kakaocdn.net\/cthumb\/local\/C640x640.q50\/?fname=http%3A%2F%2Ft1.daumcdn.net%2Fplace%2F5FEF576EFC544C2C8552DD34BB3119C4, \/\/img1.kakaocdn.net\/cthumb\/local\/C320x320.q50\/?fname=https%3A%2F%2Fpostfiles.pstatic.net%2FMjAyNDA4MDZfMjEz%2FMDAxNzIyOTMwNjY4NDQx.mhsX4A_cHsU2ILJUvqDB7JoGsyQblhLPBR98PBzPcLEg.AOOWVLXPz-sVt9nJc5Y-b6iDlqMlTj__vGVE0U3tCN4g.JPEG%2F20240703%25EF%25BC%25BF130126.jpg%3Ftype%3Dw580, \/\/img1.kakaocdn.net\/cthumb\/local\/C320x320.q50\/?fname=https%3A%2F%2Fpostfiles.pstatic.net%2FMjAyNDA4MDZfMTU0%2FMDAxNzIyOTMwNjY4MTQ1.u5Df_HRf2aymgMvW8FbyeQolr-IxqREBlURGD_pDGGQg.LJvfD2FpwcBueM6qk_oMMTQCcV_zP1ghfr-FoOGVbwAg.JPEG%2F20240703%25EF%25BC%25BF130039.jpg%3Ftype%3Dw580",
    "convenience":"주차",
    "caution":"유의사항 정보 없음",
    "is_deleted":false
  },
  {
    "id":"00-33",
    "name":"고수양꼬치",
    "category_id":"중식",
    "score":3.7,
    "review":81,
    "address":"경기 성남시 분당구 판교역로 145",
    "operating_hour":"매일 11:00 ~ 23:00",
    "expanded_days":"월,화,수,목,금,토,일",
    "time_range":"11:00 ~ 23:00",
    "phone_number":317074111.0,
    "image_urls":"\/\/img1.kakaocdn.net\/cthumb\/local\/C640x640.q50\/?fname=http%3A%2F%2Ft1.daumcdn.net%2Fplace%2F0E8375958B034C8F893338FF83CAECB6, \/\/img1.kakaocdn.net\/cthumb\/local\/C320x320.q50\/?fname=http%3A%2F%2Ft1.daumcdn.net%2Flocal%2FkakaomapPhoto%2Freview%2Fb3aa4ae94d98b0563e30ac5bed3b3fdb5ec61411%3Foriginal, \/\/img1.kakaocdn.net\/cthumb\/local\/C320x320.q50\/?fname=http%3A%2F%2Ft1.daumcdn.net%2Flocal%2FkakaomapPhoto%2Freview%2F37220ee474783916d3a577173400f0defd5062df%3Foriginal",
    "convenience":"편의시설 정보 없음",
    "caution":"유의사항 정보 없음",
    "is_deleted":false
  },
  {
    "id":"00-34",
    "name":"쌍팔반점 동판교점",
    "category_id":"중식",
    "score":4.4,
    "review":70,
    "address":"경기 성남시 분당구 대왕판교로606번길 58 1층 103호",
    "operating_hour":"월~토 10:30 ~ 22:00",
    "expanded_days":"월,화,수,목,금,토",
    "time_range":"10:30 ~ 22:00",
    "phone_number":317088189.0,
    "image_urls":"\/\/img1.kakaocdn.net\/cthumb\/local\/C640x640.q50\/?fname=http%3A%2F%2Ft1.kakaocdn.net%2Ffiy_reboot%2Fplace%2F332B1CB6374D42B6B5FCFEF1AA841D36, \/\/img1.kakaocdn.net\/cthumb\/local\/C320x320.q50\/?fname=http%3A%2F%2Ft1.daumcdn.net%2Flocal%2FkakaomapPhoto%2Freview%2F0f08ff5c9280eb6417c305c0241749175aefc6f6%3Foriginal, \/\/img1.kakaocdn.net\/cthumb\/local\/C320x320.q50\/?fname=http%3A%2F%2Ft1.daumcdn.net%2Flocal%2FkakaomapPhoto%2Freview%2Ff5286b67078cc1cdb07dab54cde1913e1121ac55%3Foriginal",
    "convenience":"편의시설 정보 없음",
    "caution":"유의사항 정보 없음",
    "is_deleted":false
  },
  {
    "id":"00-35",
    "name":"일미양꼬치 판교역점",
    "category_id":"중식",
    "score":4.3,
    "review":14,
    "address":"경기 성남시 분당구 대왕판교로606번길 31 1층 115~117호",
    "operating_hour":"매일 11:00 ~ 02:00",
    "expanded_days":"월,화,수,목,금,토,일",
    "time_range":"11:00 ~ 02:00",
    "phone_number":317118188.0,
    "image_urls":"\/\/img1.kakaocdn.net\/cthumb\/local\/C640x640.q50\/?fname=http%3A%2F%2Ft1.kakaocdn.net%2Ffiy_reboot%2Fplace%2F71E6388C13104DE3925D6350453A1A9A, \/\/img1.kakaocdn.net\/cthumb\/local\/C320x320.q50\/?fname=http%3A%2F%2Ft1.daumcdn.net%2Flocal%2FkakaomapPhoto%2Freview%2F2dc259db69259f57d2836e6296e2041db690e313384568b686b812342115685d, \/\/img1.kakaocdn.net\/cthumb\/local\/C320x320.q50\/?fname=http%3A%2F%2Ft1.daumcdn.net%2Fplace%2F5B5BC3562F70477E99B46CF0B00B1FE4",
    "convenience":"편의시설 정보 없음",
    "caution":"유의사항 정보 없음",
    "is_deleted":false
  },
  {
    "id":"00-36",
    "name":"다원",
    "category_id":"중식",
    "score":4.3,
    "review":3,
    "address":"경기 성남시 분당구 판교로 393 봇들마을2단지EG더원아파트 상가 1동 1층 B117호",
    "operating_hour":"매일 10:00 ~ 20:30",
    "expanded_days":"월,화,수,목,금,토,일",
    "time_range":"10:00 ~ 20:30",
    "phone_number":317060774.0,
    "image_urls":"이미지 정보 없음",
    "convenience":"편의시설 정보 없음",
    "caution":"유의사항 정보 없음",
    "is_deleted":false
  },
  {
    "id":"00-37",
    "name":"오한수우육면가 판교점",
    "category_id":"중식",
    "score":4.1,
    "review":76,
    "address":"경기 성남시 분당구 판교역로 231 에이치스퀘어 S동 지하1층",
    "operating_hour":"월~금 15:30 ~ 16:30",
    "expanded_days":"월,화,수,목,금",
    "time_range":"15:30 ~ 16:30",
    "phone_number":317893505.0,
    "image_urls":"\/\/img1.kakaocdn.net\/cthumb\/local\/C640x640.q50\/?fname=http%3A%2F%2Ft1.kakaocdn.net%2Ffiy_reboot%2Fplace%2F50184352AA1C4244838DE2A46D3C810C, \/\/img1.kakaocdn.net\/cthumb\/local\/C320x320.q50\/?fname=http%3A%2F%2Ft1.daumcdn.net%2Flocal%2FkakaomapPhoto%2Freview%2F38639bea2f876d780af5d91c076ded1923c099f5%3Foriginal, \/\/img1.kakaocdn.net\/cthumb\/local\/C320x320.q50\/?fname=http%3A%2F%2Ft1.daumcdn.net%2Flocal%2FkakaomapPhoto%2Freview%2F80f052f92e9e064a9a6342cb4e906b4a151d9904%3Foriginal",
    "convenience":"WIFI\n동물출입\n주차\n휠체어사용\n놀이방\n흡연실",
    "caution":"예약불가, 배달불가, 포장가능",
    "is_deleted":false
  },
  {
    "id":"00-38",
    "name":"양하오양꼬치",
    "category_id":"중식",
    "score":3.4,
    "review":10,
    "address":"경기 성남시 분당구 판교공원로2길 52 1층",
    "operating_hour":"월~토 11:00 ~ 23:00",
    "expanded_days":"월,화,수,목,금,토",
    "time_range":"11:00 ~ 23:00",
    "phone_number":3180163339.0,
    "image_urls":"\/\/img1.kakaocdn.net\/cthumb\/local\/C640x640.q50\/?fname=http%3A%2F%2Ft1.daumcdn.net%2Fplace%2FB43A4D6FFEBF4A0387D3F91AFBFF252B, \/\/img1.kakaocdn.net\/cthumb\/local\/C320x320.q50\/?fname=http%3A%2F%2Ft1.daumcdn.net%2Flocal%2FkakaomapPhoto%2Freview%2F4debe49f5e33c7721364011c5ee8f92ff7554879%3Foriginal, \/\/img1.kakaocdn.net\/cthumb\/local\/C320x320.q50\/?fname=http%3A%2F%2Ft1.daumcdn.net%2Flocal%2FkakaomapPhoto%2Freview%2F873f242015f2830094aff315fb1d9319baa31d3d%3Foriginal",
    "convenience":"주차",
    "caution":"예약가능",
    "is_deleted":false
  },
  {
    "id":"00-39",
    "name":"보배반점 판교점",
    "category_id":"중식",
    "score":2.3,
    "review":29,
    "address":"경기 성남시 분당구 판교역로 240 삼환하이펙스 A동 1층 128호",
    "operating_hour":"매일 11:00 ~ 22:00",
    "expanded_days":"월,화,수,목,금,토,일",
    "time_range":"11:00 ~ 22:00",
    "phone_number":316970616.0,
    "image_urls":"\/\/img1.kakaocdn.net\/cthumb\/local\/C640x640.q50\/?fname=http%3A%2F%2Ft1.kakaocdn.net%2Ffiy_reboot%2Fplace%2F1505052D65B947618252B781A7566D63, \/\/img1.kakaocdn.net\/cthumb\/local\/C320x320.q50\/?fname=http%3A%2F%2Ft1.daumcdn.net%2Flocal%2FkakaomapPhoto%2Freview%2F45496de9524b57440ea93a3c882b9ad8375016bd%3Foriginal, \/\/img1.kakaocdn.net\/cthumb\/local\/C320x320.q50\/?fname=http%3A%2F%2Ft1.daumcdn.net%2Flocal%2FkakaomapPhoto%2Freview%2Fe024ef9ea5747b6db1b889820fa731f8ea611f39%3Foriginal",
    "convenience":"편의시설 정보 없음",
    "caution":"유의사항 정보 없음",
    "is_deleted":false
  },
  {
    "id":"00-40",
    "name":"락앤웍 테크노밸리점",
    "category_id":"중식",
    "score":2.6,
    "review":13,
    "address":"경기 성남시 분당구 판교역로 231 H스퀘어 S동 지하1층",
    "operating_hour":"월~금 14:30 ~ 17:00",
    "expanded_days":"월,화,수,목,금",
    "time_range":"14:30 ~ 17:00",
    "phone_number":3180184444.0,
    "image_urls":"\/\/img1.kakaocdn.net\/cthumb\/local\/C640x640.q50\/?fname=http%3A%2F%2Ft1.daumcdn.net%2Fplace%2FC9ECCE0117E646B2A494B7B29E697CBB, \/\/img1.kakaocdn.net\/cthumb\/local\/C320x320.q50\/?fname=http%3A%2F%2Ft1.daumcdn.net%2Flocal%2FkakaomapPhoto%2Freview%2F45da4d850c12e08376d22652d335c8197c8a04d1%3Foriginal, \/\/img1.kakaocdn.net\/cthumb\/local\/C320x320.q50\/?fname=https%3A%2F%2Ft1.daumcdn.net%2Flocal%2Freview_placeapp%2FbtqcPMCIZym_8MbXCZFUImCPxhmys1YPD1_img.jpg",
    "convenience":"편의시설 정보 없음",
    "caution":"유의사항 정보 없음",
    "is_deleted":false
  },
  {
    "id":"00-41",
    "name":"라홍방마라탕 서판교운중점",
    "category_id":"중식",
    "score":5.0,
    "review":45,
    "address":"경기 성남시 분당구 운중로 124 204호",
    "operating_hour":"매일 11:00 ~ 22:00",
    "expanded_days":"월,화,수,목,금,토,일",
    "time_range":"11:00 ~ 22:00",
    "phone_number":317037779.0,
    "image_urls":"\/\/img1.kakaocdn.net\/cthumb\/local\/C640x640.q50\/?fname=http%3A%2F%2Ft1.daumcdn.net%2Flocal%2FkakaomapPhoto%2Freview%2F1b49af36db06286405fd4d45b06c4b0284246cb3%3Foriginal, \/\/img1.kakaocdn.net\/cthumb\/local\/C320x320.q50\/?fname=http%3A%2F%2Ft1.kakaocdn.net%2Ffiy_reboot%2Fplace%2FB1074E9862344F0E856413C3777DC469, \/\/img1.kakaocdn.net\/cthumb\/local\/C320x320.q50\/?fname=http%3A%2F%2Ft1.daumcdn.net%2Flocal%2FkakaomapPhoto%2Freview%2Fc3231f0064b6f08199e98869977c82d3d99cb7c0%3Foriginal",
    "convenience":"편의시설 정보 없음",
    "caution":"유의사항 정보 없음",
    "is_deleted":false
  },
  {
    "id":"00-42",
    "name":"미메이라",
    "category_id":"중식",
    "score":3.1,
    "review":14,
    "address":"경기 성남시 분당구 대왕판교로 660 유스페이스1 지하1층 120호",
    "operating_hour":null,
    "expanded_days":null,
    "time_range":null,
    "phone_number":null,
    "image_urls":"이미지 정보 없음",
    "convenience":"편의시설 정보 없음",
    "caution":"유의사항 정보 없음",
    "is_deleted":false
  },
  {
    "id":"00-43",
    "name":"마라장룡 삼평점",
    "category_id":"중식",
    "score":4.4,
    "review":13,
    "address":"경기 성남시 분당구 삼평동 718 봇들마을4단지아파트 2층 202호",
    "operating_hour":"매일 11:30 ~ 22:30",
    "expanded_days":"월,화,수,목,금,토,일",
    "time_range":"11:30 ~ 22:30",
    "phone_number":317078910.0,
    "image_urls":"\/\/img1.kakaocdn.net\/cthumb\/local\/C640x640.q50\/?fname=http%3A%2F%2Ft1.daumcdn.net%2Fplace%2F68BDE5CEFA1D45E7889ABEE0A0B96799, \/\/img1.kakaocdn.net\/cthumb\/local\/C320x320.q50\/?fname=http%3A%2F%2Ft1.daumcdn.net%2Flocal%2FkakaomapPhoto%2Freview%2F08c6058e2bc11e14a9c749b3d803e2aa95f097f5%3Foriginal, \/\/img1.kakaocdn.net\/cthumb\/local\/C320x320.q50\/?fname=http%3A%2F%2Ft1.daumcdn.net%2Flocal%2FkakaomapPhoto%2Freview%2Ffca4b75b7c45653bb31cfa444dcdf4c875903786%3Foriginal",
    "convenience":"주차",
    "caution":"유의사항 정보 없음",
    "is_deleted":false
  },
  {
    "id":"00-44",
    "name":"마라장룡 마라샹궈마라탕",
    "category_id":"중식",
    "score":3.8,
    "review":7,
    "address":"경기 성남시 분당구 운중로125번길 4-9",
    "operating_hour":"매일 11:00 ~ 23:30",
    "expanded_days":"월,화,수,목,금,토,일",
    "time_range":"11:00 ~ 23:30",
    "phone_number":null,
    "image_urls":"\/\/img1.kakaocdn.net\/cthumb\/local\/C640x640.q50\/?fname=http%3A%2F%2Ft1.daumcdn.net%2Fplace%2F5D08F45198044055A45A001157D23469, \/\/img1.kakaocdn.net\/cthumb\/local\/C320x320.q50\/?fname=http%3A%2F%2Ft1.daumcdn.net%2Fplace%2FA1F448D793E545D99D55EEEEFE59B7A2, \/\/img1.kakaocdn.net\/cthumb\/local\/C320x320.q50\/?fname=http%3A%2F%2Ft1.daumcdn.net%2Fplace%2F9F9CC206FC1747F0929247EFE33F7B62",
    "convenience":"편의시설 정보 없음",
    "caution":"유의사항 정보 없음",
    "is_deleted":false
  },
  {
    "id":"00-45",
    "name":"마부마라탕 판교점",
    "category_id":"중식",
    "score":2.8,
    "review":0,
    "address":"경기 성남시 분당구 대왕판교로 670 유스페이스2 2층 214호",
    "operating_hour":"월~토 10:30 ~ 23:00",
    "expanded_days":"월,화,수,목,금,토",
    "time_range":"10:30 ~ 23:00",
    "phone_number":317398988.0,
    "image_urls":"\/\/img1.kakaocdn.net\/cthumb\/local\/C640x640.q50\/?fname=http%3A%2F%2Ft1.daumcdn.net%2Flocal%2FkakaomapPhoto%2Freview%2Fc1a8351932910895e376fc3434f922606937ab71%3Foriginal, \/\/img1.kakaocdn.net\/cthumb\/local\/C320x320.q50\/?fname=http%3A%2F%2Ft1.daumcdn.net%2Flocal%2FkakaomapPhoto%2Freview%2Fc1a8351932910895e376fc3434f922606937ab71%3Foriginal, \/\/img1.kakaocdn.net\/cthumb\/local\/C320x320.q50\/?fname=http%3A%2F%2Ft1.daumcdn.net%2Flocal%2FkakaomapPhoto%2Freview%2Fce3455aa3a1f836c53e8312cdbc1e5bda3198940%3Foriginal",
    "convenience":"편의시설 정보 없음",
    "caution":"예약가능",
    "is_deleted":false
  },
  {
    "id":"00-46",
    "name":"호우섬 현대백화점 판교점",
    "category_id":"중식",
    "score":2.8,
    "review":440,
    "address":"경기 성남시 분당구 판교역로146번길 20 9층",
    "operating_hour":"매일 10:30 ~ 22:00",
    "expanded_days":"월,화,수,목,금,토,일",
    "time_range":"10:30 ~ 22:00",
    "phone_number":3151701963.0,
    "image_urls":"\/\/img1.kakaocdn.net\/cthumb\/local\/C640x640.q50\/?fname=http%3A%2F%2Ft1.kakaocdn.net%2Ffiy_reboot%2Fplace%2F0FA5D508A02E46398C25F3B98B6AF829, \/\/img1.kakaocdn.net\/cthumb\/local\/C320x320.q50\/?fname=http%3A%2F%2Ft1.kakaocdn.net%2Ffiy_reboot%2Fplace%2FFB4B88FE9474496BB9CB255F085CC3D8, \/\/img1.kakaocdn.net\/cthumb\/local\/C320x320.q50\/?fname=http%3A%2F%2Ft1.daumcdn.net%2Flocal%2FkakaomapPhoto%2Freview%2F78881e854a86b927e60e8e58b34c6833b5769f60%3Foriginal",
    "convenience":"주차",
    "caution":"예약가능",
    "is_deleted":false
  },
  {
    "id":"00-47",
    "name":"중경별곡",
    "category_id":"중식",
    "score":2.0,
    "review":1,
    "address":"경기 성남시 분당구 대왕판교로 670 유스페이스 2층 222호",
    "operating_hour":null,
    "expanded_days":null,
    "time_range":null,
    "phone_number":317398988.0,
    "image_urls":"\/\/img1.kakaocdn.net\/cthumb\/local\/C640x640.q50\/?fname=http%3A%2F%2Ft1.daumcdn.net%2Fplace%2F73B09259CEAC43F5AD267C0CEC115E54, \/\/img1.kakaocdn.net\/cthumb\/local\/C320x320.q50\/?fname=https%3A%2F%2Fpostfiles.pstatic.net%2FMjAyMjEwMjJfMjg2%2FMDAxNjY2MzY4NjE1MjQ1.041WpRzaNAOcLfqYXJ7h7W6KRGapt9KYUd-FUzxZqVQg.pYTGL7indbajz0cndLps2UTrOFDwZnU86KBkQzTFE0kg.JPEG.dj_mok%2F20221017%25EF%25BC%25BF203302.jpg%3Ftype%3Dw773, \/\/img1.kakaocdn.net\/cthumb\/local\/C320x320.q50\/?fname=https%3A%2F%2Fpostfiles.pstatic.net%2FMjAyMjEwMjJfMjYz%2FMDAxNjY2MzY4NjE0ODU4.H_mI4u8CPTebB5sCmiKcGtvGDYM7JU6W0aBW_0wDubMg.XD8LZzEvrTvERQUZ6q_M8-CT3dFh_IfoVRvKORTPHe8g.JPEG.dj_mok%2F20221017%25EF%25BC%25BF195843.jpg%3Ftype%3Dw773",
    "convenience":"편의시설 정보 없음",
    "caution":"유의사항 정보 없음",
    "is_deleted":false
  },
  {
    "id":"00-48",
    "name":"신라마라탕",
    "category_id":"중식",
    "score":3.7,
    "review":8,
    "address":"경기 성남시 분당구 판교역로 231 H스퀘어 S동 지하1층",
    "operating_hour":"매일 10:00 ~ 21:00",
    "expanded_days":"월,화,수,목,금,토,일",
    "time_range":"10:00 ~ 21:00",
    "phone_number":317893688.0,
    "image_urls":"\/\/img1.kakaocdn.net\/cthumb\/local\/C640x640.q50\/?fname=http%3A%2F%2Ft1.kakaocdn.net%2Ffiy_reboot%2Fplace%2F7198750A769941E0945D372BAD31B398, \/\/img1.kakaocdn.net\/cthumb\/local\/C320x320.q50\/?fname=http%3A%2F%2Ft1.daumcdn.net%2Flocal%2FkakaomapPhoto%2Freview%2Facd62c7ff83444aaa29320551b9ec8b647717d6d%3Foriginal, \/\/img1.kakaocdn.net\/cthumb\/local\/C320x320.q50\/?fname=http%3A%2F%2Ft1.daumcdn.net%2Fplace%2F8F9E33452F674975B2477B0BAF336439",
    "convenience":"편의시설 정보 없음",
    "caution":"유의사항 정보 없음",
    "is_deleted":false
  },
  {
    "id":"00-49",
    "name":"제프리웍",
    "category_id":"중식",
    "score":null,
    "review":12,
    "address":"경기 성남시 분당구 판교역로 231 에이치스퀘어 에스동 1층 125호",
    "operating_hour":"매일 11:00 ~ 21:00",
    "expanded_days":"월,화,수,목,금,토,일",
    "time_range":"11:00 ~ 21:00",
    "phone_number":null,
    "image_urls":"\/\/img1.kakaocdn.net\/cthumb\/local\/C640x640.q50\/?fname=http%3A%2F%2Ft1.daumcdn.net%2Fplace%2FB11839382F914D3CA90B57537DC3DB88, \/\/img1.kakaocdn.net\/cthumb\/local\/C320x320.q50\/?fname=http%3A%2F%2Ft1.daumcdn.net%2Flocal%2FkakaomapPhoto%2Freview%2F00071e78fabcd8fe876804f07dea4a5b43c22d84%3Foriginal, \/\/img1.kakaocdn.net\/cthumb\/local\/C320x320.q50\/?fname=http%3A%2F%2Ft1.daumcdn.net%2Flocal%2FkakaomapPhoto%2Freview%2F3613aa61cd0fb22f6495f2d658ade7e9d0b1d3ef%3Foriginal",
    "convenience":"편의시설 정보 없음",
    "caution":"유의사항 정보 없음",
    "is_deleted":false
  },
  {
    "id":"00-50",
    "name":"마라장룡 운중점",
    "category_id":"중식",
    "score":0.0,
    "review":3,
    "address":"경기 성남시 분당구 운중로125번길 4-9",
    "operating_hour":"매일 11:00 ~ 23:30",
    "expanded_days":"월,화,수,목,금,토,일",
    "time_range":"11:00 ~ 23:30",
    "phone_number":50720869742.0,
    "image_urls":"\/\/img1.kakaocdn.net\/cthumb\/local\/C640x640.q50\/?fname=http%3A%2F%2Ft1.daumcdn.net%2Fplace%2F2CFEC152E89A4D5EB43A563F285B14E4, \/\/img1.kakaocdn.net\/cthumb\/local\/C320x320.q50\/?fname=http%3A%2F%2Ft1.daumcdn.net%2Fplace%2FD17346610C7844D386AB965CBED72DB9, \/\/img1.kakaocdn.net\/cthumb\/local\/C320x320.q50\/?fname=http%3A%2F%2Ft1.daumcdn.net%2Fplace%2FEBCDAF43E3484016A0017B7D8C48AA08",
    "convenience":"편의시설 정보 없음",
    "caution":"유의사항 정보 없음",
    "is_deleted":false
  },
  {
    "id":"00-51",
    "name":"리치앤",
    "category_id":"중식",
    "score":4.0,
    "review":20,
    "address":"경기 성남시 분당구 판교역로 231 H스퀘어 S동 1층 122호",
    "operating_hour":"월~금 15:00 ~ 17:00",
    "expanded_days":"월,화,수,목,금",
    "time_range":"15:00 ~ 17:00",
    "phone_number":null,
    "image_urls":"\/\/img1.kakaocdn.net\/cthumb\/local\/C640x640.q50\/?fname=http%3A%2F%2Ft1.kakaocdn.net%2Ffiy_reboot%2Fplace%2F31BA8A5D610848FFB620BFA70ABFEB5C, \/\/img1.kakaocdn.net\/cthumb\/local\/C640x320.q50\/?fname=https%3A%2F%2Fpostfiles.pstatic.net%2FMjAyNDAzMjVfMTY1%2FMDAxNzExMzY1OTE3MTM1.Ez5Cz3mz87lOrs0E-mDWh0wDtjMsYqrSfLfcbnyQs9sg.Z377UF3E2ZLEJ3LDMHFDDeqFfVWDdukcGvTCQz207zog.JPEG%2F20240324_204847.jpg%3Ftype%3Dw773, \/\/img1.kakaocdn.net\/cthumb\/local\/C640x320.q50\/?fname=https%3A%2F%2Fpostfiles.pstatic.net%2FMjAyNDAzMjVfMjc0%2FMDAxNzExMzY1OTE3MTM2.Ml0dyjHzCiYKPoYR63ZX8viIQD8f2reihbrtXjNPYPIg.cg7PnG6HeXEQglVeWkgq4P4WXDKfk-TiiD_Q7UAxUfsg.JPEG%2F20240324_204718.jpg%3Ftype%3Dw773",
    "convenience":"편의시설 정보 없음",
    "caution":"유의사항 정보 없음",
    "is_deleted":false
  },
  {
    "id":"00-52",
    "name":"딩딤1968 현대백화점판교점",
    "category_id":"중식",
    "score":3.0,
    "review":42,
    "address":"경기 성남시 분당구 판교역로146번길 20 지하1층",
    "operating_hour":"월~목 10:30 ~ 20:00",
    "expanded_days":"월,화,수,목",
    "time_range":"10:30 ~ 20:00",
    "phone_number":3151702027.0,
    "image_urls":"\/\/img1.kakaocdn.net\/cthumb\/local\/C640x640.q50\/?fname=http%3A%2F%2Ft1.kakaocdn.net%2Ffiy_reboot%2Fplace%2F48B1C7E9E72A4841A65917E3CB0ABC87, \/\/img1.kakaocdn.net\/cthumb\/local\/C320x320.q50\/?fname=http%3A%2F%2Ft1.daumcdn.net%2Flocal%2FkakaomapPhoto%2Freview%2F812cb3fd684d6cfcbd33bb73814035694c45f323%3Foriginal, \/\/img1.kakaocdn.net\/cthumb\/local\/C320x320.q50\/?fname=http%3A%2F%2Ft1.daumcdn.net%2Flocal%2FkakaomapPhoto%2Freview%2F0596a6e142266455c7ec5ae6a4627599f71c071d%3Foriginal",
    "convenience":"편의시설 정보 없음",
    "caution":"유의사항 정보 없음",
    "is_deleted":false
  },
  {
    "id":"00-53",
    "name":"왕푸징마라탕 현대백화점 판교점",
    "category_id":"중식",
    "score":3.2,
    "review":10,
    "address":"경기 성남시 분당구 판교역로146번길 20 현대백화점 판교점 지하1층",
    "operating_hour":"월~금 10:30 ~ 20:00",
    "expanded_days":"월,화,수,목,금",
    "time_range":"10:30 ~ 20:00",
    "phone_number":3151701000.0,
    "image_urls":"\/\/img1.kakaocdn.net\/cthumb\/local\/C640x640.q50\/?fname=http%3A%2F%2Ft1.daumcdn.net%2Fplace%2F95229FFD8E80468FA66463CBE250D936, \/\/img1.kakaocdn.net\/cthumb\/local\/C320x320.q50\/?fname=http%3A%2F%2Ft1.daumcdn.net%2Flocal%2FkakaomapPhoto%2Freview%2F674eeca9bf46e5738a9d44cea311322484697c29%3Foriginal, \/\/img1.kakaocdn.net\/cthumb\/local\/C320x320.q50\/?fname=http%3A%2F%2Ft1.daumcdn.net%2Flocal%2FkakaomapPhoto%2Freview%2F43c3c02409864234636070b3bdd99ded6816cb69%3Foriginal",
    "convenience":"주차",
    "caution":"유의사항 정보 없음",
    "is_deleted":false
  },
  {
    "id":"00-54",
    "name":"중경별곡마라탕상궈",
    "category_id":"중식",
    "score":2.5,
    "review":11,
    "address":"경기 성남시 분당구 대왕판교로 670",
    "operating_hour":null,
    "expanded_days":null,
    "time_range":null,
    "phone_number":317398988.0,
    "image_urls":"\/\/img1.kakaocdn.net\/cthumb\/local\/C640x640.q50\/?fname=http%3A%2F%2Ft1.daumcdn.net%2Fplace%2F94CF3DCB654D458CA267CFD997E58BA9, \/\/img1.kakaocdn.net\/cthumb\/local\/C320x320.q50\/?fname=https%3A%2F%2Fpostfiles.pstatic.net%2FMjAyNDAxMzFfMjUz%2FMDAxNzA2NjU3MDkyOTc0.-p0RvQxfw6lNTw4wPMgcA3kYdKmwJdcjHYtLG0IoKiYg.eqHHDBTsAcSzwFpCYL1yiVziLXQ-Qq3pkMLw6bvaWeUg.JPEG.koala1005%2FSE-CFF41E3D-F720-4F8E-8E82-559249825278.jpg%3Ftype%3Dw773, \/\/img1.kakaocdn.net\/cthumb\/local\/C320x320.q50\/?fname=https%3A%2F%2Fpostfiles.pstatic.net%2FMjAyMzExMjlfODkg%2FMDAxNzAxMjIxNjI0NjA4.yIAsA1bKok_hTV-GWktPsCJ4Rsf8fCl3AW-sjj2ULs8g.FygwVNQ90t2RPDTxEMGcjie_rdfkUR7Opg0xDLjY018g.JPEG.ya91yul%2FIMG_0256.JPG%3Ftype%3Dw773",
    "convenience":"편의시설 정보 없음",
    "caution":"유의사항 정보 없음",
    "is_deleted":false
  },
  {
    "id":"00-55",
    "name":"진차이객잔",
    "category_id":"중식",
    "score":2.4,
    "review":1,
    "address":"경기 성남시 분당구 대왕판교로 660 유스페이스몰1 지하1층 B128-4호",
    "operating_hour":"월,화,목 10:30 ~ 20:30",
    "expanded_days":"월,화,목",
    "time_range":"10:30 ~ 20:30",
    "phone_number":316281960.0,
    "image_urls":"\/\/img1.kakaocdn.net\/cthumb\/local\/C640x640.q50\/?fname=http%3A%2F%2Ft1.daumcdn.net%2Flocal%2FkakaomapPhoto%2Freview%2F864f048aed612fb61b320ebfe5efe02526ee0349%3Foriginal, \/\/img1.kakaocdn.net\/cthumb\/local\/C320x320.q50\/?fname=http%3A%2F%2Ft1.daumcdn.net%2Flocal%2FkakaomapPhoto%2Freview%2F15a62fd600e179150b566ff49b706f17db9ac0cd%3Foriginal, \/\/img1.kakaocdn.net\/cthumb\/local\/C320x320.q50\/?fname=http%3A%2F%2Ft1.daumcdn.net%2Flocal%2FkakaomapPhoto%2Freview%2F747f9c2feefee4d91f440bd78c22a8ac3c07502a%3Foriginal",
    "convenience":"편의시설 정보 없음",
    "caution":"유의사항 정보 없음",
    "is_deleted":false
  },
  {
    "id":"00-56",
    "name":"마라환 판교점",
    "category_id":"중식",
    "score":0.0,
    "review":0,
    "address":"경기 성남시 분당구 판교공원로3길 9",
    "operating_hour":"매일 11:00 ~ 22:00",
    "expanded_days":"월,화,수,목,금,토,일",
    "time_range":"11:00 ~ 22:00",
    "phone_number":5078977718.0,
    "image_urls":"\/\/img1.kakaocdn.net\/cthumb\/local\/C640x640.q50\/?fname=http%3A%2F%2Ft1.daumcdn.net%2Fplace%2F5BD292B875EF4D968AB7A43C6AAB5B56, \/\/img1.kakaocdn.net\/cthumb\/local\/C320x320.q50\/?fname=http%3A%2F%2Ft1.daumcdn.net%2Fplace%2FF1CEA88F92B6495FABBE5D4324288D74, \/\/img1.kakaocdn.net\/cthumb\/local\/C320x320.q50\/?fname=http%3A%2F%2Ft1.daumcdn.net%2Fplace%2FBF128513DBD24236AE196664B9673461",
    "convenience":"편의시설 정보 없음",
    "caution":"유의사항 정보 없음",
    "is_deleted":false
  },
  {
    "id":"00-57",
    "name":"마라장룡 마라상궈마라탕",
    "category_id":"중식",
    "score":0.0,
    "review":1,
    "address":"경기 성남시 분당구 대왕판교로 660",
    "operating_hour":null,
    "expanded_days":null,
    "time_range":null,
    "phone_number":null,
    "image_urls":"\/\/img1.kakaocdn.net\/cthumb\/local\/C640x640.q50\/?fname=https%3A%2F%2Fpostfiles.pstatic.net%2FMjAyMjA1MTVfMTE1%2FMDAxNjUyNTkzNTE0MTE4.mx9j6JGaUenliBaT5uKVqHCpdorkh3_vEn75YpdylPkg.zCMpzorOsDkBBumYEu5riHAlfHAHbIxYOYz6yxO4y9kg.JPEG.123sysy%2FKakaoTalk_20220515_143154248_10.jpg%3Ftype%3Dw580, \/\/img1.kakaocdn.net\/cthumb\/local\/C320x320.q50\/?fname=https%3A%2F%2Fpostfiles.pstatic.net%2FMjAyMjA1MTVfNjgg%2FMDAxNjUyNTkzNTA2Nzk1.Y6CTBSkRYmtYbECK-N9bHun6JEWSfsrUt7jiCmheQpwg.H7Qli-ebgUZW0d9fYsgoq3jUtJ8-vGf-e5cDP9Ufc8Yg.JPEG.123sysy%2FKakaoTalk_20220515_143154248_09.jpg%3Ftype%3Dw580, \/\/img1.kakaocdn.net\/cthumb\/local\/C320x320.q50\/?fname=https%3A%2F%2Fpostfiles.pstatic.net%2FMjAyMjA1MTVfMTEy%2FMDAxNjUyNTkyOTAyNDg2.-beFYOEcqpYLnTkeZVf06-TVJi1FcMqlyx8nh0D_4Scg.ylR1-0HKdC030eo_stu4VEydOWzLTXjdzocq191RDjog.JPEG.123sysy%2FKakaoTalk_20220515_143154248_01.jpg%3Ftype%3Dw580",
    "convenience":"편의시설 정보 없음",
    "caution":"유의사항 정보 없음",
    "is_deleted":false
  },
  {
    "id":"00-58",
    "name":"메이루",
    "category_id":"중식",
    "score":1.0,
    "review":0,
    "address":"경기 성남시 분당구 판교역로146번길 20 현대백화점 판교복합몰 지하1층",
    "operating_hour":null,
    "expanded_days":null,
    "time_range":null,
    "phone_number":null,
    "image_urls":"이미지 정보 없음",
    "convenience":"편의시설 정보 없음",
    "caution":"유의사항 정보 없음",
    "is_deleted":false
  },
  {
    "id":"00-59",
    "name":"비스트로청",
    "category_id":"중식",
    "score":0.0,
    "review":0,
    "address":"경기 성남시 분당구 대왕판교로 670 유스페이스 2201호",
    "operating_hour":null,
    "expanded_days":null,
    "time_range":null,
    "phone_number":null,
    "image_urls":"이미지 정보 없음",
    "convenience":"주차",
    "caution":"유의사항 정보 없음",
    "is_deleted":false
  }
]