[
    {
        "restaurant_id": "05-01",
        "menu_id": 1,
        "menu_name": "곰새우찜 & 곰새우라면",
        "price": 40000,
        "is_deleted": false,
        "is_active": true
    },
    {
        "restaurant_id": "05-01",
        "menu_id": 2,
        "menu_name": "제주딱새우사시미 & 머리튀김",
        "price": 38000,
        "is_deleted": false,
        "is_active": true
    },
    {
        "restaurant_id": "05-01",
        "menu_id": 3,
        "menu_name": "생연어사시미 & 특제샐러드",
        "price": 24000,
        "is_deleted": false,
        "is_active": true
    },
    {
        "restaurant_id": "05-01",
        "menu_id": 4,
        "menu_name": "눈꽃살타다끼",
        "price": 25000,
        "is_deleted": false,
        "is_active": true
    },
    {
        "restaurant_id": "05-01",
        "menu_id": 5,
        "menu_name": "특제메로구이",
        "price": 30000,
        "is_deleted": false,
        "is_active": true
    },
    {
        "restaurant_id": "05-02",
        "menu_id": 6,
        "menu_name": "모듬 사시미",
        "price": 60000,
        "is_deleted": false,
        "is_active": true
    },
    {
        "restaurant_id": "05-02",
        "menu_id": 7,
        "menu_name": "문어 숙회",
        "price": 29000,
        "is_deleted": false,
        "is_active": true
    },
    {
        "restaurant_id": "05-02",
        "menu_id": 8,
        "menu_name": "참치 타다끼",
        "price": 23000,
        "is_deleted": false,
        "is_active": true
    },
    {
        "restaurant_id": "05-02",
        "menu_id": 9,
        "menu_name": "새우 덴뿌라",
        "price": 22000,
        "is_deleted": false,
        "is_active": true
    },
    {
        "restaurant_id": "05-02",
        "menu_id": 10,
        "menu_name": "카레 고로케",
        "price": 12000,
        "is_deleted": false,
        "is_active": true
    },
    {
        "restaurant_id": "05-03",
        "menu_id": 11,
        "menu_name": "닭꼬치 6종모듬",
        "price": 22000,
        "is_deleted": false,
        "is_active": true
    },
    {
        "restaurant_id": "05-03",
        "menu_id": 12,
        "menu_name": "삼겹살이 5종",
        "price": 22000,
        "is_deleted": false,
        "is_active": true
    },
    {
        "restaurant_id": "05-03",
        "menu_id": 13,
        "menu_name": "버섯삼겹 5종",
        "price": 22000,
        "is_deleted": false,
        "is_active": true
    },
    {
        "restaurant_id": "05-03",
        "menu_id": 14,
        "menu_name": "가슴살 5종모듬",
        "price": 22000,
        "is_deleted": false,
        "is_active": true
    },
    {
        "restaurant_id": "05-03",
        "menu_id": 15,
        "menu_name": "꽈리고추삼겹말이",
        "price": 4000,
        "is_deleted": false,
        "is_active": true
    },
    {
        "restaurant_id": "05-03",
        "menu_id": 16,
        "menu_name": "팽이삼겹말이",
        "price": 4000,
        "is_deleted": false,
        "is_active": true
    },
    {
        "restaurant_id": "05-05",
        "menu_id": 17,
        "menu_name": "숙성회모듬",
        "price": 54000,
        "is_deleted": false,
        "is_active": true
    },
    {
        "restaurant_id": "05-05",
        "menu_id": 18,
        "menu_name": "숙성광어회",
        "price": 35000,
        "is_deleted": false,
        "is_active": true
    },
    {
        "restaurant_id": "05-05",
        "menu_id": 19,
        "menu_name": "추천꼬치 7종",
        "price": 28000,
        "is_deleted": false,
        "is_active": true
    },
    {
        "restaurant_id": "05-05",
        "menu_id": 20,
        "menu_name": "민물장어 볏짚구이",
        "price": 30000,
        "is_deleted": false,
        "is_active": true
    },
    {
        "restaurant_id": "05-05",
        "menu_id": 21,
        "menu_name": "나가사키짬뽕",
        "price": 26000,
        "is_deleted": false,
        "is_active": true
    },
    {
        "restaurant_id": "05-05",
        "menu_id": 22,
        "menu_name": "스키야끼",
        "price": 32000,
        "is_deleted": false,
        "is_active": true
    },
    {
        "restaurant_id": "05-05",
        "menu_id": 23,
        "menu_name": "차돌박이 숙주볶음",
        "price": 22000,
        "is_deleted": false,
        "is_active": true
    },
    {
        "restaurant_id": "05-05",
        "menu_id": 24,
        "menu_name": "와사비크림새우",
        "price": 22000,
        "is_deleted": false,
        "is_active": true
    },
    {
        "restaurant_id": "05-05",
        "menu_id": 25,
        "menu_name": "명란오일파스타",
        "price": 22000,
        "is_deleted": false,
        "is_active": true
    },
    {
        "restaurant_id": "05-05",
        "menu_id": 26,
        "menu_name": "새우먹물파스타",
        "price": 24000,
        "is_deleted": false,
        "is_active": true
    },
    {
        "restaurant_id": "05-05",
        "menu_id": 27,
        "menu_name": "우니크림파스타",
        "price": 32000,
        "is_deleted": false,
        "is_active": true
    },
    {
        "restaurant_id": "05-05",
        "menu_id": 28,
        "menu_name": "전복내장파스타",
        "price": 30000,
        "is_deleted": false,
        "is_active": true
    },
    {
        "restaurant_id": "05-05",
        "menu_id": 29,
        "menu_name": "소고기 가라아게",
        "price": 28000,
        "is_deleted": false,
        "is_active": true
    },
    {
        "restaurant_id": "05-05",
        "menu_id": 30,
        "menu_name": "왕새우튀김",
        "price": 26000,
        "is_deleted": false,
        "is_active": true
    },
    {
        "restaurant_id": "05-05",
        "menu_id": 31,
        "menu_name": "치킨난반",
        "price": 26000,
        "is_deleted": false,
        "is_active": true
    },
    {
        "restaurant_id": "05-05",
        "menu_id": 32,
        "menu_name": "치킨가라아게",
        "price": 23000,
        "is_deleted": false,
        "is_active": true
    },
    {
        "restaurant_id": "05-05",
        "menu_id": 33,
        "menu_name": "문어가라아게",
        "price": 23000,
        "is_deleted": false,
        "is_active": true
    },
    {
        "restaurant_id": "05-05",
        "menu_id": 34,
        "menu_name": "표고버섯 새우튀김",
        "price": 25000,
        "is_deleted": false,
        "is_active": true
    },
    {
        "restaurant_id": "05-05",
        "menu_id": 35,
        "menu_name": "모츠나베",
        "price": 32000,
        "is_deleted": false,
        "is_active": true
    },
    {
        "restaurant_id": "05-05",
        "menu_id": 36,
        "menu_name": "꽃게탕",
        "price": 32000,
        "is_deleted": false,
        "is_active": true
    },
    {
        "restaurant_id": "05-05",
        "menu_id": 37,
        "menu_name": "스지오뎅탕",
        "price": 25000,
        "is_deleted": false,
        "is_active": true
    },
    {
        "restaurant_id": "05-07",
        "menu_id": 38,
        "menu_name": "모듬사시미",
        "price": 50000,
        "is_deleted": false,
        "is_active": true
    },
    {
        "restaurant_id": "05-07",
        "menu_id": 39,
        "menu_name": "수제모듬꼬치7종",
        "price": 25000,
        "is_deleted": false,
        "is_active": true
    },
    {
        "restaurant_id": "05-07",
        "menu_id": 40,
        "menu_name": "문어가라아게",
        "price": 23000,
        "is_deleted": false,
        "is_active": true
    },
    {
        "restaurant_id": "05-07",
        "menu_id": 41,
        "menu_name": "특제간장가라아게",
        "price": 21000,
        "is_deleted": false,
        "is_active": true
    },
    {
        "restaurant_id": "05-07",
        "menu_id": 42,
        "menu_name": "차돌박이생라멘샐러드",
        "price": 20000,
        "is_deleted": false,
        "is_active": true
    },
    {
        "restaurant_id": "05-08",
        "menu_id": 43,
        "menu_name": "야키토리 3종 오마카세",
        "price": 11300,
        "is_deleted": false,
        "is_active": true
    },
    {
        "restaurant_id": "05-09",
        "menu_id": 44,
        "menu_name": "차돌야채찜",
        "price": 38000,
        "is_deleted": false,
        "is_active": true
    },
    {
        "restaurant_id": "05-09",
        "menu_id": 45,
        "menu_name": "문어초회",
        "price": 27000,
        "is_deleted": false,
        "is_active": true
    },
    {
        "restaurant_id": "05-09",
        "menu_id": 46,
        "menu_name": "메로구이",
        "price": 29000,
        "is_deleted": false,
        "is_active": true
    },
    {
        "restaurant_id": "05-09",
        "menu_id": 47,
        "menu_name": "명란계란말이",
        "price": 18500,
        "is_deleted": false,
        "is_active": true
    },
    {
        "restaurant_id": "05-09",
        "menu_id": 48,
        "menu_name": "가리비명란튀김",
        "price": 18000,
        "is_deleted": false,
        "is_active": true
    },
    {
        "restaurant_id": "05-09",
        "menu_id": 49,
        "menu_name": "삼색조개술찜",
        "price": 24500,
        "is_deleted": false,
        "is_active": true
    },
    {
        "restaurant_id": "05-09",
        "menu_id": 50,
        "menu_name": "스끼야끼",
        "price": 36000,
        "is_deleted": false,
        "is_active": true
    },
    {
        "restaurant_id": "05-12",
        "menu_id": 51,
        "menu_name": "모듬 숙성회",
        "price": 48000,
        "is_deleted": false,
        "is_active": true
    },
    {
        "restaurant_id": "05-12",
        "menu_id": 52,
        "menu_name": "치킨난반",
        "price": 22000,
        "is_deleted": false,
        "is_active": true
    },
    {
        "restaurant_id": "05-12",
        "menu_id": 53,
        "menu_name": "보우즈시",
        "price": 21000,
        "is_deleted": false,
        "is_active": true
    },
    {
        "restaurant_id": "05-12",
        "menu_id": 54,
        "menu_name": "조개술찜",
        "price": 20000,
        "is_deleted": false,
        "is_active": true
    },
    {
        "restaurant_id": "05-14",
        "menu_id": 55,
        "menu_name": "오이사라다",
        "price": 4000,
        "is_deleted": false,
        "is_active": true
    },
    {
        "restaurant_id": "05-14",
        "menu_id": 56,
        "menu_name": "생강토마토",
        "price": 6500,
        "is_deleted": false,
        "is_active": true
    },
    {
        "restaurant_id": "05-14",
        "menu_id": 57,
        "menu_name": "설탕토마토",
        "price": 6500,
        "is_deleted": false,
        "is_active": true
    },
    {
        "restaurant_id": "05-14",
        "menu_id": 58,
        "menu_name": "땡초물만두",
        "price": 6000,
        "is_deleted": false,
        "is_active": true
    },
    {
        "restaurant_id": "05-14",
        "menu_id": 59,
        "menu_name": "은행구이",
        "price": 7000,
        "is_deleted": false,
        "is_active": true
    },
    {
        "restaurant_id": "05-14",
        "menu_id": 60,
        "menu_name": "네기마요 타코야끼",
        "price": 9000,
        "is_deleted": false,
        "is_active": true
    },
    {
        "restaurant_id": "05-14",
        "menu_id": 61,
        "menu_name": "가마보꼬 오뎅",
        "price": 9000,
        "is_deleted": false,
        "is_active": true
    },
    {
        "restaurant_id": "05-14",
        "menu_id": 62,
        "menu_name": "치즈라면",
        "price": 5000,
        "is_deleted": false,
        "is_active": true
    },
    {
        "restaurant_id": "05-14",
        "menu_id": 63,
        "menu_name": "포테토스프",
        "price": 7000,
        "is_deleted": false,
        "is_active": true
    },
    {
        "restaurant_id": "05-14",
        "menu_id": 64,
        "menu_name": "순두부열라면",
        "price": 7000,
        "is_deleted": false,
        "is_active": true
    },
    {
        "restaurant_id": "05-14",
        "menu_id": 65,
        "menu_name": "어묵우동",
        "price": 7000,
        "is_deleted": false,
        "is_active": true
    },
    {
        "restaurant_id": "05-14",
        "menu_id": 66,
        "menu_name": "닭껍질교자",
        "price": 10000,
        "is_deleted": false,
        "is_active": true
    },
    {
        "restaurant_id": "05-14",
        "menu_id": 67,
        "menu_name": "아지후라이",
        "price": 9000,
        "is_deleted": false,
        "is_active": true
    },
    {
        "restaurant_id": "05-14",
        "menu_id": 68,
        "menu_name": "비빔만두",
        "price": 7000,
        "is_deleted": false,
        "is_active": true
    },
    {
        "restaurant_id": "05-14",
        "menu_id": 69,
        "menu_name": "파래어묵튀김",
        "price": 7000,
        "is_deleted": false,
        "is_active": true
    },
    {
        "restaurant_id": "05-14",
        "menu_id": 70,
        "menu_name": "매콤양념오뎅튀김",
        "price": 6000,
        "is_deleted": false,
        "is_active": true
    },
    {
        "restaurant_id": "05-14",
        "menu_id": 71,
        "menu_name": "후렌치후라이",
        "price": 4500,
        "is_deleted": false,
        "is_active": true
    },
    {
        "restaurant_id": "05-14",
        "menu_id": 72,
        "menu_name": "고등어소금구이",
        "price": 7000,
        "is_deleted": false,
        "is_active": true
    },
    {
        "restaurant_id": "05-14",
        "menu_id": 73,
        "menu_name": "오꼬노미야끼",
        "price": 10000,
        "is_deleted": false,
        "is_active": true
    },
    {
        "restaurant_id": "05-14",
        "menu_id": 74,
        "menu_name": "명란구이",
        "price": 7000,
        "is_deleted": false,
        "is_active": true
    },
    {
        "restaurant_id": "05-14",
        "menu_id": 75,
        "menu_name": "테바나카",
        "price": 900,
        "is_deleted": false,
        "is_active": true
    },
    {
        "restaurant_id": "05-17",
        "menu_id": 76,
        "menu_name": "히라메 고노와다",
        "price": 30000,
        "is_deleted": false,
        "is_active": true
    },
    {
        "restaurant_id": "05-17",
        "menu_id": 77,
        "menu_name": "메로 아라다키",
        "price": 25000,
        "is_deleted": false,
        "is_active": true
    },
    {
        "restaurant_id": "05-17",
        "menu_id": 78,
        "menu_name": "모야시 이타메",
        "price": 15000,
        "is_deleted": false,
        "is_active": true
    },
    {
        "restaurant_id": "05-17",
        "menu_id": 79,
        "menu_name": "가이센 이타메",
        "price": 17000,
        "is_deleted": false,
        "is_active": true
    },
    {
        "restaurant_id": "05-17",
        "menu_id": 80,
        "menu_name": "가이바시라 카타야키",
        "price": 22000,
        "is_deleted": false,
        "is_active": true
    },
    {
        "restaurant_id": "05-18",
        "menu_id": 81,
        "menu_name": "네기마",
        "price": 3000,
        "is_deleted": false,
        "is_active": true
    },
    {
        "restaurant_id": "05-18",
        "menu_id": 82,
        "menu_name": "세세리",
        "price": 3000,
        "is_deleted": false,
        "is_active": true
    },
    {
        "restaurant_id": "05-18",
        "menu_id": 83,
        "menu_name": "하쯔",
        "price": 2500,
        "is_deleted": false,
        "is_active": true
    },
    {
        "restaurant_id": "05-18",
        "menu_id": 84,
        "menu_name": "메가토리",
        "price": 8000,
        "is_deleted": false,
        "is_active": true
    },
    {
        "restaurant_id": "05-18",
        "menu_id": 85,
        "menu_name": "카와",
        "price": 2500,
        "is_deleted": false,
        "is_active": true
    },
    {
        "restaurant_id": "05-18",
        "menu_id": 86,
        "menu_name": "쯔꾸네",
        "price": 4500,
        "is_deleted": false,
        "is_active": true
    },
    {
        "restaurant_id": "05-18",
        "menu_id": 87,
        "menu_name": "난코쯔",
        "price": 3000,
        "is_deleted": false,
        "is_active": true
    },
    {
        "restaurant_id": "05-18",
        "menu_id": 88,
        "menu_name": "모모니꾸",
        "price": 3500,
        "is_deleted": false,
        "is_active": true
    },
    {
        "restaurant_id": "05-18",
        "menu_id": 89,
        "menu_name": "타마고야끼",
        "price": 2500,
        "is_deleted": false,
        "is_active": true
    },
    {
        "restaurant_id": "05-18",
        "menu_id": 90,
        "menu_name": "삼겹살",
        "price": 3500,
        "is_deleted": false,
        "is_active": true
    },
    {
        "restaurant_id": "05-18",
        "menu_id": 91,
        "menu_name": "목살",
        "price": 3500,
        "is_deleted": false,
        "is_active": true
    },
    {
        "restaurant_id": "05-18",
        "menu_id": 92,
        "menu_name": "베이컨토마토",
        "price": 3500,
        "is_deleted": false,
        "is_active": true
    },
    {
        "restaurant_id": "05-18",
        "menu_id": 93,
        "menu_name": "베이컨모찌",
        "price": 3500,
        "is_deleted": false,
        "is_active": true
    },
    {
        "restaurant_id": "05-18",
        "menu_id": 94,
        "menu_name": "베이컨아스파라",
        "price": 3500,
        "is_deleted": false,
        "is_active": true
    },
    {
        "restaurant_id": "05-18",
        "menu_id": 95,
        "menu_name": "꽃갈비",
        "price": 5000,
        "is_deleted": false,
        "is_active": true
    },
    {
        "restaurant_id": "05-18",
        "menu_id": 96,
        "menu_name": "부채살",
        "price": 4500,
        "is_deleted": false,
        "is_active": true
    },
    {
        "restaurant_id": "05-18",
        "menu_id": 97,
        "menu_name": "한우대창",
        "price": 4500,
        "is_deleted": false,
        "is_active": true
    },
    {
        "restaurant_id": "05-18",
        "menu_id": 98,
        "menu_name": "민물장어",
        "price": 5000,
        "is_deleted": false,
        "is_active": true
    },
    {
        "restaurant_id": "05-18",
        "menu_id": 99,
        "menu_name": "새우",
        "price": 4000,
        "is_deleted": false,
        "is_active": true
    },
    {
        "restaurant_id": "05-18",
        "menu_id": 100,
        "menu_name": "옥수수",
        "price": 2500,
        "is_deleted": false,
        "is_active": true
    },
    {
        "restaurant_id": "05-23",
        "menu_id": 101,
        "menu_name": "참치 뱃살 모듬 사시미",
        "price": 49000,
        "is_deleted": false,
        "is_active": true
    },
    {
        "restaurant_id": "05-23",
        "menu_id": 102,
        "menu_name": "혼마구로 볏짚 타다끼",
        "price": 25000,
        "is_deleted": false,
        "is_active": true
    },
    {
        "restaurant_id": "05-23",
        "menu_id": 103,
        "menu_name": "오리 다릿살 숯불구이 (미소소스)",
        "price": 23000,
        "is_deleted": false,
        "is_active": true
    },
    {
        "restaurant_id": "05-23",
        "menu_id": 104,
        "menu_name": "규 등신 볏짚 스테이크",
        "price": 25000,
        "is_deleted": false,
        "is_active": true
    },
    {
        "restaurant_id": "05-23",
        "menu_id": 105,
        "menu_name": "소고기 볏짚 타다끼",
        "price": 23000,
        "is_deleted": false,
        "is_active": true
    },
    {
        "restaurant_id": "05-24",
        "menu_id": 106,
        "menu_name": "광어반연어반",
        "price": 23000,
        "is_deleted": false,
        "is_active": true
    },
    {
        "restaurant_id": "05-24",
        "menu_id": 107,
        "menu_name": "시메사바(고등어 초회)",
        "price": 18000,
        "is_deleted": false,
        "is_active": true
    },
    {
        "restaurant_id": "05-24",
        "menu_id": 108,
        "menu_name": "광어 고노와다",
        "price": 18000,
        "is_deleted": false,
        "is_active": true
    },
    {
        "restaurant_id": "05-24",
        "menu_id": 109,
        "menu_name": "나가사키짬뽕",
        "price": 16000,
        "is_deleted": false,
        "is_active": true
    },
    {
        "restaurant_id": "05-24",
        "menu_id": 110,
        "menu_name": "7종사시미",
        "price": 35000,
        "is_deleted": false,
        "is_active": true
    },
    {
        "restaurant_id": "05-26",
        "menu_id": 111,
        "menu_name": "감자&베이컨 크림스프",
        "price": 6000,
        "is_deleted": false,
        "is_active": true
    },
    {
        "restaurant_id": "05-26",
        "menu_id": 112,
        "menu_name": "닭다리살 칠리볶음",
        "price": 19000,
        "is_deleted": false,
        "is_active": true
    },
    {
        "restaurant_id": "05-26",
        "menu_id": 113,
        "menu_name": "사천식 해물 볶음면",
        "price": 21000,
        "is_deleted": false,
        "is_active": true
    },
    {
        "restaurant_id": "05-26",
        "menu_id": 114,
        "menu_name": "불닭발",
        "price": 18000,
        "is_deleted": false,
        "is_active": true
    },
    {
        "restaurant_id": "05-26",
        "menu_id": 115,
        "menu_name": "닭다리살 데리야끼",
        "price": 19000,
        "is_deleted": false,
        "is_active": true
    },
    {
        "restaurant_id": "05-27",
        "menu_id": 116,
        "menu_name": "염통",
        "price": 3000,
        "is_deleted": false,
        "is_active": true
    },
    {
        "restaurant_id": "05-27",
        "menu_id": 117,
        "menu_name": "모래집",
        "price": 3000,
        "is_deleted": false,
        "is_active": true
    },
    {
        "restaurant_id": "05-27",
        "menu_id": 118,
        "menu_name": "연골",
        "price": 3500,
        "is_deleted": false,
        "is_active": true
    },
    {
        "restaurant_id": "05-27",
        "menu_id": 119,
        "menu_name": "치즈와사비",
        "price": 3800,
        "is_deleted": false,
        "is_active": true
    },
    {
        "restaurant_id": "05-27",
        "menu_id": 120,
        "menu_name": "엔라마요(안심)",
        "price": 3800,
        "is_deleted": false,
        "is_active": true
    },
    {
        "restaurant_id": "05-27",
        "menu_id": 121,
        "menu_name": "새송이삼겹말이",
        "price": 3800,
        "is_deleted": false,
        "is_active": true
    },
    {
        "restaurant_id": "05-28",
        "menu_id": 122,
        "menu_name": "사시미플레이트",
        "price": 39000,
        "is_deleted": false,
        "is_active": true
    },
    {
        "restaurant_id": "05-28",
        "menu_id": 123,
        "menu_name": "광어사시미",
        "price": 28000,
        "is_deleted": false,
        "is_active": true
    },
    {
        "restaurant_id": "05-28",
        "menu_id": 124,
        "menu_name": "광어 고노와다",
        "price": 24000,
        "is_deleted": false,
        "is_active": true
    },
    {
        "restaurant_id": "05-28",
        "menu_id": 125,
        "menu_name": "연어사시미",
        "price": 24000,
        "is_deleted": false,
        "is_active": true
    },
    {
        "restaurant_id": "05-28",
        "menu_id": 126,
        "menu_name": "방어사시미",
        "price": 28000,
        "is_deleted": false,
        "is_active": true
    },
    {
        "restaurant_id": "05-28",
        "menu_id": 127,
        "menu_name": "우니한판",
        "price": 36000,
        "is_deleted": false,
        "is_active": true
    },
    {
        "restaurant_id": "05-28",
        "menu_id": 128,
        "menu_name": "메로구이",
        "price": 24000,
        "is_deleted": false,
        "is_active": true
    },
    {
        "restaurant_id": "05-28",
        "menu_id": 129,
        "menu_name": "삼치구이",
        "price": 24000,
        "is_deleted": false,
        "is_active": true
    },
    {
        "restaurant_id": "05-28",
        "menu_id": 130,
        "menu_name": "고등어구이",
        "price": 20000,
        "is_deleted": false,
        "is_active": true
    },
    {
        "restaurant_id": "05-28",
        "menu_id": 131,
        "menu_name": "시샤모구이",
        "price": 16000,
        "is_deleted": false,
        "is_active": true
    },
    {
        "restaurant_id": "05-28",
        "menu_id": 132,
        "menu_name": "항정살 미소야끼",
        "price": 23000,
        "is_deleted": false,
        "is_active": true
    },
    {
        "restaurant_id": "05-28",
        "menu_id": 133,
        "menu_name": "명란구이",
        "price": 12900,
        "is_deleted": false,
        "is_active": true
    },
    {
        "restaurant_id": "05-28",
        "menu_id": 134,
        "menu_name": "한우++육회",
        "price": 29000,
        "is_deleted": false,
        "is_active": true
    },
    {
        "restaurant_id": "05-28",
        "menu_id": 135,
        "menu_name": "찹스테이크",
        "price": 23000,
        "is_deleted": false,
        "is_active": true
    },
    {
        "restaurant_id": "05-28",
        "menu_id": 136,
        "menu_name": "소고기타다끼",
        "price": 23000,
        "is_deleted": false,
        "is_active": true
    },
    {
        "restaurant_id": "05-28",
        "menu_id": 137,
        "menu_name": "차돌박이 숙주볶음",
        "price": 20000,
        "is_deleted": false,
        "is_active": true
    },
    {
        "restaurant_id": "05-28",
        "menu_id": 138,
        "menu_name": "참치타다끼",
        "price": 23000,
        "is_deleted": false,
        "is_active": true
    },
    {
        "restaurant_id": "05-28",
        "menu_id": 139,
        "menu_name": "소고기 가라아게",
        "price": 24000,
        "is_deleted": false,
        "is_active": true
    },
    {
        "restaurant_id": "05-28",
        "menu_id": 140,
        "menu_name": "왕새우튀김",
        "price": 22000,
        "is_deleted": false,
        "is_active": true
    },
    {
        "restaurant_id": "05-28",
        "menu_id": 141,
        "menu_name": "치킨가라아게",
        "price": 20000,
        "is_deleted": false,
        "is_active": true
    },
    {
        "restaurant_id": "05-28",
        "menu_id": 142,
        "menu_name": "문어가라아게",
        "price": 20000,
        "is_deleted": false,
        "is_active": true
    },
    {
        "restaurant_id": "05-29",
        "menu_id": 143,
        "menu_name": "모둠 사시미 한판(21ps이상)",
        "price": 49000,
        "is_deleted": false,
        "is_active": true
    },
    {
        "restaurant_id": "05-29",
        "menu_id": 144,
        "menu_name": "숯불 꼬치구이 8종",
        "price": 27000,
        "is_deleted": false,
        "is_active": true
    },
    {
        "restaurant_id": "05-29",
        "menu_id": 145,
        "menu_name": "고르곤졸라 찹스테이크",
        "price": 24000,
        "is_deleted": false,
        "is_active": true
    },
    {
        "restaurant_id": "05-29",
        "menu_id": 146,
        "menu_name": "바지락 술찜",
        "price": 21000,
        "is_deleted": false,
        "is_active": true
    },
    {
        "restaurant_id": "05-30",
        "menu_id": 147,
        "menu_name": "두부사라다",
        "price": 15000,
        "is_deleted": false,
        "is_active": true
    },
    {
        "restaurant_id": "05-30",
        "menu_id": 148,
        "menu_name": "연어사라다",
        "price": 23000,
        "is_deleted": false,
        "is_active": true
    },
    {
        "restaurant_id": "05-30",
        "menu_id": 149,
        "menu_name": "차돌박이사라다",
        "price": 21000,
        "is_deleted": false,
        "is_active": true
    },
    {
        "restaurant_id": "05-30",
        "menu_id": 150,
        "menu_name": "치킨가라아게",
        "price": 12000,
        "is_deleted": false,
        "is_active": true
    },
    {
        "restaurant_id": "05-30",
        "menu_id": 151,
        "menu_name": "게살계란말이",
        "price": 13000,
        "is_deleted": false,
        "is_active": true
    },
    {
        "restaurant_id": "05-32",
        "menu_id": 152,
        "menu_name": "모둠 사시미 한판(21ps이상)",
        "price": 49000,
        "is_deleted": false,
        "is_active": true
    },
    {
        "restaurant_id": "05-32",
        "menu_id": 153,
        "menu_name": "숯불 꼬치구이 8종",
        "price": 27000,
        "is_deleted": false,
        "is_active": true
    },
    {
        "restaurant_id": "05-32",
        "menu_id": 154,
        "menu_name": "바지락 술찜",
        "price": 21000,
        "is_deleted": false,
        "is_active": true
    },
    {
        "restaurant_id": "05-33",
        "menu_id": 155,
        "menu_name": "3종꼬치(1인 1주문기준)",
        "price": 12000,
        "is_deleted": false,
        "is_active": true
    },
    {
        "restaurant_id": "05-33",
        "menu_id": 156,
        "menu_name": "5종꼬치(1인 1주문기준)",
        "price": 19500,
        "is_deleted": false,
        "is_active": true
    },
    {
        "restaurant_id": "05-33",
        "menu_id": 157,
        "menu_name": "7종꼬치(1인 1주문기준)",
        "price": 26500,
        "is_deleted": false,
        "is_active": true
    },
    {
        "restaurant_id": "05-34",
        "menu_id": 158,
        "menu_name": "생 연어 사시미",
        "price": 26000,
        "is_deleted": false,
        "is_active": true
    },
    {
        "restaurant_id": "05-34",
        "menu_id": 159,
        "menu_name": "특목살 스테이크",
        "price": 25000,
        "is_deleted": false,
        "is_active": true
    },
    {
        "restaurant_id": "05-34",
        "menu_id": 160,
        "menu_name": "제육 두부김치",
        "price": 20000,
        "is_deleted": false,
        "is_active": true
    },
    {
        "restaurant_id": "05-34",
        "menu_id": 161,
        "menu_name": "국물 떡볶이",
        "price": 17500,
        "is_deleted": false,
        "is_active": true
    },
    {
        "restaurant_id": "05-34",
        "menu_id": 162,
        "menu_name": "골뱅이 소면",
        "price": 20000,
        "is_deleted": false,
        "is_active": true
    },
    {
        "restaurant_id": "05-34",
        "menu_id": 163,
        "menu_name": "나가사끼 짬뽕탕",
        "price": 26000,
        "is_deleted": false,
        "is_active": true
    },
    {
        "restaurant_id": "05-34",
        "menu_id": 164,
        "menu_name": "해물 어묵 나베",
        "price": 25000,
        "is_deleted": false,
        "is_active": true
    },
    {
        "restaurant_id": "05-34",
        "menu_id": 165,
        "menu_name": "해물 짬뽕탕",
        "price": 23000,
        "is_deleted": false,
        "is_active": true
    },
    {
        "restaurant_id": "05-34",
        "menu_id": 166,
        "menu_name": "꼬치 오뎅탕",
        "price": 23000,
        "is_deleted": false,
        "is_active": true
    },
    {
        "restaurant_id": "05-34",
        "menu_id": 167,
        "menu_name": "얼큰 시원 조개탕",
        "price": 17000,
        "is_deleted": false,
        "is_active": true
    },
    {
        "restaurant_id": "05-34",
        "menu_id": 168,
        "menu_name": "생목살 김치찌개",
        "price": 23000,
        "is_deleted": false,
        "is_active": true
    },
    {
        "restaurant_id": "05-34",
        "menu_id": 169,
        "menu_name": "매콤 해물 순두부찌개",
        "price": 15000,
        "is_deleted": false,
        "is_active": true
    },
    {
        "restaurant_id": "05-34",
        "menu_id": 170,
        "menu_name": "명란 계란탕",
        "price": 15000,
        "is_deleted": false,
        "is_active": true
    },
    {
        "restaurant_id": "05-34",
        "menu_id": 171,
        "menu_name": "해물 오꼬노미야끼",
        "price": 19000,
        "is_deleted": false,
        "is_active": true
    },
    {
        "restaurant_id": "05-34",
        "menu_id": 172,
        "menu_name": "고기 김치전",
        "price": 18000,
        "is_deleted": false,
        "is_active": true
    },
    {
        "restaurant_id": "05-34",
        "menu_id": 173,
        "menu_name": "모짜치즈 감자채전",
        "price": 17500,
        "is_deleted": false,
        "is_active": true
    },
    {
        "restaurant_id": "05-34",
        "menu_id": 174,
        "menu_name": "촉촉 반건조 노가리",
        "price": 20000,
        "is_deleted": false,
        "is_active": true
    },
    {
        "restaurant_id": "05-34",
        "menu_id": 175,
        "menu_name": "바싹 먹태구이",
        "price": 18000,
        "is_deleted": false,
        "is_active": true
    },
    {
        "restaurant_id": "05-34",
        "menu_id": 176,
        "menu_name": "버터구이 오징어다리",
        "price": 19000,
        "is_deleted": false,
        "is_active": true
    },
    {
        "restaurant_id": "05-34",
        "menu_id": 177,
        "menu_name": "열대 과일화채",
        "price": 19500,
        "is_deleted": false,
        "is_active": true
    },
    {
        "restaurant_id": "05-36",
        "menu_id": 178,
        "menu_name": "카이센동",
        "price": 18000,
        "is_deleted": false,
        "is_active": true
    },
    {
        "restaurant_id": "05-36",
        "menu_id": 179,
        "menu_name": "카이센동(특)",
        "price": 28000,
        "is_deleted": false,
        "is_active": true
    },
    {
        "restaurant_id": "05-36",
        "menu_id": 180,
        "menu_name": "사케동",
        "price": 18000,
        "is_deleted": false,
        "is_active": true
    },
    {
        "restaurant_id": "05-36",
        "menu_id": 181,
        "menu_name": "마구로 사케동",
        "price": 19000,
        "is_deleted": false,
        "is_active": true
    },
    {
        "restaurant_id": "05-36",
        "menu_id": 182,
        "menu_name": "우나기동",
        "price": 19000,
        "is_deleted": false,
        "is_active": true
    },
    {
        "restaurant_id": "05-36",
        "menu_id": 183,
        "menu_name": "마구로 우니동",
        "price": 35000,
        "is_deleted": false,
        "is_active": true
    },
    {
        "restaurant_id": "05-36",
        "menu_id": 184,
        "menu_name": "우니 이쿠라동",
        "price": 40000,
        "is_deleted": false,
        "is_active": true
    },
    {
        "restaurant_id": "05-38",
        "menu_id": 185,
        "menu_name": "인기 모듬 꼬치 (10종)",
        "price": 28000,
        "is_deleted": false,
        "is_active": true
    },
    {
        "restaurant_id": "05-38",
        "menu_id": 186,
        "menu_name": "모리아와세",
        "price": 60000,
        "is_deleted": false,
        "is_active": true
    },
    {
        "restaurant_id": "05-38",
        "menu_id": 187,
        "menu_name": "생연어 사시미",
        "price": 23000,
        "is_deleted": false,
        "is_active": true
    },
    {
        "restaurant_id": "05-38",
        "menu_id": 188,
        "menu_name": "닭다리살 (2p)",
        "price": 7000,
        "is_deleted": false,
        "is_active": true
    },
    {
        "restaurant_id": "05-38",
        "menu_id": 189,
        "menu_name": "관자 (2p)",
        "price": 7500,
        "is_deleted": false,
        "is_active": true
    },
    {
        "restaurant_id": "05-39",
        "menu_id": 190,
        "menu_name": "오이사라다",
        "price": 4000,
        "is_deleted": false,
        "is_active": true
    },
    {
        "restaurant_id": "05-39",
        "menu_id": 191,
        "menu_name": "생강토마토",
        "price": 6500,
        "is_deleted": false,
        "is_active": true
    },
    {
        "restaurant_id": "05-39",
        "menu_id": 192,
        "menu_name": "설탕토마토",
        "price": 6500,
        "is_deleted": false,
        "is_active": true
    },
    {
        "restaurant_id": "05-39",
        "menu_id": 193,
        "menu_name": "땡초물만두",
        "price": 6000,
        "is_deleted": false,
        "is_active": true
    },
    {
        "restaurant_id": "05-39",
        "menu_id": 194,
        "menu_name": "은행구이",
        "price": 7000,
        "is_deleted": false,
        "is_active": true
    },
    {
        "restaurant_id": "05-39",
        "menu_id": 195,
        "menu_name": "네기마요 타코야끼",
        "price": 9000,
        "is_deleted": false,
        "is_active": true
    },
    {
        "restaurant_id": "05-39",
        "menu_id": 196,
        "menu_name": "가마보꼬 오뎅",
        "price": 9000,
        "is_deleted": false,
        "is_active": true
    },
    {
        "restaurant_id": "05-39",
        "menu_id": 197,
        "menu_name": "치즈라면",
        "price": 5000,
        "is_deleted": false,
        "is_active": true
    },
    {
        "restaurant_id": "05-39",
        "menu_id": 198,
        "menu_name": "포테토스프",
        "price": 7000,
        "is_deleted": false,
        "is_active": true
    },
    {
        "restaurant_id": "05-39",
        "menu_id": 199,
        "menu_name": "순두부열라면",
        "price": 7000,
        "is_deleted": false,
        "is_active": true
    },
    {
        "restaurant_id": "05-39",
        "menu_id": 200,
        "menu_name": "어묵우동",
        "price": 7000,
        "is_deleted": false,
        "is_active": true
    },
    {
        "restaurant_id": "05-39",
        "menu_id": 201,
        "menu_name": "닭껍질교자",
        "price": 10000,
        "is_deleted": false,
        "is_active": true
    },
    {
        "restaurant_id": "05-39",
        "menu_id": 202,
        "menu_name": "아지후라이",
        "price": 9000,
        "is_deleted": false,
        "is_active": true
    },
    {
        "restaurant_id": "05-39",
        "menu_id": 203,
        "menu_name": "비빔만두",
        "price": 7000,
        "is_deleted": false,
        "is_active": true
    },
    {
        "restaurant_id": "05-39",
        "menu_id": 204,
        "menu_name": "파래어묵튀김",
        "price": 7000,
        "is_deleted": false,
        "is_active": true
    },
    {
        "restaurant_id": "05-39",
        "menu_id": 205,
        "menu_name": "매콤양념오뎅튀김",
        "price": 6000,
        "is_deleted": false,
        "is_active": true
    },
    {
        "restaurant_id": "05-39",
        "menu_id": 206,
        "menu_name": "후렌치후라이",
        "price": 4500,
        "is_deleted": false,
        "is_active": true
    },
    {
        "restaurant_id": "05-39",
        "menu_id": 207,
        "menu_name": "고등어소금구이",
        "price": 7000,
        "is_deleted": false,
        "is_active": true
    },
    {
        "restaurant_id": "05-39",
        "menu_id": 208,
        "menu_name": "오꼬노미야끼",
        "price": 10000,
        "is_deleted": false,
        "is_active": true
    },
    {
        "restaurant_id": "05-39",
        "menu_id": 209,
        "menu_name": "명란구이",
        "price": 7000,
        "is_deleted": false,
        "is_active": true
    },
    {
        "restaurant_id": "05-39",
        "menu_id": 210,
        "menu_name": "테바나카",
        "price": 900,
        "is_deleted": false,
        "is_active": true
    },
    {
        "restaurant_id": "05-42",
        "menu_id": 211,
        "menu_name": "추천꼬치",
        "price": 18000,
        "is_deleted": false,
        "is_active": true
    },
    {
        "restaurant_id": "05-42",
        "menu_id": 212,
        "menu_name": "사시미플레이트",
        "price": 40000,
        "is_deleted": false,
        "is_active": true
    },
    {
        "restaurant_id": "05-42",
        "menu_id": 213,
        "menu_name": "스키야키",
        "price": 29000,
        "is_deleted": false,
        "is_active": true
    },
    {
        "restaurant_id": "05-42",
        "menu_id": 214,
        "menu_name": "한우모츠나베",
        "price": 29000,
        "is_deleted": false,
        "is_active": true
    },
    {
        "restaurant_id": "05-42",
        "menu_id": 215,
        "menu_name": "전복내장크림파스타",
        "price": 22000,
        "is_deleted": false,
        "is_active": true
    },
    {
        "restaurant_id": "05-42",
        "menu_id": 216,
        "menu_name": "한우1++육회",
        "price": 29000,
        "is_deleted": false,
        "is_active": true
    },
    {
        "restaurant_id": "05-42",
        "menu_id": 217,
        "menu_name": "해물가래떡 떡볶이",
        "price": 20000,
        "is_deleted": false,
        "is_active": true
    },
    {
        "restaurant_id": "05-42",
        "menu_id": 218,
        "menu_name": "살치살타다끼",
        "price": 26000,
        "is_deleted": false,
        "is_active": true
    },
    {
        "restaurant_id": "05-42",
        "menu_id": 219,
        "menu_name": "오꼬노미야끼",
        "price": 20000,
        "is_deleted": false,
        "is_active": true
    },
    {
        "restaurant_id": "05-42",
        "menu_id": 220,
        "menu_name": "새우관자버터야끼",
        "price": 22000,
        "is_deleted": false,
        "is_active": true
    },
    {
        "restaurant_id": "05-42",
        "menu_id": 221,
        "menu_name": "항정살미소야끼",
        "price": 22000,
        "is_deleted": false,
        "is_active": true
    },
    {
        "restaurant_id": "05-42",
        "menu_id": 222,
        "menu_name": "명란구이",
        "price": 13000,
        "is_deleted": false,
        "is_active": true
    },
    {
        "restaurant_id": "05-42",
        "menu_id": 223,
        "menu_name": "메로구이",
        "price": 24000,
        "is_deleted": false,
        "is_active": true
    },
    {
        "restaurant_id": "05-42",
        "menu_id": 224,
        "menu_name": "수제등심돈카츠",
        "price": 15000,
        "is_deleted": false,
        "is_active": true
    },
    {
        "restaurant_id": "05-42",
        "menu_id": 225,
        "menu_name": "치킨가라아게",
        "price": 20000,
        "is_deleted": false,
        "is_active": true
    },
    {
        "restaurant_id": "05-42",
        "menu_id": 226,
        "menu_name": "모둠치즈크래커",
        "price": 13000,
        "is_deleted": false,
        "is_active": true
    },
    {
        "restaurant_id": "05-42",
        "menu_id": 227,
        "menu_name": "수제게살크림고로케",
        "price": 8000,
        "is_deleted": false,
        "is_active": true
    },
    {
        "restaurant_id": "05-42",
        "menu_id": 228,
        "menu_name": "아이스크림튀김",
        "price": 8000,
        "is_deleted": false,
        "is_active": true
    },
    {
        "restaurant_id": "05-42",
        "menu_id": 229,
        "menu_name": "명란오니기리",
        "price": 7000,
        "is_deleted": false,
        "is_active": true
    },
    {
        "restaurant_id": "05-42",
        "menu_id": 230,
        "menu_name": "맥주행사",
        "price": 7900,
        "is_deleted": false,
        "is_active": true
    },
    {
        "restaurant_id": "05-43",
        "menu_id": 231,
        "menu_name": "특초밥",
        "price": 22000,
        "is_deleted": false,
        "is_active": true
    },
    {
        "restaurant_id": "05-43",
        "menu_id": 232,
        "menu_name": "초밥",
        "price": 17000,
        "is_deleted": false,
        "is_active": true
    },
    {
        "restaurant_id": "05-44",
        "menu_id": 233,
        "menu_name": "새벽연어",
        "price": 24000,
        "is_deleted": false,
        "is_active": true
    },
    {
        "restaurant_id": "05-46",
        "menu_id": 234,
        "menu_name": "나가사키짬뽕",
        "price": 18000,
        "is_deleted": false,
        "is_active": true
    },
    {
        "restaurant_id": "05-46",
        "menu_id": 235,
        "menu_name": "오뎅탕",
        "price": 18000,
        "is_deleted": false,
        "is_active": true
    },
    {
        "restaurant_id": "05-46",
        "menu_id": 236,
        "menu_name": "돼지고기숙주볶음",
        "price": 15000,
        "is_deleted": false,
        "is_active": true
    },
    {
        "restaurant_id": "05-46",
        "menu_id": 237,
        "menu_name": "돈카츠안주",
        "price": 16000,
        "is_deleted": false,
        "is_active": true
    },
    {
        "restaurant_id": "05-46",
        "menu_id": 238,
        "menu_name": "아게다시도후",
        "price": 13000,
        "is_deleted": false,
        "is_active": true
    },
    {
        "restaurant_id": "05-46",
        "menu_id": 239,
        "menu_name": "가츠토지",
        "price": 20000,
        "is_deleted": false,
        "is_active": true
    },
    {
        "restaurant_id": "05-46",
        "menu_id": 240,
        "menu_name": "한치와땅콩",
        "price": 14000,
        "is_deleted": false,
        "is_active": true
    },
    {
        "restaurant_id": "05-46",
        "menu_id": 241,
        "menu_name": "반건조노가리",
        "price": 13000,
        "is_deleted": false,
        "is_active": true
    },
    {
        "restaurant_id": "05-46",
        "menu_id": 242,
        "menu_name": "먹태",
        "price": 14000,
        "is_deleted": false,
        "is_active": true
    },
    {
        "restaurant_id": "05-46",
        "menu_id": 243,
        "menu_name": "수제고로케",
        "price": 13000,
        "is_deleted": false,
        "is_active": true
    },
    {
        "restaurant_id": "05-46",
        "menu_id": 244,
        "menu_name": "수제굴튀김",
        "price": 14000,
        "is_deleted": false,
        "is_active": true
    },
    {
        "restaurant_id": "05-46",
        "menu_id": 245,
        "menu_name": "치킨 가라아게",
        "price": 17000,
        "is_deleted": false,
        "is_active": true
    },
    {
        "restaurant_id": "05-46",
        "menu_id": 246,
        "menu_name": "닭똥집 가라아게",
        "price": 16000,
        "is_deleted": false,
        "is_active": true
    },
    {
        "restaurant_id": "05-46",
        "menu_id": 247,
        "menu_name": "오징어다리 튀김",
        "price": 15000,
        "is_deleted": false,
        "is_active": true
    },
    {
        "restaurant_id": "05-46",
        "menu_id": 248,
        "menu_name": "새우튀김 (6마리)",
        "price": 20000,
        "is_deleted": false,
        "is_active": true
    },
    {
        "restaurant_id": "05-46",
        "menu_id": 249,
        "menu_name": "굴튀김&사케도쿠리3병",
        "price": 30000,
        "is_deleted": false,
        "is_active": true
    },
    {
        "restaurant_id": "05-46",
        "menu_id": 250,
        "menu_name": "고로케&사케도쿠리3병",
        "price": 29000,
        "is_deleted": false,
        "is_active": true
    },
    {
        "restaurant_id": "05-46",
        "menu_id": 251,
        "menu_name": "오뎅&사케도쿠리3병",
        "price": 34000,
        "is_deleted": false,
        "is_active": true
    },
    {
        "restaurant_id": "05-46",
        "menu_id": 252,
        "menu_name": "돈카츠 샐러드",
        "price": 18000,
        "is_deleted": false,
        "is_active": true
    },
    {
        "restaurant_id": "05-46",
        "menu_id": 253,
        "menu_name": "닭가슴살 샐러드",
        "price": 17000,
        "is_deleted": false,
        "is_active": true
    },
    {
        "restaurant_id": "05-47",
        "menu_id": 254,
        "menu_name": "쇠고기야채볶음",
        "price": 6800,
        "is_deleted": false,
        "is_active": true
    },
    {
        "restaurant_id": "05-47",
        "menu_id": 255,
        "menu_name": "오뎅사시미",
        "price": 7300,
        "is_deleted": false,
        "is_active": true
    },
    {
        "restaurant_id": "05-47",
        "menu_id": 256,
        "menu_name": "돼지고기계란말이",
        "price": 8900,
        "is_deleted": false,
        "is_active": true
    },
    {
        "restaurant_id": "05-47",
        "menu_id": 257,
        "menu_name": "닭튀김파소스",
        "price": 6800,
        "is_deleted": false,
        "is_active": true
    },
    {
        "restaurant_id": "05-47",
        "menu_id": 258,
        "menu_name": "오로라새우튀김",
        "price": 7800,
        "is_deleted": false,
        "is_active": true
    },
    {
        "restaurant_id": "05-47",
        "menu_id": 259,
        "menu_name": "돼지갈비살찜",
        "price": 6800,
        "is_deleted": false,
        "is_active": true
    },
    {
        "restaurant_id": "05-49",
        "menu_id": 260,
        "menu_name": "모듬사시미(싱글)",
        "price": 25000,
        "is_deleted": false,
        "is_active": true
    },
    {
        "restaurant_id": "05-49",
        "menu_id": 261,
        "menu_name": "사시미와 고노와다",
        "price": 40000,
        "is_deleted": false,
        "is_active": true
    },
    {
        "restaurant_id": "05-49",
        "menu_id": 262,
        "menu_name": "단새우와 우니",
        "price": 55000,
        "is_deleted": false,
        "is_active": true
    },
    {
        "restaurant_id": "05-49",
        "menu_id": 263,
        "menu_name": "타코와사비",
        "price": 24000,
        "is_deleted": false,
        "is_active": true
    },
    {
        "restaurant_id": "05-49",
        "menu_id": 264,
        "menu_name": "문어",
        "price": 25000,
        "is_deleted": false,
        "is_active": true
    },
    {
        "restaurant_id": "05-49",
        "menu_id": 265,
        "menu_name": "전복초회",
        "price": 20000,
        "is_deleted": false,
        "is_active": true
    },
    {
        "restaurant_id": "05-49",
        "menu_id": 266,
        "menu_name": "숙성연어사시미",
        "price": 40000,
        "is_deleted": false,
        "is_active": true
    },
    {
        "restaurant_id": "05-49",
        "menu_id": 267,
        "menu_name": "명란계란말이",
        "price": 22000,
        "is_deleted": false,
        "is_active": true
    },
    {
        "restaurant_id": "05-49",
        "menu_id": 268,
        "menu_name": "명란크림파스타",
        "price": 25000,
        "is_deleted": false,
        "is_active": true
    },
    {
        "restaurant_id": "05-49",
        "menu_id": 269,
        "menu_name": "오코노미야끼",
        "price": 20000,
        "is_deleted": false,
        "is_active": true
    },
    {
        "restaurant_id": "05-49",
        "menu_id": 270,
        "menu_name": "해물야끼우동",
        "price": 26000,
        "is_deleted": false,
        "is_active": true
    },
    {
        "restaurant_id": "05-49",
        "menu_id": 271,
        "menu_name": "삼겹숙주볶음",
        "price": 25000,
        "is_deleted": false,
        "is_active": true
    },
    {
        "restaurant_id": "05-49",
        "menu_id": 272,
        "menu_name": "송이감바스",
        "price": 23000,
        "is_deleted": false,
        "is_active": true
    },
    {
        "restaurant_id": "05-49",
        "menu_id": 273,
        "menu_name": "문어가라아게",
        "price": 24000,
        "is_deleted": false,
        "is_active": true
    },
    {
        "restaurant_id": "05-49",
        "menu_id": 274,
        "menu_name": "순살치킨가라아게",
        "price": 18000,
        "is_deleted": false,
        "is_active": true
    },
    {
        "restaurant_id": "05-49",
        "menu_id": 275,
        "menu_name": "명란구이",
        "price": 20000,
        "is_deleted": false,
        "is_active": true
    },
    {
        "restaurant_id": "05-49",
        "menu_id": 276,
        "menu_name": "감자버터구이",
        "price": 9000,
        "is_deleted": false,
        "is_active": true
    },
    {
        "restaurant_id": "05-49",
        "menu_id": 277,
        "menu_name": "통오징어구이",
        "price": 18000,
        "is_deleted": false,
        "is_active": true
    },
    {
        "restaurant_id": "05-49",
        "menu_id": 278,
        "menu_name": "연어화로구이",
        "price": 25000,
        "is_deleted": false,
        "is_active": true
    },
    {
        "restaurant_id": "05-49",
        "menu_id": 279,
        "menu_name": "통새우가라아게",
        "price": 20000,
        "is_deleted": false,
        "is_active": true
    },
    {
        "restaurant_id": "05-54",
        "menu_id": 280,
        "menu_name": "게딱지 대게장소스구이 + 주먹밥",
        "price": 14000,
        "is_deleted": false,
        "is_active": true
    },
    {
        "restaurant_id": "05-54",
        "menu_id": 281,
        "menu_name": "오리다릿살 숯불구이",
        "price": 23000,
        "is_deleted": false,
        "is_active": true
    },
    {
        "restaurant_id": "05-54",
        "menu_id": 282,
        "menu_name": "아나고 덴뿌라",
        "price": 25000,
        "is_deleted": false,
        "is_active": true
    },
    {
        "restaurant_id": "05-54",
        "menu_id": 283,
        "menu_name": "스파이시 에비마요",
        "price": 18000,
        "is_deleted": false,
        "is_active": true
    },
    {
        "restaurant_id": "05-54",
        "menu_id": 284,
        "menu_name": "소고기 숙주볶음",
        "price": 18000,
        "is_deleted": false,
        "is_active": true
    },
    {
        "restaurant_id": "05-54",
        "menu_id": 285,
        "menu_name": "치킨남방 가라아게",
        "price": 17000,
        "is_deleted": false,
        "is_active": true
    },
    {
        "restaurant_id": "05-54",
        "menu_id": 286,
        "menu_name": "타마고 멘치까스",
        "price": 15000,
        "is_deleted": false,
        "is_active": true
    },
    {
        "restaurant_id": "05-56",
        "menu_id": 287,
        "menu_name": "쇼유라멘",
        "price": 10000,
        "is_deleted": false,
        "is_active": true
    },
    {
        "restaurant_id": "05-56",
        "menu_id": 288,
        "menu_name": "매운미소라멘",
        "price": 10000,
        "is_deleted": false,
        "is_active": true
    },
    {
        "restaurant_id": "05-56",
        "menu_id": 289,
        "menu_name": "교카이돈코츠",
        "price": 11000,
        "is_deleted": false,
        "is_active": true
    },
    {
        "restaurant_id": "05-56",
        "menu_id": 290,
        "menu_name": "츠케멘",
        "price": 13000,
        "is_deleted": false,
        "is_active": true
    },
    {
        "restaurant_id": "05-58",
        "menu_id": 291,
        "menu_name": "가지",
        "price": 1500,
        "is_deleted": false,
        "is_active": true
    },
    {
        "restaurant_id": "05-58",
        "menu_id": 292,
        "menu_name": "간사이오뎅나베",
        "price": 15000,
        "is_deleted": false,
        "is_active": true
    },
    {
        "restaurant_id": "05-58",
        "menu_id": 293,
        "menu_name": "계란말이",
        "price": 5000,
        "is_deleted": false,
        "is_active": true
    },
    {
        "restaurant_id": "05-58",
        "menu_id": 294,
        "menu_name": "고노와다",
        "price": 5000,
        "is_deleted": false,
        "is_active": true
    },
    {
        "restaurant_id": "05-58",
        "menu_id": 295,
        "menu_name": "광어와폰즈",
        "price": 18000,
        "is_deleted": false,
        "is_active": true
    },
    {
        "restaurant_id": "05-58",
        "menu_id": 296,
        "menu_name": "광어회와고노와다",
        "price": 18000,
        "is_deleted": false,
        "is_active": true
    },
    {
        "restaurant_id": "05-58",
        "menu_id": 297,
        "menu_name": "꽈리고추삼겹",
        "price": 3500,
        "is_deleted": false,
        "is_active": true
    },
    {
        "restaurant_id": "05-58",
        "menu_id": 298,
        "menu_name": "나가사끼짬뽕나베",
        "price": 15000,
        "is_deleted": false,
        "is_active": true
    },
    {
        "restaurant_id": "05-58",
        "menu_id": 299,
        "menu_name": "나또",
        "price": 5000,
        "is_deleted": false,
        "is_active": true
    },
    {
        "restaurant_id": "05-58",
        "menu_id": 300,
        "menu_name": "닭날개",
        "price": 3500,
        "is_deleted": false,
        "is_active": true
    },
    {
        "restaurant_id": "05-58",
        "menu_id": 301,
        "menu_name": "닭다리",
        "price": 2500,
        "is_deleted": false,
        "is_active": true
    },
    {
        "restaurant_id": "05-58",
        "menu_id": 302,
        "menu_name": "닭다리파",
        "price": 2500,
        "is_deleted": false,
        "is_active": true
    },
    {
        "restaurant_id": "05-58",
        "menu_id": 303,
        "menu_name": "닭모래집",
        "price": 2000,
        "is_deleted": false,
        "is_active": true
    },
    {
        "restaurant_id": "05-58",
        "menu_id": 304,
        "menu_name": "닭물렁뼈",
        "price": 3000,
        "is_deleted": false,
        "is_active": true
    },
    {
        "restaurant_id": "05-58",
        "menu_id": 305,
        "menu_name": "닭염통",
        "price": 2000,
        "is_deleted": false,
        "is_active": true
    },
    {
        "restaurant_id": "05-58",
        "menu_id": 306,
        "menu_name": "뎀뿌라우동나베",
        "price": 15000,
        "is_deleted": false,
        "is_active": true
    },
    {
        "restaurant_id": "05-58",
        "menu_id": 307,
        "menu_name": "도미머리소금구이",
        "price": 18000,
        "is_deleted": false,
        "is_active": true
    },
    {
        "restaurant_id": "05-58",
        "menu_id": 308,
        "menu_name": "메로구이",
        "price": 14000,
        "is_deleted": false,
        "is_active": true
    },
    {
        "restaurant_id": "05-58",
        "menu_id": 309,
        "menu_name": "모듬사시미(7종)",
        "price": 25000,
        "is_deleted": false,
        "is_active": true
    },
    {
        "restaurant_id": "05-58",
        "menu_id": 310,
        "menu_name": "모듬튀김",
        "price": 8000,
        "is_deleted": false,
        "is_active": true
    },
    {
        "restaurant_id": "05-59",
        "menu_id": 311,
        "menu_name": "야채구이",
        "price": 18000,
        "is_deleted": false,
        "is_active": true
    },
    {
        "restaurant_id": "05-59",
        "menu_id": 312,
        "menu_name": "청경채삼겹구이",
        "price": 7600,
        "is_deleted": false,
        "is_active": true
    },
    {
        "restaurant_id": "05-59",
        "menu_id": 313,
        "menu_name": "토마토삼겹말이",
        "price": 7600,
        "is_deleted": false,
        "is_active": true
    },
    {
        "restaurant_id": "05-59",
        "menu_id": 314,
        "menu_name": "양송이삼겹말이",
        "price": 7800,
        "is_deleted": false,
        "is_active": true
    },
    {
        "restaurant_id": "05-59",
        "menu_id": 315,
        "menu_name": "아스파라거스삼겹말이",
        "price": 7600,
        "is_deleted": false,
        "is_active": true
    },
    {
        "restaurant_id": "05-59",
        "menu_id": 316,
        "menu_name": "팽이버섯삼겹말이",
        "price": 7600,
        "is_deleted": false,
        "is_active": true
    },
    {
        "restaurant_id": "05-63",
        "menu_id": 317,
        "menu_name": "모듬사시미(2인)",
        "price": 36000,
        "is_deleted": false,
        "is_active": true
    },
    {
        "restaurant_id": "05-63",
        "menu_id": 318,
        "menu_name": "모듬사시미(큰접시)",
        "price": 49000,
        "is_deleted": false,
        "is_active": true
    },
    {
        "restaurant_id": "05-63",
        "menu_id": 319,
        "menu_name": "마구로와리폰즈무침",
        "price": 20000,
        "is_deleted": false,
        "is_active": true
    },
    {
        "restaurant_id": "05-63",
        "menu_id": 320,
        "menu_name": "해물나베(매운맛,순한맛)",
        "price": 26000,
        "is_deleted": false,
        "is_active": true
    },
    {
        "restaurant_id": "05-63",
        "menu_id": 321,
        "menu_name": "토마토마라 오뎅나베",
        "price": 25000,
        "is_deleted": false,
        "is_active": true
    },
    {
        "restaurant_id": "05-63",
        "menu_id": 322,
        "menu_name": "가니미소치킨나베",
        "price": 25000,
        "is_deleted": false,
        "is_active": true
    },
    {
        "restaurant_id": "05-64",
        "menu_id": 323,
        "menu_name": "오꼬노미야끼",
        "price": 25000,
        "is_deleted": false,
        "is_active": true
    },
    {
        "restaurant_id": "05-64",
        "menu_id": 324,
        "menu_name": "관서 오뎅탕",
        "price": 27000,
        "is_deleted": false,
        "is_active": true
    },
    {
        "restaurant_id": "05-64",
        "menu_id": 325,
        "menu_name": "모듬사시미",
        "price": 65000,
        "is_deleted": false,
        "is_active": true
    },
    {
        "restaurant_id": "05-64",
        "menu_id": 326,
        "menu_name": "모듬꼬치",
        "price": 32000,
        "is_deleted": false,
        "is_active": true
    },
    {
        "restaurant_id": "05-64",
        "menu_id": 327,
        "menu_name": "메로구이",
        "price": 28000,
        "is_deleted": false,
        "is_active": true
    },
    {
        "restaurant_id": "05-65",
        "menu_id": 328,
        "menu_name": "광어사시미",
        "price": 30000,
        "is_deleted": false,
        "is_active": true
    },
    {
        "restaurant_id": "05-65",
        "menu_id": 329,
        "menu_name": "함박파스타",
        "price": 20000,
        "is_deleted": false,
        "is_active": true
    },
    {
        "restaurant_id": "05-65",
        "menu_id": 330,
        "menu_name": "한우야채전골",
        "price": 35000,
        "is_deleted": false,
        "is_active": true
    },
    {
        "restaurant_id": "05-65",
        "menu_id": 331,
        "menu_name": "중화풍 닭강정",
        "price": 20000,
        "is_deleted": false,
        "is_active": true
    },
    {
        "restaurant_id": "05-65",
        "menu_id": 332,
        "menu_name": "후토마끼",
        "price": 20000,
        "is_deleted": false,
        "is_active": true
    },
    {
        "restaurant_id": "05-66",
        "menu_id": 333,
        "menu_name": "나가사끼짬뽕탕",
        "price": 15000,
        "is_deleted": false,
        "is_active": true
    },
    {
        "restaurant_id": "05-66",
        "menu_id": 334,
        "menu_name": "해물알탕",
        "price": 15000,
        "is_deleted": false,
        "is_active": true
    },
    {
        "restaurant_id": "05-66",
        "menu_id": 335,
        "menu_name": "쇼군오뎅탕",
        "price": 13000,
        "is_deleted": false,
        "is_active": true
    },
    {
        "restaurant_id": "05-66",
        "menu_id": 336,
        "menu_name": "참차타다키",
        "price": 18000,
        "is_deleted": false,
        "is_active": true
    },
    {
        "restaurant_id": "05-66",
        "menu_id": 337,
        "menu_name": "낙지소면",
        "price": 13000,
        "is_deleted": false,
        "is_active": true
    },
    {
        "restaurant_id": "05-68",
        "menu_id": 338,
        "menu_name": "숙성사미시(소)",
        "price": 39000,
        "is_deleted": false,
        "is_active": true
    },
    {
        "restaurant_id": "05-68",
        "menu_id": 339,
        "menu_name": "사시미 물회",
        "price": 45000,
        "is_deleted": false,
        "is_active": true
    },
    {
        "restaurant_id": "05-68",
        "menu_id": 340,
        "menu_name": "광어 사시미",
        "price": 35000,
        "is_deleted": false,
        "is_active": true
    },
    {
        "restaurant_id": "05-68",
        "menu_id": 341,
        "menu_name": "연어사시미",
        "price": 30000,
        "is_deleted": false,
        "is_active": true
    },
    {
        "restaurant_id": "05-68",
        "menu_id": 342,
        "menu_name": "우니 한판",
        "price": 45000,
        "is_deleted": false,
        "is_active": true
    },
    {
        "restaurant_id": "05-68",
        "menu_id": 343,
        "menu_name": "수제새우장",
        "price": 22000,
        "is_deleted": false,
        "is_active": true
    },
    {
        "restaurant_id": "05-68",
        "menu_id": 344,
        "menu_name": "대하튀김",
        "price": 20000,
        "is_deleted": false,
        "is_active": true
    },
    {
        "restaurant_id": "05-68",
        "menu_id": 345,
        "menu_name": "청어튀김",
        "price": 15000,
        "is_deleted": false,
        "is_active": true
    },
    {
        "restaurant_id": "05-68",
        "menu_id": 346,
        "menu_name": "복어가라아게",
        "price": 15000,
        "is_deleted": false,
        "is_active": true
    },
    {
        "restaurant_id": "05-68",
        "menu_id": 347,
        "menu_name": "가지튀김",
        "price": 12000,
        "is_deleted": false,
        "is_active": true
    },
    {
        "restaurant_id": "05-68",
        "menu_id": 348,
        "menu_name": "시샤모튀김",
        "price": 12000,
        "is_deleted": false,
        "is_active": true
    },
    {
        "restaurant_id": "05-68",
        "menu_id": 349,
        "menu_name": "방울토마토 매실절임",
        "price": 8000,
        "is_deleted": false,
        "is_active": true
    },
    {
        "restaurant_id": "05-68",
        "menu_id": 350,
        "menu_name": "백합탕",
        "price": 12000,
        "is_deleted": false,
        "is_active": true
    },
    {
        "restaurant_id": "05-68",
        "menu_id": 351,
        "menu_name": "타코와사비",
        "price": 8000,
        "is_deleted": false,
        "is_active": true
    },
    {
        "restaurant_id": "05-68",
        "menu_id": 352,
        "menu_name": "모찌리도후",
        "price": 6000,
        "is_deleted": false,
        "is_active": true
    },
    {
        "restaurant_id": "05-68",
        "menu_id": 353,
        "menu_name": "방어(30p)",
        "price": 65000,
        "is_deleted": false,
        "is_active": true
    },
    {
        "restaurant_id": "05-68",
        "menu_id": 354,
        "menu_name": "석화(13ea)",
        "price": 23000,
        "is_deleted": false,
        "is_active": true
    },
    {
        "restaurant_id": "05-68",
        "menu_id": 355,
        "menu_name": "치킨가라아게",
        "price": 18000,
        "is_deleted": false,
        "is_active": true
    },
    {
        "restaurant_id": "05-68",
        "menu_id": 356,
        "menu_name": "광어+연어 사시미",
        "price": 33000,
        "is_deleted": false,
        "is_active": true
    },
    {
        "restaurant_id": "05-68",
        "menu_id": 357,
        "menu_name": "뽈락튀김",
        "price": 13000,
        "is_deleted": false,
        "is_active": true
    },
    {
        "restaurant_id": "05-69",
        "menu_id": 358,
        "menu_name": "연어사시미",
        "price": 23900,
        "is_deleted": false,
        "is_active": true
    },
    {
        "restaurant_id": "05-69",
        "menu_id": 359,
        "menu_name": "새우카라아게",
        "price": 9900,
        "is_deleted": false,
        "is_active": true
    },
    {
        "restaurant_id": "05-69",
        "menu_id": 360,
        "menu_name": "마른오징어몸통구이",
        "price": 12900,
        "is_deleted": false,
        "is_active": true
    },
    {
        "restaurant_id": "05-69",
        "menu_id": 361,
        "menu_name": "골뱅이소면",
        "price": 15900,
        "is_deleted": false,
        "is_active": true
    },
    {
        "restaurant_id": "05-69",
        "menu_id": 362,
        "menu_name": "해물볶음우동",
        "price": 15900,
        "is_deleted": false,
        "is_active": true
    },
    {
        "restaurant_id": "05-70",
        "menu_id": 363,
        "menu_name": "명란크림파스타",
        "price": 19900,
        "is_deleted": false,
        "is_active": true
    },
    {
        "restaurant_id": "05-70",
        "menu_id": 364,
        "menu_name": "쉬림프로제파스타",
        "price": 21900,
        "is_deleted": false,
        "is_active": true
    },
    {
        "restaurant_id": "05-70",
        "menu_id": 365,
        "menu_name": "부리타포모도로",
        "price": 24900,
        "is_deleted": false,
        "is_active": true
    },
    {
        "restaurant_id": "05-70",
        "menu_id": 366,
        "menu_name": "감바스알아히요",
        "price": 22900,
        "is_deleted": false,
        "is_active": true
    },
    {
        "restaurant_id": "05-70",
        "menu_id": 367,
        "menu_name": "까망베르치즈구이",
        "price": 18900,
        "is_deleted": false,
        "is_active": true
    },
    {
        "restaurant_id": "05-70",
        "menu_id": 368,
        "menu_name": "타마고야끼",
        "price": 12900,
        "is_deleted": false,
        "is_active": true
    },
    {
        "restaurant_id": "05-70",
        "menu_id": 369,
        "menu_name": "해물오꼬노미야끼",
        "price": 19900,
        "is_deleted": false,
        "is_active": true
    },
    {
        "restaurant_id": "05-70",
        "menu_id": 370,
        "menu_name": "해산물국물떡볶이",
        "price": 28900,
        "is_deleted": false,
        "is_active": true
    },
    {
        "restaurant_id": "05-70",
        "menu_id": 371,
        "menu_name": "야끼교자",
        "price": 9900,
        "is_deleted": false,
        "is_active": true
    },
    {
        "restaurant_id": "05-70",
        "menu_id": 372,
        "menu_name": "치킨가라아게",
        "price": 18900,
        "is_deleted": false,
        "is_active": true
    },
    {
        "restaurant_id": "05-70",
        "menu_id": 373,
        "menu_name": "왕새우눈꽃튀김",
        "price": 29000,
        "is_deleted": false,
        "is_active": true
    },
    {
        "restaurant_id": "05-70",
        "menu_id": 374,
        "menu_name": "트러플오일프렌치프라이",
        "price": 13900,
        "is_deleted": false,
        "is_active": true
    },
    {
        "restaurant_id": "05-70",
        "menu_id": 375,
        "menu_name": "모둠오뎅",
        "price": 19900,
        "is_deleted": false,
        "is_active": true
    },
    {
        "restaurant_id": "05-70",
        "menu_id": 376,
        "menu_name": "해물나가사끼짬뽕",
        "price": 28900,
        "is_deleted": false,
        "is_active": true
    },
    {
        "restaurant_id": "05-70",
        "menu_id": 377,
        "menu_name": "모둠해물나베",
        "price": 29900,
        "is_deleted": false,
        "is_active": true
    },
    {
        "restaurant_id": "05-75",
        "menu_id": 378,
        "menu_name": "사각오뎅",
        "price": 2500,
        "is_deleted": false,
        "is_active": true
    },
    {
        "restaurant_id": "05-75",
        "menu_id": 379,
        "menu_name": "길쭉오뎅",
        "price": 2500,
        "is_deleted": false,
        "is_active": true
    },
    {
        "restaurant_id": "05-75",
        "menu_id": 380,
        "menu_name": "물떡",
        "price": 3000,
        "is_deleted": false,
        "is_active": true
    },
    {
        "restaurant_id": "05-75",
        "menu_id": 381,
        "menu_name": "곤약",
        "price": 2500,
        "is_deleted": false,
        "is_active": true
    },
    {
        "restaurant_id": "05-75",
        "menu_id": 382,
        "menu_name": "야채오뎅",
        "price": 3000,
        "is_deleted": false,
        "is_active": true
    },
    {
        "restaurant_id": "05-75",
        "menu_id": 383,
        "menu_name": "치즈오뎅",
        "price": 3000,
        "is_deleted": false,
        "is_active": true
    },
    {
        "restaurant_id": "05-75",
        "menu_id": 384,
        "menu_name": "고추당면",
        "price": 3000,
        "is_deleted": false,
        "is_active": true
    },
    {
        "restaurant_id": "05-75",
        "menu_id": 385,
        "menu_name": "유부주머니",
        "price": 3500,
        "is_deleted": false,
        "is_active": true
    },
    {
        "restaurant_id": "05-75",
        "menu_id": 386,
        "menu_name": "한뺀",
        "price": 4000,
        "is_deleted": false,
        "is_active": true
    },
    {
        "restaurant_id": "05-75",
        "menu_id": 387,
        "menu_name": "치쿠와",
        "price": 4500,
        "is_deleted": false,
        "is_active": true
    },
    {
        "restaurant_id": "05-75",
        "menu_id": 388,
        "menu_name": "스모크소세지",
        "price": 4500,
        "is_deleted": false,
        "is_active": true
    },
    {
        "restaurant_id": "05-75",
        "menu_id": 389,
        "menu_name": "소시지 미르바 점보",
        "price": 6500,
        "is_deleted": false,
        "is_active": true
    },
    {
        "restaurant_id": "05-75",
        "menu_id": 390,
        "menu_name": "아지타마고",
        "price": 3000,
        "is_deleted": false,
        "is_active": true
    },
    {
        "restaurant_id": "05-75",
        "menu_id": 391,
        "menu_name": "롤양배추",
        "price": 4000,
        "is_deleted": false,
        "is_active": true
    },
    {
        "restaurant_id": "05-75",
        "menu_id": 392,
        "menu_name": "무우",
        "price": 4500,
        "is_deleted": false,
        "is_active": true
    },
    {
        "restaurant_id": "05-75",
        "menu_id": 393,
        "menu_name": "아츠아게",
        "price": 6000,
        "is_deleted": false,
        "is_active": true
    },
    {
        "restaurant_id": "05-75",
        "menu_id": 394,
        "menu_name": "표고버섯",
        "price": 6000,
        "is_deleted": false,
        "is_active": true
    },
    {
        "restaurant_id": "05-75",
        "menu_id": 395,
        "menu_name": "스지",
        "price": 9000,
        "is_deleted": false,
        "is_active": true
    },
    {
        "restaurant_id": "05-75",
        "menu_id": 396,
        "menu_name": "한우육사시미",
        "price": 22000,
        "is_deleted": false,
        "is_active": true
    },
    {
        "restaurant_id": "05-75",
        "menu_id": 397,
        "menu_name": "스텔라마리스",
        "price": 19000,
        "is_deleted": false,
        "is_active": true
    },
    {
        "restaurant_id": "05-75",
        "menu_id": 398,
        "menu_name": "코모치야리이까",
        "price": 14000,
        "is_deleted": false,
        "is_active": true
    },
    {
        "restaurant_id": "05-76",
        "menu_id": 399,
        "menu_name": "1人 사시미",
        "price": 22000,
        "is_deleted": false,
        "is_active": true
    },
    {
        "restaurant_id": "05-76",
        "menu_id": 400,
        "menu_name": "후토마키",
        "price": 20000,
        "is_deleted": false,
        "is_active": true
    },
    {
        "restaurant_id": "05-76",
        "menu_id": 401,
        "menu_name": "마파두부",
        "price": 16000,
        "is_deleted": false,
        "is_active": true
    },
    {
        "restaurant_id": "05-76",
        "menu_id": 402,
        "menu_name": "야키소바",
        "price": 15000,
        "is_deleted": false,
        "is_active": true
    },
    {
        "restaurant_id": "05-76",
        "menu_id": 403,
        "menu_name": "참치마키 (반 줄)",
        "price": 18000,
        "is_deleted": false,
        "is_active": true
    },
    {
        "restaurant_id": "05-76",
        "menu_id": 404,
        "menu_name": "사케동",
        "price": 15000,
        "is_deleted": false,
        "is_active": true
    },
    {
        "restaurant_id": "05-76",
        "menu_id": 405,
        "menu_name": "로스카츠",
        "price": 12000,
        "is_deleted": false,
        "is_active": true
    },
    {
        "restaurant_id": "05-76",
        "menu_id": 406,
        "menu_name": "가라아게동",
        "price": 10000,
        "is_deleted": false,
        "is_active": true
    },
    {
        "restaurant_id": "05-76",
        "menu_id": 407,
        "menu_name": "명란구이",
        "price": 15000,
        "is_deleted": false,
        "is_active": true
    },
    {
        "restaurant_id": "05-76",
        "menu_id": 408,
        "menu_name": "시샤모 덴뿌라",
        "price": 9000,
        "is_deleted": false,
        "is_active": true
    },
    {
        "restaurant_id": "05-76",
        "menu_id": 409,
        "menu_name": "사와라 레아 후라이",
        "price": 12000,
        "is_deleted": false,
        "is_active": true
    },
    {
        "restaurant_id": "05-76",
        "menu_id": 410,
        "menu_name": "멘치카츠",
        "price": 12000,
        "is_deleted": false,
        "is_active": true
    },
    {
        "restaurant_id": "05-76",
        "menu_id": 411,
        "menu_name": "오뎅 모리아 와세",
        "price": 20000,
        "is_deleted": false,
        "is_active": true
    },
    {
        "restaurant_id": "05-76",
        "menu_id": 412,
        "menu_name": "시메사바 보우즈시",
        "price": 25000,
        "is_deleted": false,
        "is_active": true
    },
    {
        "restaurant_id": "05-76",
        "menu_id": 413,
        "menu_name": "교자",
        "price": 7000,
        "is_deleted": false,
        "is_active": true
    },
    {
        "restaurant_id": "05-76",
        "menu_id": 414,
        "menu_name": "하무캬베츠",
        "price": 6000,
        "is_deleted": false,
        "is_active": true
    },
    {
        "restaurant_id": "05-76",
        "menu_id": 415,
        "menu_name": "모츠나베",
        "price": 24000,
        "is_deleted": false,
        "is_active": true
    },
    {
        "restaurant_id": "05-76",
        "menu_id": 416,
        "menu_name": "치킨 가라아게",
        "price": 12000,
        "is_deleted": false,
        "is_active": true
    },
    {
        "restaurant_id": "05-77",
        "menu_id": 417,
        "menu_name": "코스",
        "price": 35000,
        "is_deleted": false,
        "is_active": true
    }
]