[
  {
    "id":"10-01",
    "name":"구우트",
    "category_id":"다이닝바",
    "score":4.6,
    "review":135,
    "address":"경기 성남시 분당구 대왕판교로 670 유스페이스2 A동 지하1층 B109,110호",
    "operating_hour":"월~토 11:30 ~ 22:00",
    "expanded_days":"월,화,수,목,금,토",
    "time_range":"11:30 ~ 22:00",
    "phone_number":50713970922.0,
    "image_urls":"\/\/img1.kakaocdn.net\/cthumb\/local\/C640x640.q50\/?fname=http%3A%2F%2Ft1.kakaocdn.net%2Fmystore%2F6A9F6ECC24C7452294CE40371EF339E2, \/\/img1.kakaocdn.net\/cthumb\/local\/C320x320.q50\/?fname=http%3A%2F%2Ft1.kakaocdn.net%2Fmystore%2F4B462B6BDC544376871579B67173AF79, \/\/img1.kakaocdn.net\/cthumb\/local\/C320x320.q50\/?fname=http%3A%2F%2Ft1.kakaocdn.net%2Fmystore%2F849176E7AEFE48A890C1CAF648B7EF49",
    "convenience":"WIFI\n동물출입\n주차\n휠체어사용\n놀이방\n흡연실",
    "caution":"예약가능, 배달불가, 포장불가",
    "is_deleted":false
  },
  {
    "id":"10-02",
    "name":"오늘와인한잔 판교역점",
    "category_id":"다이닝바",
    "score":2.9,
    "review":9,
    "address":"경기 성남시 분당구 대왕판교로606번길 45 판교역푸르지오시티오피스텔 1층 103,104호",
    "operating_hour":"매일 17:00 ~ 02:00",
    "expanded_days":"월,화,수,목,금,토,일",
    "time_range":"17:00 ~ 02:00",
    "phone_number":null,
    "image_urls":"\/\/img1.kakaocdn.net\/cthumb\/local\/C640x640.q50\/?fname=http%3A%2F%2Ft1.daumcdn.net%2Fplace%2F9782875C838E4A908E2930BA15D14C63, \/\/img1.kakaocdn.net\/cthumb\/local\/C320x320.q50\/?fname=http%3A%2F%2Ft1.daumcdn.net%2Flocal%2FkakaomapPhoto%2Freview%2F18dfa74e842b2d1f821333317d795eeb07c6b6b8480274dba292d51b54573367, \/\/img1.kakaocdn.net\/cthumb\/local\/C320x320.q50\/?fname=http%3A%2F%2Ft1.daumcdn.net%2Flocal%2FkakaomapPhoto%2Freview%2Fdbda9a9ab71c1dda5597fdf932439b4158daa69a%3Foriginal",
    "convenience":"주차",
    "caution":"유의사항 정보 없음",
    "is_deleted":false
  },
  {
    "id":"10-03",
    "name":"콘노이",
    "category_id":"다이닝바",
    "score":4.0,
    "review":20,
    "address":"경기 성남시 분당구 운중로138번길 24-1 1층",
    "operating_hour":"매일 17:00 ~ 24:00",
    "expanded_days":"월,화,수,목,금,토,일",
    "time_range":"17:00 ~ 24:00",
    "phone_number":50713260064.0,
    "image_urls":"\/\/img1.kakaocdn.net\/cthumb\/local\/C640x640.q50\/?fname=http%3A%2F%2Ft1.daumcdn.net%2Fplace%2F7401528A82004731AD892BB94880C212, \/\/img1.kakaocdn.net\/cthumb\/local\/C320x320.q50\/?fname=http%3A%2F%2Ft1.daumcdn.net%2Flocal%2FkakaomapPhoto%2Freview%2F475e8473308788178d822ed7e3bdc2948d199699%3Foriginal, \/\/img1.kakaocdn.net\/cthumb\/local\/C320x320.q50\/?fname=http%3A%2F%2Ft1.daumcdn.net%2Flocal%2FkakaomapPhoto%2Freview%2F54ac32166b8d9af4bf0cf58475eeaddfdcc63d98%3Foriginal",
    "convenience":"편의시설 정보 없음",
    "caution":"유의사항 정보 없음",
    "is_deleted":false
  },
  {
    "id":"10-04",
    "name":"물뭍",
    "category_id":"다이닝바",
    "score":4.7,
    "review":7,
    "address":"경기 성남시 분당구 판교공원로3길 36 상가 1층 101호",
    "operating_hour":"수~토 16:00 ~ 24:00",
    "expanded_days":"수,목,금,토",
    "time_range":"16:00 ~ 24:00",
    "phone_number":7086571264.0,
    "image_urls":"\/\/img1.kakaocdn.net\/cthumb\/local\/C640x640.q50\/?fname=http%3A%2F%2Ft1.daumcdn.net%2Flocal%2FkakaomapPhoto%2Freview%2F82f4b0778561a2df379d23fa6ab0b0f4e9e4524c%3Foriginal, \/\/img1.kakaocdn.net\/cthumb\/local\/C320x320.q50\/?fname=http%3A%2F%2Ft1.daumcdn.net%2Flocal%2FkakaomapPhoto%2Freview%2F8aeffa0bebc2ddeae41c6918914d268096efc8bd%3Foriginal, \/\/img1.kakaocdn.net\/cthumb\/local\/C320x320.q50\/?fname=http%3A%2F%2Ft1.daumcdn.net%2Flocal%2FkakaomapPhoto%2Freview%2Fa9707d7bfd5f1ee1947b7097718ff31fab9acd9a%3Foriginal",
    "convenience":"WIFI\n동물출입\n주차\n휠체어사용\n놀이방\n흡연실",
    "caution":"예약가능, 배달불가, 포장불가",
    "is_deleted":false
  },
  {
    "id":"10-05",
    "name":"퍼프시가바",
    "category_id":"다이닝바",
    "score":0.0,
    "review":0,
    "address":"경기 성남시 분당구 판교로25번길 8-4 1층",
    "operating_hour":"매일 13:00 ~ 01:10",
    "expanded_days":"월,화,수,목,금,토,일",
    "time_range":"13:00 ~ 01:10",
    "phone_number":1097709311.0,
    "image_urls":"이미지 정보 없음",
    "convenience":"편의시설 정보 없음",
    "caution":"유의사항 정보 없음",
    "is_deleted":false
  },
  {
    "id":"10-06",
    "name":"비눔",
    "category_id":"다이닝바",
    "score":5.0,
    "review":143,
    "address":"경기 성남시 분당구 대왕판교로 660 유스페이스1 지하1층 B106호",
    "operating_hour":"월~금 11:00 ~ 24:00",
    "expanded_days":"월,화,수,목,금",
    "time_range":"11:00 ~ 24:00",
    "phone_number":50714356693.0,
    "image_urls":"\/\/img1.kakaocdn.net\/cthumb\/local\/C640x640.q50\/?fname=http%3A%2F%2Ft1.kakaocdn.net%2Fmystore%2F4632DF873CFB48419A38790C9D8A2E1A, \/\/img1.kakaocdn.net\/cthumb\/local\/C320x320.q50\/?fname=http%3A%2F%2Ft1.kakaocdn.net%2Fmystore%2F3EE1E4786B194A9CAF89DD28E09089ED, \/\/img1.kakaocdn.net\/cthumb\/local\/C320x320.q50\/?fname=http%3A%2F%2Ft1.kakaocdn.net%2Fmystore%2FA3B82EA27D4244A18B480F5AD98DD7E1",
    "convenience":"주차",
    "caution":"예약가능, 포장불가",
    "is_deleted":false
  },
  {
    "id":"10-07",
    "name":"풀문",
    "category_id":"다이닝바",
    "score":5.0,
    "review":0,
    "address":"경기 성남시 분당구 판교공원로1길 50 1층 101호",
    "operating_hour":"월~금 19:30 ~ 01:30",
    "expanded_days":"월,화,수,목,금",
    "time_range":"19:30 ~ 01:30",
    "phone_number":317072056.0,
    "image_urls":"\/\/img1.kakaocdn.net\/cthumb\/local\/C640x640.q50\/?fname=http%3A%2F%2Ft1.daumcdn.net%2Flocal%2FkakaomapPhoto%2Freview%2Fdb0b34293c493e10264f75cec279bdfda3847dad%3Foriginal, \/\/img1.kakaocdn.net\/cthumb\/local\/C320x320.q50\/?fname=https%3A%2F%2Fpostfiles.pstatic.net%2FMjAyMzA4MDdfMjMy%2FMDAxNjkxNDE4MDg3Mzkx.FzVdbeZ4eOl5ynbsynrdew02B3-B5S3skR81JdTlSSIg.BRBbZH-wOaBNSzsBrTTZeA80DCTZiS8dCm806ekoM4Ig.JPEG.yhs04065%2FIMG_8219.JPG%3Ftype%3Dw966, \/\/img1.kakaocdn.net\/cthumb\/local\/C320x320.q50\/?fname=https%3A%2F%2Fpostfiles.pstatic.net%2FMjAyMzA4MDdfMTI3%2FMDAxNjkxNDE4MDg2ODk4.iOYA01oZMombSCr_SvoyQUzgssIwBHnKYpL6GeOqiX4g.RWUulXRvPsTUIvwOjvqpyw9anjD_keBLFUv6BzqXKXYg.JPEG.yhs04065%2FIMG_8218.JPG%3Ftype%3Dw966",
    "convenience":"편의시설 정보 없음",
    "caution":"유의사항 정보 없음",
    "is_deleted":false
  },
  {
    "id":"10-08",
    "name":"나함",
    "category_id":"다이닝바",
    "score":4.6,
    "review":0,
    "address":"경기 성남시 분당구 서판교로44번길 3-5 1층",
    "operating_hour":"화~토 19:00 ~ 24:00",
    "expanded_days":"화,수,목,금,토",
    "time_range":"19:00 ~ 24:00",
    "phone_number":null,
    "image_urls":"\/\/img1.kakaocdn.net\/cthumb\/local\/C640x640.q50\/?fname=http%3A%2F%2Ft1.daumcdn.net%2Flocal%2FkakaomapPhoto%2Freview%2F2c63b1e80b6f0a65c79a92209345b9ad1f935a54%3Foriginal, \/\/img1.kakaocdn.net\/cthumb\/local\/C320x320.q50\/?fname=http%3A%2F%2Ft1.daumcdn.net%2Flocal%2FkakaomapPhoto%2Freview%2F2c63b1e80b6f0a65c79a92209345b9ad1f935a54%3Foriginal, \/\/img1.kakaocdn.net\/cthumb\/local\/C320x320.q50\/?fname=http%3A%2F%2Ft1.daumcdn.net%2Flocal%2FkakaomapPhoto%2Freview%2F462a0db40631da2136ddf80a3c196752868c1100%3Foriginal",
    "convenience":"편의시설 정보 없음",
    "caution":"유의사항 정보 없음",
    "is_deleted":false
  },
  {
    "id":"10-09",
    "name":"오아시스터즈",
    "category_id":"다이닝바",
    "score":0.0,
    "review":5,
    "address":"경기 성남시 분당구 판교역로 136 힐스테이트 판교역 상가1동 1036호",
    "operating_hour":"월~수 08:00 ~ 20:00",
    "expanded_days":"월,화,수",
    "time_range":"08:00 ~ 20:00",
    "phone_number":3180397230.0,
    "image_urls":"\/\/img1.kakaocdn.net\/cthumb\/local\/C640x640.q50\/?fname=http%3A%2F%2Ft1.daumcdn.net%2Fplace%2F443E8598B2F14D38AEEE50C8BB0D195C, \/\/img1.kakaocdn.net\/cthumb\/local\/C320x320.q50\/?fname=https%3A%2F%2Fpostfiles.pstatic.net%2FMjAyMzA4MDFfMTI1%2FMDAxNjkwODc4NTU1Mzc5.h87gsXgg1f-tbDBlMLWgEKt0ysMoI9TwKv_0MltpTk8g.szQGR8_eFIk8kRKzz4OMo5bnIw47m434xcpPFMbBrv4g.PNG.llsyll94230%2F%25EC%258A%25A4%25ED%2581%25AC%25EB%25A6%25B0%25EC%2583%25B7_2023-08-01_%25EC%2598%25A4%25ED%259B%2584_5.28.54.png%3Ftype%3Dw773, \/\/img1.kakaocdn.net\/cthumb\/local\/C320x320.q50\/?fname=https%3A%2F%2Fpostfiles.pstatic.net%2FMjAyMzA4MDFfMTEg%2FMDAxNjkwODc2OTU4NzY3.kPfn-5FOGXDxx0VrV7CuvV8I-uGnq7b1z0qgaVkkgl8g.XXFhwN5LyJ6RpuJJ2sjmZBXkxoVSx_ztYClvgv6s3iMg.JPEG.llsyll94230%2FIMG_2828.JPG%3Ftype%3Dw773",
    "convenience":"편의시설 정보 없음",
    "caution":"유의사항 정보 없음",
    "is_deleted":false
  },
  {
    "id":"10-10",
    "name":"와인G",
    "category_id":"다이닝바",
    "score":3.3,
    "review":0,
    "address":"경기 성남시 분당구 판교역로192번길 12 2층",
    "operating_hour":null,
    "expanded_days":null,
    "time_range":null,
    "phone_number":null,
    "image_urls":"이미지 정보 없음",
    "convenience":"편의시설 정보 없음",
    "caution":"유의사항 정보 없음",
    "is_deleted":false
  },
  {
    "id":"10-11",
    "name":"와인팩토리",
    "category_id":"다이닝바",
    "score":0.0,
    "review":0,
    "address":"경기 성남시 분당구 판교역로192번길 14-2",
    "operating_hour":null,
    "expanded_days":null,
    "time_range":null,
    "phone_number":null,
    "image_urls":"이미지 정보 없음",
    "convenience":"편의시설 정보 없음",
    "caution":"유의사항 정보 없음",
    "is_deleted":false
  },
  {
    "id":"10-12",
    "name":"루프",
    "category_id":"다이닝바",
    "score":3.0,
    "review":0,
    "address":"경기 성남시 분당구 동판교로52번길 25-18 1층",
    "operating_hour":"매일 17:00 ~ 24:00",
    "expanded_days":"월,화,수,목,금,토,일",
    "time_range":"17:00 ~ 24:00",
    "phone_number":317079863.0,
    "image_urls":"이미지 정보 없음",
    "convenience":"편의시설 정보 없음",
    "caution":"유의사항 정보 없음",
    "is_deleted":false
  },
  {
    "id":"10-13",
    "name":"와인샵 현대백화점 판교점",
    "category_id":"다이닝바",
    "score":0.0,
    "review":0,
    "address":"경기 성남시 분당구 판교역로146번길 20 지하1층",
    "operating_hour":null,
    "expanded_days":null,
    "time_range":null,
    "phone_number":3151702078.0,
    "image_urls":"이미지 정보 없음",
    "convenience":"편의시설 정보 없음",
    "caution":"유의사항 정보 없음",
    "is_deleted":false
  },
  {
    "id":"10-14",
    "name":"설탕바",
    "category_id":"다이닝바",
    "score":0.0,
    "review":0,
    "address":"경기 성남시 분당구 대왕판교로 660",
    "operating_hour":null,
    "expanded_days":null,
    "time_range":null,
    "phone_number":null,
    "image_urls":"이미지 정보 없음",
    "convenience":"편의시설 정보 없음",
    "caution":"유의사항 정보 없음",
    "is_deleted":false
  },
  {
    "id":"10-15",
    "name":"레끌레 드 크리스탈 판교점",
    "category_id":"다이닝바",
    "score":0.0,
    "review":0,
    "address":"경기 성남시 분당구 서판교로58번길 4-2",
    "operating_hour":null,
    "expanded_days":null,
    "time_range":null,
    "phone_number":null,
    "image_urls":"이미지 정보 없음",
    "convenience":"편의시설 정보 없음",
    "caution":"유의사항 정보 없음",
    "is_deleted":false
  },
  {
    "id":"10-16",
    "name":"트웬티포세븐",
    "category_id":"다이닝바",
    "score":0.0,
    "review":0,
    "address":"경기 성남시 분당구 동판교로52번길 26",
    "operating_hour":"월~금 17:00 ~ 03:00",
    "expanded_days":"월,화,수,목,금",
    "time_range":"17:00 ~ 03:00",
    "phone_number":null,
    "image_urls":"이미지 정보 없음",
    "convenience":"편의시설 정보 없음",
    "caution":"유의사항 정보 없음",
    "is_deleted":false
  },
  {
    "id":"10-17",
    "name":"바에이팀",
    "category_id":"다이닝바",
    "score":0.0,
    "review":0,
    "address":"경기 성남시 분당구 대왕판교로 670",
    "operating_hour":null,
    "expanded_days":null,
    "time_range":null,
    "phone_number":null,
    "image_urls":"이미지 정보 없음",
    "convenience":"편의시설 정보 없음",
    "caution":"유의사항 정보 없음",
    "is_deleted":false
  },
  {
    "id":"10-18",
    "name":"삼평동솜씨방",
    "category_id":"다이닝바",
    "score":0.0,
    "review":0,
    "address":"경기 성남시 분당구 대왕판교로 670 유스페이스2동 3층 310호",
    "operating_hour":null,
    "expanded_days":null,
    "time_range":null,
    "phone_number":null,
    "image_urls":"이미지 정보 없음",
    "convenience":"편의시설 정보 없음",
    "caution":"유의사항 정보 없음",
    "is_deleted":false
  },
  {
    "id":"10-19",
    "name":"부에노부스",
    "category_id":"다이닝바",
    "score":4.0,
    "review":40,
    "address":"경기 성남시 분당구 장미로 42 야탑리더스 1층 116호",
    "operating_hour":"매일 18:00 ~ 24:00",
    "expanded_days":"월,화,수,목,금,토,일",
    "time_range":"18:00 ~ 24:00",
    "phone_number":7041893425.0,
    "image_urls":"\/\/img1.kakaocdn.net\/cthumb\/local\/C640x640.q50\/?fname=http%3A%2F%2Ft1.daumcdn.net%2Fplace%2F3216B58D98C4436D89A8B0DB9261AAF4, \/\/img1.kakaocdn.net\/cthumb\/local\/C320x320.q50\/?fname=https%3A%2F%2Ft1.daumcdn.net%2Flocal%2Freview_placeapp%2FbtqrM2llxnd_9CgcOcx7GU5ESpsKYfkJh1_img.jpg, \/\/img1.kakaocdn.net\/cthumb\/local\/C320x320.q50\/?fname=https%3A%2F%2Ft1.daumcdn.net%2Flocal%2Freview_placeapp%2FbtqrOgQIeni_MkEWCVLDhh5ZulyiqRKCs0_img.jpg",
    "convenience":"주차",
    "caution":"예약가능",
    "is_deleted":false
  },
  {
    "id":"10-20",
    "name":"어바웃풍미",
    "category_id":"다이닝바",
    "score":4.6,
    "review":68,
    "address":"경기 성남시 분당구 서현로210번길 2 성지하이츠텔 209호",
    "operating_hour":"월~토 17:00 ~ 01:00",
    "expanded_days":"월,화,수,목,금,토",
    "time_range":"17:00 ~ 01:00",
    "phone_number":317078771.0,
    "image_urls":"\/\/img1.kakaocdn.net\/cthumb\/local\/C640x640.q50\/?fname=http%3A%2F%2Ft1.kakaocdn.net%2Ffiy_reboot%2Fplace%2F37268F424C514B65B17991CADBB0F304, \/\/img1.kakaocdn.net\/cthumb\/local\/C320x320.q50\/?fname=http%3A%2F%2Ft1.kakaocdn.net%2Ffiy_reboot%2Fplace%2F02FE82F350AA4C369196B99C48C7F6A5, \/\/img1.kakaocdn.net\/cthumb\/local\/C320x320.q50\/?fname=http%3A%2F%2Ft1.daumcdn.net%2Flocal%2FkakaomapPhoto%2Freview%2F460caf90126cb5c28af20d073d8bcff89a5a4a19%3Foriginal",
    "convenience":"WIFI\n동물출입\n주차",
    "caution":"예약가능, 배달불가, 포장가능",
    "is_deleted":false
  },
  {
    "id":"10-21",
    "name":"비율",
    "category_id":"다이닝바",
    "score":4.5,
    "review":59,
    "address":"경기 성남시 분당구 서현로210번길 2 성지하이츠텔 2층 208호",
    "operating_hour":"매일 17:00 ~ 23:00",
    "expanded_days":"월,화,수,목,금,토,일",
    "time_range":"17:00 ~ 23:00",
    "phone_number":1033003250.0,
    "image_urls":"이미지 정보 없음",
    "convenience":"편의시설 정보 없음",
    "caution":"유의사항 정보 없음",
    "is_deleted":false
  },
  {
    "id":"10-22",
    "name":"오늘와인한잔 서현에스점",
    "category_id":"다이닝바",
    "score":5.0,
    "review":10,
    "address":"경기 성남시 분당구 중앙공원로39번길 49 서현지엔느 1층 101-2호",
    "operating_hour":"매일 16:00 ~ 24:00",
    "expanded_days":"월,화,수,목,금,토,일",
    "time_range":"16:00 ~ 24:00",
    "phone_number":null,
    "image_urls":"\/\/img1.kakaocdn.net\/cthumb\/local\/C640x640.q50\/?fname=http%3A%2F%2Ft1.daumcdn.net%2Fplace%2FE4BBBA698C064CDA9F7EB6FA79EDDBEE, \/\/img1.kakaocdn.net\/cthumb\/local\/C320x320.q50\/?fname=http%3A%2F%2Ft1.daumcdn.net%2Flocal%2FkakaomapPhoto%2Freview%2Fddf41b2005c575ad2aabce0924250f18ede19018%3Foriginal, \/\/img1.kakaocdn.net\/cthumb\/local\/C320x320.q50\/?fname=https%3A%2F%2Fpostfiles.pstatic.net%2FMjAyNDA5MDRfMTEx%2FMDAxNzI1NDU5MTIwODAw.ZV2Mv4jh5LlHbii3mxkdGzYyMMfWFkH29rHpzjmTOSog.18ESLWVb_1cplfUk040UsCwG37W09A0M99g97B-IYesg.JPEG%2FSE-C233275F-5BB1-475A-B5F7-D263637C2BF6.jpg%3Ftype%3Dw773",
    "convenience":"편의시설 정보 없음",
    "caution":"유의사항 정보 없음",
    "is_deleted":false
  },
  {
    "id":"10-23",
    "name":"로디드",
    "category_id":"다이닝바",
    "score":5.0,
    "review":0,
    "address":"경기 성남시 분당구 느티로69번길 18 1층 103호",
    "operating_hour":"월,화,수요일",
    "expanded_days":"월,화,수요일",
    "time_range":null,
    "phone_number":50371506543.0,
    "image_urls":"\/\/img1.kakaocdn.net\/cthumb\/local\/C640x640.q50\/?fname=http%3A%2F%2Ft1.kakaocdn.net%2Fmystore%2FC43D42A43BBF4DFABA04FB6E26C14C50, \/\/img1.kakaocdn.net\/cthumb\/local\/C320x320.q50\/?fname=http%3A%2F%2Ft1.kakaocdn.net%2Fmystore%2FB6D85447E04047FEA6FD758C08848C54, \/\/img1.kakaocdn.net\/cthumb\/local\/C320x320.q50\/?fname=http%3A%2F%2Ft1.kakaocdn.net%2Fmystore%2F46227678B521447EBA963F68BBA9FDB8",
    "convenience":"WIFI\n동물출입\n주차\n휠체어사용\n놀이방\n흡연실",
    "caution":"예약가능, 배달불가, 포장불가",
    "is_deleted":false
  },
  {
    "id":"10-24",
    "name":"수내와인",
    "category_id":"다이닝바",
    "score":5.0,
    "review":0,
    "address":"경기 성남시 분당구 내정로165번길 50 크리스탈빌딩 101호",
    "operating_hour":null,
    "expanded_days":null,
    "time_range":null,
    "phone_number":null,
    "image_urls":"이미지 정보 없음",
    "convenience":"편의시설 정보 없음",
    "caution":"유의사항 정보 없음",
    "is_deleted":false
  },
  {
    "id":"10-25",
    "name":"우즈(WOODZ)",
    "category_id":"다이닝바",
    "score":5.0,
    "review":0,
    "address":"경기 성남시 분당구 정자일로 197",
    "operating_hour":"월~토 18:00 ~ 02:00",
    "expanded_days":"월,화,수,목,금,토",
    "time_range":"18:00 ~ 02:00",
    "phone_number":null,
    "image_urls":"\/\/img1.kakaocdn.net\/cthumb\/local\/C640x640.q50\/?fname=http%3A%2F%2Ft1.kakaocdn.net%2Ffiy_reboot%2Fplace%2F786D063CAE1149DF9A0A8E71A98F6616, \/\/img1.kakaocdn.net\/cthumb\/local\/C320x320.q50\/?fname=http%3A%2F%2Ft1.kakaocdn.net%2Ffiy_reboot%2Fplace%2FBE8039F6CAE74985A84961CBE1C5EE1C, \/\/img1.kakaocdn.net\/cthumb\/local\/C320x320.q50\/?fname=http%3A%2F%2Ft1.daumcdn.net%2Flocal%2FkakaomapPhoto%2Freview%2F6182e265ce0610f5410746439854b19830c4d7e7%3Foriginal",
    "convenience":"WIFI\n동물출입\n주차\n휠체어사용\n놀이방\n흡연실",
    "caution":"예약가능, 배달불가, 포장불가",
    "is_deleted":false
  },
  {
    "id":"10-26",
    "name":"아르노",
    "category_id":"다이닝바",
    "score":0.0,
    "review":0,
    "address":"경기 성남시 분당구 성남대로331번길 13 백궁프라자1차 3층 303호",
    "operating_hour":"월~토 19:30 ~ 03:00",
    "expanded_days":"월,화,수,목,금,토",
    "time_range":"19:30 ~ 03:00",
    "phone_number":317188858.0,
    "image_urls":"\/\/img1.kakaocdn.net\/cthumb\/local\/C640x640.q50\/?fname=http%3A%2F%2Ft1.daumcdn.net%2Flocalfiy%2F96616FDA80BD4087A92418E74B71B505, \/\/img1.kakaocdn.net\/cthumb\/local\/C320x320.q50\/?fname=http%3A%2F%2Ft1.daumcdn.net%2Flocalfiy%2F5EBAE4D802214A15BA3CE78BB48E111C, \/\/img1.kakaocdn.net\/cthumb\/local\/C320x320.q50\/?fname=http%3A%2F%2Ft1.daumcdn.net%2Flocalfiy%2FA677E84614AB4F2CB352712FB0B7E1CE",
    "convenience":"편의시설 정보 없음",
    "caution":"유의사항 정보 없음",
    "is_deleted":false
  },
  {
    "id":"10-27",
    "name":"카사아지오 분당",
    "category_id":"다이닝바",
    "score":0.0,
    "review":0,
    "address":"경기 성남시 분당구 느티로51번길 4-12",
    "operating_hour":null,
    "expanded_days":null,
    "time_range":null,
    "phone_number":null,
    "image_urls":"이미지 정보 없음",
    "convenience":"편의시설 정보 없음",
    "caution":"유의사항 정보 없음",
    "is_deleted":false
  },
  {
    "id":"10-28",
    "name":"와인바벨벳",
    "category_id":"다이닝바",
    "score":0.0,
    "review":0,
    "address":"경기 성남시 분당구 서현로 184 LG에클라트 214호",
    "operating_hour":null,
    "expanded_days":null,
    "time_range":null,
    "phone_number":null,
    "image_urls":"이미지 정보 없음",
    "convenience":"주차",
    "caution":"예약가능, 포장불가",
    "is_deleted":false
  },
  {
    "id":"10-29",
    "name":"Y바",
    "category_id":"다이닝바",
    "score":0.0,
    "review":0,
    "address":"경기 성남시 분당구 황새울로258번길 32",
    "operating_hour":null,
    "expanded_days":null,
    "time_range":null,
    "phone_number":null,
    "image_urls":"이미지 정보 없음",
    "convenience":"편의시설 정보 없음",
    "caution":"유의사항 정보 없음",
    "is_deleted":false
  },
  {
    "id":"10-30",
    "name":"와인크래프트 비어바",
    "category_id":"다이닝바",
    "score":0.0,
    "review":0,
    "address":"경기 성남시 분당구 판교역로146번길 20 현대백화점 판교점 지하1층",
    "operating_hour":null,
    "expanded_days":null,
    "time_range":null,
    "phone_number":null,
    "image_urls":"이미지 정보 없음",
    "convenience":"편의시설 정보 없음",
    "caution":"유의사항 정보 없음",
    "is_deleted":false
  },
  {
    "id":"10-31",
    "name":"루프일레븐(ROOF11)",
    "category_id":"다이닝바",
    "score":4.6,
    "review":128,
    "address":"경기 성남시 분당구 판교역로192번길 16 판교타워 11층 1101호",
    "operating_hour":"월~토 18:00 ~ 02:00",
    "expanded_days":"월,화,수,목,금,토",
    "time_range":"18:00 ~ 02:00",
    "phone_number":3180171300.0,
    "image_urls":"\/\/img1.kakaocdn.net\/cthumb\/local\/C640x640.q50\/?fname=http%3A%2F%2Ft1.kakaocdn.net%2Fmystore%2FE4CF0D7569DC4974B385B4F0E14CC156, \/\/img1.kakaocdn.net\/cthumb\/local\/C320x320.q50\/?fname=http%3A%2F%2Ft1.kakaocdn.net%2Fmystore%2FD7723E7376DF4D8ABCD7D81E57101A28, \/\/img1.kakaocdn.net\/cthumb\/local\/C320x320.q50\/?fname=http%3A%2F%2Ft1.kakaocdn.net%2Fmystore%2F03C9873E4C2B4DE2B08E050593EF7292",
    "convenience":"WIFI\n동물출입\n주차\n휠체어사용\n놀이방\n흡연실",
    "caution":"예약가능, 배달불가, 포장불가",
    "is_deleted":false
  },
  {
    "id":"10-32",
    "name":"벙크오프",
    "category_id":"다이닝바",
    "score":null,
    "review":192,
    "address":"경기 성남시 수정구 고등로1길 12 1층",
    "operating_hour":"화~일 12:00 ~ 24:00",
    "expanded_days":"화,수,목,금,토,일",
    "time_range":"12:00 ~ 24:00",
    "phone_number":50714900803.0,
    "image_urls":"\/\/img1.kakaocdn.net\/cthumb\/local\/C640x640.q50\/?fname=http%3A%2F%2Ft1.kakaocdn.net%2Fmystore%2FCF2DC669C19B4CDDA430B36650923CC1, \/\/img1.kakaocdn.net\/cthumb\/local\/C320x320.q50\/?fname=http%3A%2F%2Ft1.kakaocdn.net%2Fmystore%2F98C989555F8C4E52BD4CE92B9230E4D5, \/\/img1.kakaocdn.net\/cthumb\/local\/C320x320.q50\/?fname=https%3A%2F%2Fpostfiles.pstatic.net%2FMjAyMjEwMDJfMjQw%2FMDAxNjY0NjcxMDc5NzE1.Q2pn3Kwyvpt8lH7kbZjvCSdz7nJp4Qe0lO9xSCQl4Ygg.oLswfEEUz0gYHim-jsFvtiEuFHch1NiMsnyyDsF_wAMg.JPEG.bodybani1%2F%25EB%25B6%2584%25EB%258B%25B9%25EC%259E%2584%25EC%2582%25B0%25EB%25B6%2580%25EC%259A%25B4%25EB%258F%2599_%25EB%25B6%2584%25EB%258B%25B9%25EC%2582%25B0%25ED%259B%2584%25EC%259A%25B4%25EB%258F%2599_%25EB%25B2%2599%25ED%2581%25AC%25EC%2598%25A4%25ED%2594%25844.jpg%3Ftype%3Dw773",
    "convenience":"WIFI\n동물출입\n주차\n휠체어사용\n놀이방\n흡연실",
    "caution":"예약가능, 배달불가, 포장불가",
    "is_deleted":false
  },
  {
    "id":"10-33",
    "name":"제로비티 그래비티 서울 판교",
    "category_id":"다이닝바",
    "score":3.1,
    "review":91,
    "address":"경기 성남시 분당구 판교역로146번길 2 그래비티타워 1층",
    "operating_hour":"매일 07:30 ~ 23:00",
    "expanded_days":"월,화,수,목,금,토,일",
    "time_range":"07:30 ~ 23:00",
    "phone_number":315394810.0,
    "image_urls":"\/\/img1.kakaocdn.net\/cthumb\/local\/C640x640.q50\/?fname=http%3A%2F%2Ft1.daumcdn.net%2Fplace%2F3A89B499736E4582811795ED6BBEFD3C, \/\/img1.kakaocdn.net\/cthumb\/local\/C320x320.q50\/?fname=http%3A%2F%2Ft1.daumcdn.net%2Flocal%2FkakaomapPhoto%2Freview%2F385b896077d91c39d8491f12f949fcc5741a258f%3Foriginal, \/\/img1.kakaocdn.net\/cthumb\/local\/C320x320.q50\/?fname=http%3A%2F%2Ft1.daumcdn.net%2Flocal%2FkakaomapPhoto%2Freview%2Fbddceb9f6e0ded8061f3dc08097cbc983da4c476%3Foriginal",
    "convenience":"WIFI\n동물출입\n주차\n놀이방\n흡연실",
    "caution":"예약가능, 배달불가, 포장가능",
    "is_deleted":false
  },
  {
    "id":"10-34",
    "name":"엔젤스셰어",
    "category_id":"다이닝바",
    "score":null,
    "review":126,
    "address":"경기 성남시 분당구 판교역로10번길 12-6 101호",
    "operating_hour":"매일 19:00 ~ 03:00",
    "expanded_days":"월,화,수,목,금,토,일",
    "time_range":"19:00 ~ 03:00",
    "phone_number":317023551.0,
    "image_urls":"\/\/img1.kakaocdn.net\/cthumb\/local\/C640x640.q50\/?fname=https%3A%2F%2Fpostfiles.pstatic.net%2FMjAyMjA0MTZfMTkg%2FMDAxNjUwMDk5NDM2ODE2.kCtP5bIM-980thWn3vuVKzy38ca43mmjGmZ4430qftEg.xwRsjJFjw38KiGmHb8lnuwFWsMXgdDqYhQLXcBVN2nIg.JPEG.ziwoni94%2FIMG_9944.jpg%3Ftype%3Dw966, \/\/img1.kakaocdn.net\/cthumb\/local\/C320x320.q50\/?fname=https%3A%2F%2Fpostfiles.pstatic.net%2FMjAyMzExMTlfMTk2%2FMDAxNzAwMzYxNTAyMzk2.42YEE80azXiQFd935w_5wz4oZVNk4I4sKuT7uEyZ5lYg.0cls3bl72TEtNwZrl_IpdmgyLC9COo8Qsd3BLjfOEUUg.JPEG.yunji0203%2FDF842442-515A-4130-926D-B2348E410353_1_105_c.jpeg%3Ftype%3Dw773, \/\/img1.kakaocdn.net\/cthumb\/local\/C320x320.q50\/?fname=https%3A%2F%2Fpostfiles.pstatic.net%2FMjAyMzEwMjJfMjIx%2FMDAxNjk3OTU2ODcwNTgw.90svi_4-VVe35u95IbEaE8LpfFbcMMJh2o3bP0Vw_xsg.j6GWgKAM3rIxslSWdM-SvOHbXa9rdmc3wLxdCnPQeY8g.JPEG.apple0978%2FIMG_6352.jpg%3Ftype%3Dw966",
    "convenience":"편의시설 정보 없음",
    "caution":"유의사항 정보 없음",
    "is_deleted":false
  },
  {
    "id":"10-35",
    "name":"잇트",
    "category_id":"다이닝바",
    "score":4.3,
    "review":55,
    "address":"경기 성남시 분당구 대왕판교로606번길 10 107호",
    "operating_hour":"매일 18:00 ~ 03:00",
    "expanded_days":"월,화,수,목,금,토,일",
    "time_range":"18:00 ~ 03:00",
    "phone_number":317062789.0,
    "image_urls":"\/\/img1.kakaocdn.net\/cthumb\/local\/C640x640.q50\/?fname=http%3A%2F%2Ft1.kakaocdn.net%2Fmystore%2FFF250BE023FC4CEEB2D2F4275D93895C, \/\/img1.kakaocdn.net\/cthumb\/local\/C320x320.q50\/?fname=http%3A%2F%2Ft1.kakaocdn.net%2Fmystore%2F525904328BBE438A8F1F1865586876C2, \/\/img1.kakaocdn.net\/cthumb\/local\/C320x320.q50\/?fname=https%3A%2F%2Fpostfiles.pstatic.net%2FMjAyNDEyMTJfMjEw%2FMDAxNzMzOTgyMDEwNjkw.7dNNphFFgAqsCrO5upGwZqwi9765_HIh7qn49pT2fekg.4bdkiAEopcnnpHE28yWORjtVZRMAHRIgBY5mG_UFeFIg.JPEG%2FIMG_7296.jpg%3Ftype%3Dw580",
    "convenience":"WIFI\n동물출입\n주차\n휠체어사용\n놀이방\n흡연실",
    "caution":"예약가능, 배달불가, 포장가능",
    "is_deleted":false
  },
  {
    "id":"10-36",
    "name":"닙스",
    "category_id":"다이닝바",
    "score":0.0,
    "review":6,
    "address":"경기 성남시 분당구 산운로160번길 22 105호",
    "operating_hour":"월~토 18:00 ~ 02:00",
    "expanded_days":"월,화,수,목,금,토",
    "time_range":"18:00 ~ 02:00",
    "phone_number":316042024.0,
    "image_urls":"\/\/img1.kakaocdn.net\/cthumb\/local\/C640x640.q50\/?fname=http%3A%2F%2Ft1.kakaocdn.net%2Fmystore%2F07CF47A27BF9439D961EBDE0711FD18D, \/\/img1.kakaocdn.net\/cthumb\/local\/C320x320.q50\/?fname=http%3A%2F%2Ft1.kakaocdn.net%2Fmystore%2FDC129D57B46D4A1995E1E1DB03E2A463, \/\/img1.kakaocdn.net\/cthumb\/local\/C320x320.q50\/?fname=http%3A%2F%2Ft1.kakaocdn.net%2Fmystore%2FA5FFA035C7BD46BA91363C59126CDA83",
    "convenience":"WIFI\n동물출입\n주차",
    "caution":"예약불가, 배달불가, 포장가능",
    "is_deleted":false
  },
  {
    "id":"10-37",
    "name":"프로짓",
    "category_id":"다이닝바",
    "score":5.0,
    "review":238,
    "address":"경기 성남시 분당구 판교역로 136 힐스테이트판교역 지하1층 오렌지존 B1029호",
    "operating_hour":"월,화,수,목,일 17:30 ~ 01:30",
    "expanded_days":"월,화,수,목,일",
    "time_range":"17:30 ~ 01:30",
    "phone_number":7043340219.0,
    "image_urls":"\/\/img1.kakaocdn.net\/cthumb\/local\/C640x640.q50\/?fname=http%3A%2F%2Ft1.kakaocdn.net%2Fmystore%2F145C15B0D47C49FE845BDD41834849A5, \/\/img1.kakaocdn.net\/cthumb\/local\/C320x320.q50\/?fname=http%3A%2F%2Ft1.kakaocdn.net%2Fmystore%2FB2D00FC26325420288F6BD1F5EB56D44, \/\/img1.kakaocdn.net\/cthumb\/local\/C320x320.q50\/?fname=http%3A%2F%2Ft1.kakaocdn.net%2Fmystore%2FD36FD38840544E0AA86AFE85B1F75DCB",
    "convenience":"주차",
    "caution":"예약가능",
    "is_deleted":false
  },
  {
    "id":"10-38",
    "name":"웨스턴 소마",
    "category_id":"다이닝바",
    "score":4.8,
    "review":23,
    "address":"경기 성남시 분당구 대왕판교로 660 1층 114호",
    "operating_hour":"월~금 19:00 ~ 02:00",
    "expanded_days":"월,화,수,목,금",
    "time_range":"19:00 ~ 02:00",
    "phone_number":1051067012.0,
    "image_urls":"\/\/img1.kakaocdn.net\/cthumb\/local\/C640x640.q50\/?fname=http%3A%2F%2Ft1.daumcdn.net%2Flocal%2FkakaomapPhoto%2Freview%2F7cda926c7e4f80d7a968a530701a41cf6675b637%3Foriginal, \/\/img1.kakaocdn.net\/cthumb\/local\/C320x320.q50\/?fname=https%3A%2F%2Fpostfiles.pstatic.net%2FMjAyNDAxMTJfNiAg%2FMDAxNzA1MDM2ODI0Mjg5.yhCdKZvxq5Px3FBNAtg2Uf1VpU2U4T_bPBBbkboVwxAg.tgzDLrQD7pZzyb8jx8wQRCTR-Rm2JN4rJn_uuFm4kR8g.JPEG.hsphsh122%2F4BBD1496-BDCA-4630-A799-8F3DA8EB5C68_1_105_c.jpeg%3Ftype%3Dw773, \/\/img1.kakaocdn.net\/cthumb\/local\/C320x320.q50\/?fname=https%3A%2F%2Fpostfiles.pstatic.net%2FMjAyMzAxMjdfNjEg%2FMDAxNjc0Nzk4NjUyNzAx.gwX9bH_H62bvr8dqt4eQSsawLDUniXphYCgbvw86dMAg.RGJATAI4ShnO_v8gX2tunoMYOZ2VRllhQLYZ1aiEitQg.JPEG.da_num%2FIMG_4170.JPG%3Ftype%3Dw773",
    "convenience":"WIFI\n동물출입\n주차\n휠체어사용\n놀이방\n흡연실",
    "caution":"예약가능, 배달불가, 포장불가",
    "is_deleted":false
  },
  {
    "id":"10-39",
    "name":"와이키키",
    "category_id":"다이닝바",
    "score":4.7,
    "review":2,
    "address":"경기 성남시 분당구 판교로319번길 13 디테라스 107호",
    "operating_hour":"월~토 19:00 ~ 02:00",
    "expanded_days":"월,화,수,목,금,토",
    "time_range":"19:00 ~ 02:00",
    "phone_number":317070107.0,
    "image_urls":"\/\/img1.kakaocdn.net\/cthumb\/local\/C640x640.q50\/?fname=http%3A%2F%2Ft1.daumcdn.net%2Fplace%2F65AAFF5A0BA34094B6A37B95E4DFDAFD, \/\/img1.kakaocdn.net\/cthumb\/local\/C320x320.q50\/?fname=http%3A%2F%2Ft1.daumcdn.net%2Flocal%2FkakaomapPhoto%2Freview%2Fd3201cf3065013462daaa38dffabce2e13878f9f%3Foriginal, \/\/img1.kakaocdn.net\/cthumb\/local\/C320x320.q50\/?fname=https%3A%2F%2Fpostfiles.pstatic.net%2FMjAyMjA2MDdfMTA4%2FMDAxNjU0NjA5MzEzNTM5.GoSKdjqCRbFBIQqA2YZ37oIHD2Td1m7z7QPQLXDf8Y4g.q4SXKJAjynPyULGDE6vDCEA_1EwAmcVml-iniBh49agg.JPEG.hw00116%2Foutput_3690812414.jpg%3Ftype%3Dw773",
    "convenience":"편의시설 정보 없음",
    "caution":"유의사항 정보 없음",
    "is_deleted":false
  },
  {
    "id":"10-40",
    "name":"타임",
    "category_id":"다이닝바",
    "score":5.0,
    "review":4,
    "address":"경기 성남시 분당구 판교공원로2길 42 지하1층",
    "operating_hour":"화~토 19:00 ~ 01:00",
    "expanded_days":"화,수,목,금,토",
    "time_range":"19:00 ~ 01:00",
    "phone_number":1089867888.0,
    "image_urls":"이미지 정보 없음",
    "convenience":"편의시설 정보 없음",
    "caution":"유의사항 정보 없음",
    "is_deleted":false
  },
  {
    "id":"10-41",
    "name":"몰트바소마",
    "category_id":"다이닝바",
    "score":3.0,
    "review":23,
    "address":"경기 성남시 분당구 대왕판교로 660 유스페이스1 B동 3층 326호",
    "operating_hour":"월~금 19:00 ~ 02:00",
    "expanded_days":"월,화,수,목,금",
    "time_range":"19:00 ~ 02:00",
    "phone_number":1083300999.0,
    "image_urls":"\/\/img1.kakaocdn.net\/cthumb\/local\/C640x640.q50\/?fname=http%3A%2F%2Ft1.kakaocdn.net%2Fmystore%2FFF7AB197C667484594FB81348B8A88CD, \/\/img1.kakaocdn.net\/cthumb\/local\/C320x320.q50\/?fname=http%3A%2F%2Ft1.kakaocdn.net%2Fmystore%2F278EF2C55BC849F7B269E020FB3F9378, \/\/img1.kakaocdn.net\/cthumb\/local\/C320x320.q50\/?fname=http%3A%2F%2Ft1.kakaocdn.net%2Fmystore%2FD68D4A58D5464C1AB8909653C15A4296",
    "convenience":"편의시설 정보 없음",
    "caution":"유의사항 정보 없음",
    "is_deleted":false
  },
  {
    "id":"10-42",
    "name":"퀸바",
    "category_id":"다이닝바",
    "score":0.0,
    "review":0,
    "address":"경기 성남시 분당구 판교로319번길 13",
    "operating_hour":null,
    "expanded_days":null,
    "time_range":null,
    "phone_number":null,
    "image_urls":"이미지 정보 없음",
    "convenience":"편의시설 정보 없음",
    "caution":"유의사항 정보 없음",
    "is_deleted":false
  },
  {
    "id":"10-43",
    "name":"끌로에바",
    "category_id":"다이닝바",
    "score":0.0,
    "review":0,
    "address":"경기 성남시 분당구 판교역로192번길 14-1",
    "operating_hour":null,
    "expanded_days":null,
    "time_range":null,
    "phone_number":null,
    "image_urls":"이미지 정보 없음",
    "convenience":"편의시설 정보 없음",
    "caution":"유의사항 정보 없음",
    "is_deleted":false
  },
  {
    "id":"10-44",
    "name":"어썸스테이지",
    "category_id":"다이닝바",
    "score":0.0,
    "review":2,
    "address":"경기 성남시 분당구 동판교로52번길 17-9 지하1층",
    "operating_hour":null,
    "expanded_days":null,
    "time_range":null,
    "phone_number":null,
    "image_urls":"\/\/img1.kakaocdn.net\/cthumb\/local\/C640x640.q50\/?fname=https%3A%2F%2Fpostfiles.pstatic.net%2FMjAyMzAyMjZfMjk3%2FMDAxNjc3NDEzMDQ5MTQ2.wGGfNeNiQcxQOV5TPuieePeh6bjI0gpaZNhmUBrJQxsg.2TJ8GwmlkyuUUoPSnfRPVox5ZIUiIF1TJPeQJGlJ2mIg.JPEG.soo_omin%2Foutput_3403644910.jpg%3Ftype%3Dw773, \/\/img1.kakaocdn.net\/cthumb\/local\/C320x320.q50\/?fname=https%3A%2F%2Fpostfiles.pstatic.net%2FMjAyMzAyMjZfMjUw%2FMDAxNjc3NDEyNzE0NDEw.nDifQiZ1op0h_BoVuNYADr9RtIFDHTG8bDjZheY1ZfEg.uDI7VtccMFZSRe5CwgeUO8kGdEI62kezEU00MH9scbIg.JPEG.soo_omin%2FIMG_3739.jpg%3Ftype%3Dw773, \/\/img1.kakaocdn.net\/cthumb\/local\/C320x320.q50\/?fname=https%3A%2F%2Fpostfiles.pstatic.net%2FMjAyMzAyMjZfOTIg%2FMDAxNjc3NDEyNzE0MjYz.qDjHY8dWoYOtdpJDzpn6VVwqlvP55YqCb_SFSnKso9Eg.NMGpQt0FLWBTO8TxI-h_J1HOuyzXfEjvig0kHc5KCyEg.JPEG.soo_omin%2Foutput_695805026.jpg%3Ftype%3Dw773",
    "convenience":"편의시설 정보 없음",
    "caution":"유의사항 정보 없음",
    "is_deleted":false
  },
  {
    "id":"10-45",
    "name":"바코드",
    "category_id":"다이닝바",
    "score":1.0,
    "review":0,
    "address":"경기 성남시 분당구 판교역로192번길 22",
    "operating_hour":null,
    "expanded_days":null,
    "time_range":null,
    "phone_number":null,
    "image_urls":"이미지 정보 없음",
    "convenience":"편의시설 정보 없음",
    "caution":"유의사항 정보 없음",
    "is_deleted":false
  },
  {
    "id":"10-46",
    "name":"설레임바",
    "category_id":"다이닝바",
    "score":0.0,
    "review":0,
    "address":"경기 성남시 분당구 대왕판교로606번길 45 2층",
    "operating_hour":null,
    "expanded_days":null,
    "time_range":null,
    "phone_number":null,
    "image_urls":"이미지 정보 없음",
    "convenience":"편의시설 정보 없음",
    "caution":"유의사항 정보 없음",
    "is_deleted":false
  },
  {
    "id":"10-47",
    "name":"바비",
    "category_id":"다이닝바",
    "score":0.0,
    "review":0,
    "address":"경기 성남시 분당구 대왕판교로606번길 45 판교역 푸르지오시티 3층 301, 302호",
    "operating_hour":null,
    "expanded_days":null,
    "time_range":null,
    "phone_number":null,
    "image_urls":"이미지 정보 없음",
    "convenience":"편의시설 정보 없음",
    "caution":"유의사항 정보 없음",
    "is_deleted":false
  },
  {
    "id":"10-48",
    "name":"문바",
    "category_id":"다이닝바",
    "score":0.0,
    "review":0,
    "address":"경기 성남시 분당구 분당내곡로 151",
    "operating_hour":null,
    "expanded_days":null,
    "time_range":null,
    "phone_number":null,
    "image_urls":"이미지 정보 없음",
    "convenience":"편의시설 정보 없음",
    "caution":"유의사항 정보 없음",
    "is_deleted":false
  },
  {
    "id":"10-49",
    "name":"디얼위스키",
    "category_id":"다이닝바",
    "score":0.0,
    "review":0,
    "address":"경기 성남시 분당구 대왕판교로 660 유스페이스1 230호",
    "operating_hour":"월~금 19:00 ~ 03:00",
    "expanded_days":"월,화,수,목,금",
    "time_range":"19:00 ~ 03:00",
    "phone_number":null,
    "image_urls":"이미지 정보 없음",
    "convenience":"편의시설 정보 없음",
    "caution":"유의사항 정보 없음",
    "is_deleted":false
  },
  {
    "id":"10-50",
    "name":"퍼니붐",
    "category_id":"다이닝바",
    "score":4.7,
    "review":198,
    "address":"경기 성남시 분당구 서현로210번길 16 유성트윈프라자 1차 5층 501호",
    "operating_hour":"매일 19:00 ~ 03:00",
    "expanded_days":"월,화,수,목,금,토,일",
    "time_range":"19:00 ~ 03:00",
    "phone_number":7047910740.0,
    "image_urls":"\/\/img1.kakaocdn.net\/cthumb\/local\/C640x640.q50\/?fname=http%3A%2F%2Ft1.daumcdn.net%2Flocalfiy%2FE40EC760FCF14FE68944AFCD9F40C242, \/\/img1.kakaocdn.net\/cthumb\/local\/C320x320.q50\/?fname=http%3A%2F%2Ft1.daumcdn.net%2Flocalfiy%2F5EBEEECF7BF240909DCFB4ADCE0C39F0, \/\/img1.kakaocdn.net\/cthumb\/local\/C320x320.q50\/?fname=http%3A%2F%2Ft1.daumcdn.net%2Flocal%2FkakaomapPhoto%2Freview%2F8968b23f86b9d99b9d51fc9546587444d8246725%3Foriginal",
    "convenience":"주차",
    "caution":"유의사항 정보 없음",
    "is_deleted":false
  },
  {
    "id":"10-51",
    "name":"불스바",
    "category_id":"다이닝바",
    "score":4.8,
    "review":11,
    "address":"경기 성남시 분당구 서현로210번길 10 다두프라자 3층",
    "operating_hour":"월,화,수,목,일 19:00 ~ 03:00",
    "expanded_days":"월,화,수,목,일",
    "time_range":"19:00 ~ 03:00",
    "phone_number":null,
    "image_urls":"\/\/img1.kakaocdn.net\/cthumb\/local\/C640x640.q50\/?fname=http%3A%2F%2Ft1.daumcdn.net%2Fcfile%2F12294C4C500F7FDF08, \/\/img1.kakaocdn.net\/cthumb\/local\/C320x320.q50\/?fname=http%3A%2F%2Ft1.daumcdn.net%2Fcfile%2F1907914C500F7FDF3C, \/\/img1.kakaocdn.net\/cthumb\/local\/C320x320.q50\/?fname=http%3A%2F%2Ft1.daumcdn.net%2Fcfile%2F172C044C500F7FE003",
    "convenience":"WIFI\n동물출입\n휠체어사용\n놀이방",
    "caution":"예약가능, 배달불가, 포장불가",
    "is_deleted":false
  },
  {
    "id":"10-52",
    "name":"테일스",
    "category_id":"다이닝바",
    "score":4.4,
    "review":7,
    "address":"경기 성남시 분당구 성남대로 381 폴라리스빌딩 1층 105호",
    "operating_hour":"매일 19:00 ~ 02:30",
    "expanded_days":"월,화,수,목,금,토,일",
    "time_range":"19:00 ~ 02:30",
    "phone_number":317143551.0,
    "image_urls":"\/\/img1.kakaocdn.net\/cthumb\/local\/C640x640.q50\/?fname=https%3A%2F%2Fpostfiles.pstatic.net%2FMjAyMzA3MjNfMTcg%2FMDAxNjkwMTAxMDk1OTQ3.aw8MPbcSI_wCFRI30gy1RZjp3yTjSENjCmjAaoeuHzEg.x4V9vt4szPvDV3sfV9jMbas_jVgLqEvuwISsDWHUe0Yg.JPEG.hineinhi%2FIMG_6349.jpg%3Ftype%3Dw966, \/\/img1.kakaocdn.net\/cthumb\/local\/C320x320.q50\/?fname=https%3A%2F%2Fpostfiles.pstatic.net%2FMjAyMzA3MjNfMTA2%2FMDAxNjkwMTAxMDk1OTAw.uh9pfRjsDHIIoyCE3cJSwbFnZeH5_l4ctlg0kG3JBH0g.QIyTh-p0EpimkYqYGkK0tAgcT-A4blDkPPtHeOm6l8Yg.JPEG.hineinhi%2FIMG_6350.jpg%3Ftype%3Dw966, \/\/img1.kakaocdn.net\/cthumb\/local\/C320x320.q50\/?fname=https%3A%2F%2Fpostfiles.pstatic.net%2FMjAyMzA3MjNfMTg1%2FMDAxNjkwMTAxMDk1MzQy.0OkBQbd7jUkvxnYn1DnLlXkcka-Jlx-a9XfU6sz3WOwg.h4sgQTwAob_nj5kvxq1iuPCZCW3p8h5n1MTsoWw4q_Eg.JPEG.hineinhi%2FIMG_6360.jpg%3Ftype%3Dw966",
    "convenience":"편의시설 정보 없음",
    "caution":"유의사항 정보 없음",
    "is_deleted":false
  },
  {
    "id":"10-53",
    "name":"펍포유",
    "category_id":"다이닝바",
    "score":0.0,
    "review":1,
    "address":"경기 성남시 분당구 황새울로330번길 18",
    "operating_hour":"월~토 19:00 ~ 01:00",
    "expanded_days":"월,화,수,목,금,토",
    "time_range":"19:00 ~ 01:00",
    "phone_number":null,
    "image_urls":"\/\/img1.kakaocdn.net\/cthumb\/local\/C640x640.q50\/?fname=http%3A%2F%2Ft1.kakaocdn.net%2Ffiy_reboot%2Fplace%2F2460DD85F52F42179E2BEFA916D9D26B, \/\/img1.kakaocdn.net\/cthumb\/local\/C320x320.q50\/?fname=https%3A%2F%2Fpostfiles.pstatic.net%2FMjAyNDEyMTNfMjUy%2FMDAxNzM0MDc4Nzc5MDc2.k5SBhQzwVL0d-x2V5KG3cG_HmI_EVBcUEdjEHY9Z8dEg.DAhTHAuPFNcixzdDkCxNCn9Kk5ev5PdAXuUN57-Mnwog.JPEG%2F900%25EF%25BC%25BF20241211%25EF%25BC%25BF210540.jpg%3Ftype%3Dw466, \/\/img1.kakaocdn.net\/cthumb\/local\/C320x320.q50\/?fname=https%3A%2F%2Fpostfiles.pstatic.net%2FMjAyNDEyMTNfMjg2%2FMDAxNzM0MDc4Nzg0NTc4.42kagKP2kly-9FBm0pqkyXV4uK18TSRlSEL2u1neMqcg.ZVjWVXWyy0Fcs-iBhtBwgkbIc0glEnKwCi5qg2FMYBEg.JPEG%2F900%25EF%25BC%25BF20241211%25EF%25BC%25BF211205.jpg%3Ftype%3Dw466",
    "convenience":"편의시설 정보 없음",
    "caution":"유의사항 정보 없음",
    "is_deleted":false
  },
  {
    "id":"10-54",
    "name":"더펍포유",
    "category_id":"다이닝바",
    "score":5.0,
    "review":0,
    "address":"경기 성남시 분당구 분당로53번길 21 산호프라자 3층",
    "operating_hour":"월~토 19:00 ~ 01:00",
    "expanded_days":"월,화,수,목,금,토",
    "time_range":"19:00 ~ 01:00",
    "phone_number":317032061.0,
    "image_urls":"\/\/img1.kakaocdn.net\/cthumb\/local\/C640x640.q50\/?fname=http%3A%2F%2Ft1.daumcdn.net%2Flocal%2FkakaomapPhoto%2Freview%2F438e94b438a3d9011abdee63000a3acbefafa30b%3Foriginal, \/\/img1.kakaocdn.net\/cthumb\/local\/C640x640.q50\/?fname=http%3A%2F%2Ft1.daumcdn.net%2Flocal%2FkakaomapPhoto%2Freview%2Fd8adc3394b1027dcda8584a8ef241a771b0668a0%3Foriginal",
    "convenience":"편의시설 정보 없음",
    "caution":"유의사항 정보 없음",
    "is_deleted":false
  },
  {
    "id":"10-55",
    "name":"엠바",
    "category_id":"다이닝바",
    "score":0.0,
    "review":0,
    "address":"경기 성남시 분당구 분당로53번길 13",
    "operating_hour":null,
    "expanded_days":null,
    "time_range":null,
    "phone_number":317035070.0,
    "image_urls":"\/\/img1.kakaocdn.net\/cthumb\/local\/C640x640.q50\/?fname=http%3A%2F%2Ft1.kakaocdn.net%2Ffiy_reboot%2Fplace%2F35022D65EC744C189DBC3D8B5BAB7FD2, \/\/img1.kakaocdn.net\/cthumb\/local\/C640x320.q50\/?fname=http%3A%2F%2Ft1.kakaocdn.net%2Ffiy_reboot%2Fplace%2FF658CCCB457F4B99A563C591ED1915D8, \/\/img1.kakaocdn.net\/cthumb\/local\/C640x320.q50\/?fname=http%3A%2F%2Ft1.daumcdn.net%2Flocal%2FkakaomapPhoto%2Freview%2F93d7d5372e0b8161b1ad0e846afb1a50dda80e88%3Foriginal",
    "convenience":"WIFI\n동물출입\n주차\n휠체어사용\n놀이방\n흡연실",
    "caution":"예약가능, 배달불가, 포장불가",
    "is_deleted":false
  },
  {
    "id":"10-56",
    "name":"아소바",
    "category_id":"다이닝바",
    "score":0.0,
    "review":0,
    "address":"경기 성남시 분당구 수내로46번길 11",
    "operating_hour":null,
    "expanded_days":null,
    "time_range":null,
    "phone_number":null,
    "image_urls":"이미지 정보 없음",
    "convenience":"편의시설 정보 없음",
    "caution":"유의사항 정보 없음",
    "is_deleted":false
  },
  {
    "id":"10-57",
    "name":"에임",
    "category_id":"다이닝바",
    "score":0.0,
    "review":0,
    "address":"경기 성남시 분당구 황새울로360번길 22 영건프라자 3층",
    "operating_hour":null,
    "expanded_days":null,
    "time_range":null,
    "phone_number":null,
    "image_urls":"이미지 정보 없음",
    "convenience":"편의시설 정보 없음",
    "caution":"유의사항 정보 없음",
    "is_deleted":false
  },
  {
    "id":"10-58",
    "name":"탐스빌",
    "category_id":"다이닝바",
    "score":0.0,
    "review":0,
    "address":"경기 성남시 분당구 서현로210번길 16",
    "operating_hour":"매일 18:00 ~ 04:00",
    "expanded_days":"월,화,수,목,금,토,일",
    "time_range":"18:00 ~ 04:00",
    "phone_number":317068895.0,
    "image_urls":"\/\/img1.kakaocdn.net\/cthumb\/local\/C640x640.q50\/?fname=http%3A%2F%2Ft1.kakaocdn.net%2Ffiy_reboot%2Fplace%2F25308756ED6F4C649E75510CA694E754, \/\/img1.kakaocdn.net\/cthumb\/local\/C320x320.q50\/?fname=http%3A%2F%2Ft1.kakaocdn.net%2Ffiy_reboot%2Fplace%2F4A71C9C923B747B68D223CB64965E7E9, \/\/img1.kakaocdn.net\/cthumb\/local\/C320x320.q50\/?fname=http%3A%2F%2Ft1.kakaocdn.net%2Ffiy_reboot%2Fplace%2F5AC256F24EB74C8C89A5A64EAD79C786",
    "convenience":"WIFI\n주차\n흡연실",
    "caution":"배달불가",
    "is_deleted":false
  },
  {
    "id":"10-59",
    "name":"레솔베르 시가바 라운지 분당",
    "category_id":"다이닝바",
    "score":null,
    "review":1,
    "address":"경기 성남시 분당구 정자일로 197 정자동2차푸르지오시티 2층 220호",
    "operating_hour":"월~목 12:00 ~ 01:00",
    "expanded_days":"월,화,수,목",
    "time_range":"12:00 ~ 01:00",
    "phone_number":1097765546.0,
    "image_urls":"\/\/img1.kakaocdn.net\/cthumb\/local\/C640x640.q50\/?fname=http%3A%2F%2Ft1.kakaocdn.net%2Fmystore%2F8A9C21DD69234D9C8A24D7DA2F4AE07E, \/\/img1.kakaocdn.net\/cthumb\/local\/C320x320.q50\/?fname=http%3A%2F%2Ft1.kakaocdn.net%2Fmystore%2F2D3E46E83AA9440F974A61E2DE3D9459, \/\/img1.kakaocdn.net\/cthumb\/local\/C320x320.q50\/?fname=http%3A%2F%2Ft1.kakaocdn.net%2Fmystore%2F215208EF391644E29E4D8C29AC13B53C",
    "convenience":"WIFI\n주차\n휠체어사용",
    "caution":"예약가능",
    "is_deleted":false
  },
  {
    "id":"10-60",
    "name":"벤틀리",
    "category_id":"다이닝바",
    "score":0.0,
    "review":0,
    "address":"경기 성남시 분당구 내정로119번길 11",
    "operating_hour":null,
    "expanded_days":null,
    "time_range":null,
    "phone_number":317162080.0,
    "image_urls":"이미지 정보 없음",
    "convenience":"편의시설 정보 없음",
    "caution":"유의사항 정보 없음",
    "is_deleted":false
  },
  {
    "id":"10-61",
    "name":"바밤바",
    "category_id":"다이닝바",
    "score":0.0,
    "review":0,
    "address":"경기 성남시 분당구 느티로 16 젤존타워1 3층 308호",
    "operating_hour":null,
    "expanded_days":null,
    "time_range":null,
    "phone_number":null,
    "image_urls":"이미지 정보 없음",
    "convenience":"편의시설 정보 없음",
    "caution":"유의사항 정보 없음",
    "is_deleted":false
  },
  {
    "id":"10-62",
    "name":"녹녹",
    "category_id":"다이닝바",
    "score":5.0,
    "review":14,
    "address":"경기 성남시 분당구 느티로87번길 7 1층",
    "operating_hour":"매일 18:00 ~ 02:00",
    "expanded_days":"월,화,수,목,금,토,일",
    "time_range":"18:00 ~ 02:00",
    "phone_number":null,
    "image_urls":"\/\/img1.kakaocdn.net\/cthumb\/local\/C640x640.q50\/?fname=https%3A%2F%2Fpostfiles.pstatic.net%2FMjAyNDA2MTZfMjE3%2FMDAxNzE4NDcxMTk3MTIz.XYMvhaoDz_Oe4ZFJ790lyfBe2BEjeNJjpDX5TRXL05og.lCGNq2X5H8UtcdO6OKVbd_95c8Z1SyWEWtiiQap8-I8g.JPEG%2FIMG_5917.jpg%3Ftype%3Dw773, \/\/img1.kakaocdn.net\/cthumb\/local\/C320x320.q50\/?fname=https%3A%2F%2Fpostfiles.pstatic.net%2FMjAyNDA2MTRfOTMg%2FMDAxNzE4MzIwMjE1NjM5.Qjva4z7NBgW97w8BevsW9O_KajCPxHagXA5E2cZjUEsg.onyZSDbCwipHKsm50aDazhCbdyuJZp56WeKS-9-h8Xog.JPEG%2FIMG_5919.jpg%3Ftype%3Dw773, \/\/img1.kakaocdn.net\/cthumb\/local\/C320x320.q50\/?fname=https%3A%2F%2Fpostfiles.pstatic.net%2FMjAyNDA2MTZfMTQ3%2FMDAxNzE4NDcxMDM2NjQ4.fiZQBnLcBl6CA8fZypKNGI2X0LMnLUXGmMceccTW4nEg.Zabp30RoVrx6dU46jDvL0GMTqHBY0acR0AzWQd21Sywg.JPEG%2FIMG_5932.jpg%3Ftype%3Dw773",
    "convenience":"편의시설 정보 없음",
    "caution":"유의사항 정보 없음",
    "is_deleted":false
  },
  {
    "id":"10-63",
    "name":"스카이라운지(SKY Lounge)",
    "category_id":"다이닝바",
    "score":0.0,
    "review":0,
    "address":"경기 성남시 분당구 정자일로 192",
    "operating_hour":null,
    "expanded_days":null,
    "time_range":null,
    "phone_number":317126156.0,
    "image_urls":"이미지 정보 없음",
    "convenience":"편의시설 정보 없음",
    "caution":"유의사항 정보 없음",
    "is_deleted":false
  },
  {
    "id":"10-64",
    "name":"썸바",
    "category_id":"다이닝바",
    "score":0.0,
    "review":0,
    "address":"경기 성남시 분당구 성남대로331번길 13",
    "operating_hour":null,
    "expanded_days":null,
    "time_range":null,
    "phone_number":null,
    "image_urls":"이미지 정보 없음",
    "convenience":"WIFI\n동물출입\n주차\n휠체어사용\n놀이방\n흡연실",
    "caution":"배달불가, 포장불가",
    "is_deleted":false
  },
  {
    "id":"10-65",
    "name":"S라이브",
    "category_id":"다이닝바",
    "score":0.0,
    "review":0,
    "address":"경기 성남시 분당구 성남대로331번길 9-6",
    "operating_hour":null,
    "expanded_days":null,
    "time_range":null,
    "phone_number":317145483.0,
    "image_urls":"이미지 정보 없음",
    "convenience":"편의시설 정보 없음",
    "caution":"유의사항 정보 없음",
    "is_deleted":false
  },
  {
    "id":"10-66",
    "name":"더모멘토",
    "category_id":"다이닝바",
    "score":3.2,
    "review":1,
    "address":"경기 성남시 분당구 정자일로 146 엠코헤리츠 101동 1층 126호",
    "operating_hour":"매일 19:00 ~ 03:00",
    "expanded_days":"월,화,수,목,금,토,일",
    "time_range":"19:00 ~ 03:00",
    "phone_number":316034481.0,
    "image_urls":"\/\/img1.kakaocdn.net\/cthumb\/local\/C640x640.q50\/?fname=http%3A%2F%2Ft1.kakaocdn.net%2Fmystore%2FA464E950B55E42048898D4F3AEAD0768, \/\/img1.kakaocdn.net\/cthumb\/local\/C320x320.q50\/?fname=http%3A%2F%2Ft1.kakaocdn.net%2Fmystore%2F5EF01E65610840BFADF05CC1DD5A0364, \/\/img1.kakaocdn.net\/cthumb\/local\/C320x320.q50\/?fname=http%3A%2F%2Ft1.kakaocdn.net%2Fmystore%2F1D1D37F50E7E4625B7C190500E9F57B3",
    "convenience":"WIFI\n동물출입\n주차\n휠체어사용\n놀이방\n흡연실",
    "caution":"예약가능, 배달불가, 포장불가",
    "is_deleted":false
  },
  {
    "id":"10-67",
    "name":"살롱드위스키",
    "category_id":"다이닝바",
    "score":5.0,
    "review":1,
    "address":"경기 성남시 분당구 성남대로331번길 3-13 1층",
    "operating_hour":"월~토 19:00 ~ 02:00",
    "expanded_days":"월,화,수,목,금,토",
    "time_range":"19:00 ~ 02:00",
    "phone_number":5050910917.0,
    "image_urls":"\/\/img1.kakaocdn.net\/cthumb\/local\/C640x640.q50\/?fname=http%3A%2F%2Ft1.kakaocdn.net%2Ffiy_reboot%2Fplace%2F6CE07E6F8377443C82A8C1E086B83770, \/\/img1.kakaocdn.net\/cthumb\/local\/C320x320.q50\/?fname=http%3A%2F%2Ft1.kakaocdn.net%2Ffiy_reboot%2Fplace%2F0FFB32F1EFEB466484DA1CF608A3323B, \/\/img1.kakaocdn.net\/cthumb\/local\/C320x320.q50\/?fname=http%3A%2F%2Ft1.kakaocdn.net%2Ffiy_reboot%2Fplace%2F1905917184BC495EA88A6CFC2265E899",
    "convenience":"WIFI",
    "caution":"예약가능",
    "is_deleted":false
  },
  {
    "id":"10-68",
    "name":"MA BAR",
    "category_id":"다이닝바",
    "score":0.0,
    "review":0,
    "address":"경기 성남시 분당구 장미로86번길 6 2층",
    "operating_hour":null,
    "expanded_days":null,
    "time_range":null,
    "phone_number":null,
    "image_urls":"이미지 정보 없음",
    "convenience":"편의시설 정보 없음",
    "caution":"유의사항 정보 없음",
    "is_deleted":false
  },
  {
    "id":"10-69",
    "name":"올드톰",
    "category_id":"다이닝바",
    "score":0.0,
    "review":0,
    "address":"경기 성남시 분당구 정자일로 140 202동 125호",
    "operating_hour":"매일 18:00 ~ 02:00",
    "expanded_days":"월,화,수,목,금,토,일",
    "time_range":"18:00 ~ 02:00",
    "phone_number":317192789.0,
    "image_urls":"\/\/img1.kakaocdn.net\/cthumb\/local\/C640x640.q50\/?fname=http%3A%2F%2Ft1.kakaocdn.net%2Ffiy_reboot%2Fplace%2FC4B31F678B9F43F18B6B124F5F6C0D9C, \/\/img1.kakaocdn.net\/cthumb\/local\/C640x320.q50\/?fname=http%3A%2F%2Ft1.kakaocdn.net%2Ffiy_reboot%2Fplace%2F14F3878ED0704CD9B07D03E0912A02EB, \/\/img1.kakaocdn.net\/cthumb\/local\/C320x320.q50\/?fname=http%3A%2F%2Ft1.kakaocdn.net%2Ffiy_reboot%2Fplace%2FC3290938AE0541549105191AFF64C1F8",
    "convenience":"주차",
    "caution":"예약가능",
    "is_deleted":false
  },
  {
    "id":"10-70",
    "name":"텍사스로드하우스 현대백화점판교점",
    "category_id":"다이닝바",
    "score":3.0,
    "review":685,
    "address":"경기 성남시 분당구 판교역로146번길 20 지하1층",
    "operating_hour":"월~목 10:30 ~ 20:00",
    "expanded_days":"월,화,수,목",
    "time_range":"10:30 ~ 20:00",
    "phone_number":3151701046.0,
    "image_urls":"\/\/img1.kakaocdn.net\/cthumb\/local\/C640x640.q50\/?fname=http%3A%2F%2Ft1.kakaocdn.net%2Ffiy_reboot%2Fplace%2F24601735EB134173903B12CA68ED72EF, \/\/img1.kakaocdn.net\/cthumb\/local\/C320x320.q50\/?fname=http%3A%2F%2Ft1.daumcdn.net%2Flocal%2FkakaomapPhoto%2Freview%2F4ba9f6e9c11f8fba9d97bad406bfe6eae1be36b5%3Foriginal, \/\/img1.kakaocdn.net\/cthumb\/local\/C320x320.q50\/?fname=http%3A%2F%2Ft1.daumcdn.net%2Flocal%2FkakaomapPhoto%2Freview%2Ffa607a8abc7318e723825580dd676fb3bdfb6275%3Foriginal",
    "convenience":"주차",
    "caution":"예약불가, 포장가능",
    "is_deleted":false
  },
  {
    "id":"10-71",
    "name":"디셈버세컨드",
    "category_id":"다이닝바",
    "score":5.0,
    "review":60,
    "address":"경기 성남시 분당구 판교역로192번길 22 판교효성패링턴 타워 2층 202호",
    "operating_hour":"매일 17:00 ~ 02:00",
    "expanded_days":"월,화,수,목,금,토,일",
    "time_range":"17:00 ~ 02:00",
    "phone_number":50714309630.0,
    "image_urls":"\/\/img1.kakaocdn.net\/cthumb\/local\/C640x640.q50\/?fname=http%3A%2F%2Ft1.daumcdn.net%2Fplace%2F2B215851A9DF4D3AB96D494F60475BFC, \/\/img1.kakaocdn.net\/cthumb\/local\/C320x320.q50\/?fname=http%3A%2F%2Ft1.daumcdn.net%2Flocal%2FkakaomapPhoto%2Freview%2Fd945fd9842030be51379083a06f88bd9a20f53ed%3Foriginal, \/\/img1.kakaocdn.net\/cthumb\/local\/C320x320.q50\/?fname=http%3A%2F%2Ft1.daumcdn.net%2Flocal%2FkakaomapPhoto%2Freview%2Ff0030f3e99f7393e02bdb0fac9d2b6c25d74e8c5%3Foriginal",
    "convenience":"편의시설 정보 없음",
    "caution":"유의사항 정보 없음",
    "is_deleted":false
  },
  {
    "id":"10-72",
    "name":"몰트바 케이브",
    "category_id":"다이닝바",
    "score":4.7,
    "review":83,
    "address":"경기 성남시 분당구 분당내곡로 151 2층 201호",
    "operating_hour":"월~토 19:00 ~ 02:00",
    "expanded_days":"월,화,수,목,금,토",
    "time_range":"19:00 ~ 02:00",
    "phone_number":50255515353.0,
    "image_urls":"\/\/img1.kakaocdn.net\/cthumb\/local\/C640x640.q50\/?fname=http%3A%2F%2Ft1.daumcdn.net%2Fplace%2FE83EB98E55AC40E7AE103B4358EA3E15, \/\/img1.kakaocdn.net\/cthumb\/local\/C320x320.q50\/?fname=http%3A%2F%2Ft1.daumcdn.net%2Flocal%2FkakaomapPhoto%2Freview%2Fda6d1b75417529645ded570b798b7d765c2a939f%3Foriginal, \/\/img1.kakaocdn.net\/cthumb\/local\/C320x320.q50\/?fname=https%3A%2F%2Fpostfiles.pstatic.net%2FMjAyNDA4MDdfNjEg%2FMDAxNzIzMDE5NTQ4NzY2.oY3cugA0VUU7XVg5c61gLohUwigCi5OjEBbfyv0Vrf8g.pTogeMEGGAVbnFIjtGIT5JASqt5GEM4xwOS7GXJD0XIg.JPEG%2F20240726%25EF%25BC%25BF190759.jpg%3Ftype%3Dw966",
    "convenience":"편의시설 정보 없음",
    "caution":"유의사항 정보 없음",
    "is_deleted":false
  },
  {
    "id":"10-73",
    "name":"진달래",
    "category_id":"다이닝바",
    "score":5.0,
    "review":1,
    "address":"경기 성남시 분당구 산운로 146",
    "operating_hour":null,
    "expanded_days":null,
    "time_range":null,
    "phone_number":null,
    "image_urls":"\/\/img1.kakaocdn.net\/cthumb\/local\/C640x640.q50\/?fname=http%3A%2F%2Ft1.daumcdn.net%2Fplace%2F88D4FBCC89494E77B3AC729DC9C436AD, \/\/img1.kakaocdn.net\/cthumb\/local\/C320x320.q50\/?fname=http%3A%2F%2Ft1.daumcdn.net%2Flocal%2FkakaomapPhoto%2Freview%2F69a7912ada7e902bb0fcfeb0b93724826ab4cc16%3Foriginal, \/\/img1.kakaocdn.net\/cthumb\/local\/C320x320.q50\/?fname=https%3A%2F%2Fpostfiles.pstatic.net%2FMjAyNDA1MDJfNzQg%2FMDAxNzE0NjIzNjkyMjk0.3Vdm1scBwJRTq07hFsyy1_KHHYTTyvEEVKRxJHlyFkIg._nSQeZn5lCOOMCHuA7bCzg4QaVV0XutP3WPvMToQtJYg.JPEG%2FIMG_8503.JPG%3Ftype%3Dw773",
    "convenience":"편의시설 정보 없음",
    "caution":"유의사항 정보 없음",
    "is_deleted":false
  },
  {
    "id":"10-74",
    "name":"알아이피",
    "category_id":"다이닝바",
    "score":4.2,
    "review":4,
    "address":"경기 성남시 분당구 서현로210번길 17 광림프라자 지하1층 101호",
    "operating_hour":"월~토 18:00 ~ 04:00",
    "expanded_days":"월,화,수,목,금,토",
    "time_range":"18:00 ~ 04:00",
    "phone_number":317060701.0,
    "image_urls":"이미지 정보 없음",
    "convenience":"편의시설 정보 없음",
    "caution":"유의사항 정보 없음",
    "is_deleted":false
  },
  {
    "id":"10-75",
    "name":"에이치앤에이치바",
    "category_id":"다이닝바",
    "score":3.0,
    "review":112,
    "address":"경기 성남시 분당구 황새울로360번길 24 대명코아 2층 206~207호",
    "operating_hour":"매일 19:00 ~ 02:00",
    "expanded_days":"월,화,수,목,금,토,일",
    "time_range":"19:00 ~ 02:00",
    "phone_number":50371510052.0,
    "image_urls":"\/\/img1.kakaocdn.net\/cthumb\/local\/C640x640.q50\/?fname=http%3A%2F%2Ft1.daumcdn.net%2Fplace%2FBD89866CD1A4438794EA0FAE665417A6, \/\/img1.kakaocdn.net\/cthumb\/local\/C320x320.q50\/?fname=http%3A%2F%2Ft1.daumcdn.net%2Flocal%2FkakaomapPhoto%2Freview%2Fd4f7329ed7605f120aa7ded4a2ea6ce4b399f3f1095d2ff9fa96c4459894671e, \/\/img1.kakaocdn.net\/cthumb\/local\/C320x320.q50\/?fname=https%3A%2F%2Fpostfiles.pstatic.net%2FMjAyNDA1MTRfODEg%2FMDAxNzE1NjkxODM2MTIx.HAEuUi12rwbXFf2R3H1LSwH4BOon5leIFtl0uLhHVhog.MOgv4Dq7DFfOOP1rbbq8wop6Nlr8oFmJTovqo9ylmjQg.JPEG%2FIMG_7146.jpg%3Ftype%3Dw773",
    "convenience":"편의시설 정보 없음",
    "caution":"유의사항 정보 없음",
    "is_deleted":false
  },
  {
    "id":"10-76",
    "name":"멜트인몰트",
    "category_id":"다이닝바",
    "score":4.6,
    "review":24,
    "address":"경기 성남시 분당구 황새울로360번길 24 대명코어 2층 205호",
    "operating_hour":"매일 19:00 ~ 03:00",
    "expanded_days":"월,화,수,목,금,토,일",
    "time_range":"19:00 ~ 03:00",
    "phone_number":null,
    "image_urls":"\/\/img1.kakaocdn.net\/cthumb\/local\/C640x640.q50\/?fname=http%3A%2F%2Ft1.daumcdn.net%2Flocalfiy%2Fsearchregister_233809042, \/\/img1.kakaocdn.net\/cthumb\/local\/C320x320.q50\/?fname=http%3A%2F%2Ft1.daumcdn.net%2Flocalfiy%2Fsearchregister_1880978531, \/\/img1.kakaocdn.net\/cthumb\/local\/C320x320.q50\/?fname=http%3A%2F%2Ft1.daumcdn.net%2Flocal%2FkakaomapPhoto%2Freview%2Fbf572fbfec9e97946d86dc54988b42340f49b883%3Foriginal",
    "convenience":"WIFI\n주차",
    "caution":"유의사항 정보 없음",
    "is_deleted":false
  },
  {
    "id":"10-77",
    "name":"모조더라운지",
    "category_id":"다이닝바",
    "score":4.3,
    "review":0,
    "address":"경기 성남시 분당구 장미로 42 리더스빌딩 113호",
    "operating_hour":"월~수 08:00 ~ 18:00",
    "expanded_days":"월,화,수",
    "time_range":"08:00 ~ 18:00",
    "phone_number":317040120.0,
    "image_urls":"\/\/img1.kakaocdn.net\/cthumb\/local\/C640x640.q50\/?fname=http%3A%2F%2Ft1.daumcdn.net%2Flocalfiy%2FD8708F478833404C87464F4FC8CA03F0, \/\/img1.kakaocdn.net\/cthumb\/local\/C320x320.q50\/?fname=http%3A%2F%2Ft1.kakaocdn.net%2Ffiy_reboot%2Fplace%2FA92CE6D701F54CDD9DB9CF9D3801CB7F, \/\/img1.kakaocdn.net\/cthumb\/local\/C320x320.q50\/?fname=http%3A%2F%2Ft1.daumcdn.net%2Flocal%2FkakaomapPhoto%2Freview%2Fc3f8538468489cb01955541e5dfd1465a6fd6cc7%3Foriginal",
    "convenience":"주차",
    "caution":"유의사항 정보 없음",
    "is_deleted":false
  },
  {
    "id":"10-78",
    "name":"소셜197",
    "category_id":"다이닝바",
    "score":0.0,
    "review":7,
    "address":"경기 성남시 분당구 정자일로 197 1층 119호",
    "operating_hour":"월~토 19:00 ~ 02:00",
    "expanded_days":"월,화,수,목,금,토",
    "time_range":"19:00 ~ 02:00",
    "phone_number":50371507174.0,
    "image_urls":"\/\/img1.kakaocdn.net\/cthumb\/local\/C640x640.q50\/?fname=http%3A%2F%2Ft1.kakaocdn.net%2Ffiy_reboot%2Fplace%2F5CED3F0874304980AA10BC9B1DE75DF4, \/\/img1.kakaocdn.net\/cthumb\/local\/C320x320.q50\/?fname=http%3A%2F%2Ft1.kakaocdn.net%2Ffiy_reboot%2Fplace%2F93F2B2EED72A490EA51BBB23C6E1E6B7, \/\/img1.kakaocdn.net\/cthumb\/local\/C320x320.q50\/?fname=http%3A%2F%2Ft1.kakaocdn.net%2Ffiy_reboot%2Fplace%2FADA8B00939074DCD8500C61BFED72DF5",
    "convenience":"WIFI\n동물출입\n주차\n휠체어사용\n놀이방\n흡연실",
    "caution":"예약가능, 배달불가, 포장불가",
    "is_deleted":false
  },
  {
    "id":"10-79",
    "name":"조이펀",
    "category_id":"다이닝바",
    "score":5.0,
    "review":5,
    "address":"경기 성남시 분당구 황새울로360번길 24 대명코아 5층 503~504호",
    "operating_hour":"매일 19:30 ~ 06:05",
    "expanded_days":"월,화,수,목,금,토,일",
    "time_range":"19:30 ~ 06:05",
    "phone_number":317097905.0,
    "image_urls":"이미지 정보 없음",
    "convenience":"편의시설 정보 없음",
    "caution":"유의사항 정보 없음",
    "is_deleted":false
  },
  {
    "id":"10-80",
    "name":"아지트바",
    "category_id":"다이닝바",
    "score":0.0,
    "review":2,
    "address":"경기 성남시 분당구 성남대로331번길 13 백궁프라자1 4층 410호",
    "operating_hour":"매일 19:00 ~ 03:00",
    "expanded_days":"월,화,수,목,금,토,일",
    "time_range":"19:00 ~ 03:00",
    "phone_number":null,
    "image_urls":"\/\/img1.kakaocdn.net\/cthumb\/local\/C640x640.q50\/?fname=https%3A%2F%2Fblog.kakaocdn.net%2Fdn%2FbrjOD7%2FbtrMYqYE4fx%2FmmW7dV4orGwTXbo9kBpbg0%2Fimg.png, \/\/img1.kakaocdn.net\/cthumb\/local\/C320x320.q50\/?fname=https%3A%2F%2Fblog.kakaocdn.net%2Fdn%2F2SWSq%2FbtrMUGV13PE%2FqFs9MOIRRIEFhakK3jKPvK%2Fimg.jpg, \/\/img1.kakaocdn.net\/cthumb\/local\/C320x320.q50\/?fname=https%3A%2F%2Fblog.kakaocdn.net%2Fdn%2Fb5OXdy%2FbtrMUFbLAL8%2FXftYvsWZcoWHXpyHZE2Hbk%2Fimg.jpg",
    "convenience":"편의시설 정보 없음",
    "caution":"유의사항 정보 없음",
    "is_deleted":false
  },
  {
    "id":"10-81",
    "name":"코너21",
    "category_id":"다이닝바",
    "score":null,
    "review":67,
    "address":"경기 성남시 분당구 정자일로 136 정자역엠코헤리츠3단지 301동 112호",
    "operating_hour":"매일 18:00 ~ 02:00",
    "expanded_days":"월,화,수,목,금,토,일",
    "time_range":"18:00 ~ 02:00",
    "phone_number":1094297003.0,
    "image_urls":"\/\/img1.kakaocdn.net\/cthumb\/local\/C640x640.q50\/?fname=http%3A%2F%2Ft1.kakaocdn.net%2Fmystore%2FCBD25A354E1749628E04D827C471851B, \/\/img1.kakaocdn.net\/cthumb\/local\/C320x320.q50\/?fname=http%3A%2F%2Ft1.kakaocdn.net%2Fmystore%2F027E9597E7DB4C20A2FB886F26632B82, \/\/img1.kakaocdn.net\/cthumb\/local\/C320x320.q50\/?fname=http%3A%2F%2Ft1.kakaocdn.net%2Fmystore%2F447414100FB440BB899D181E1F79FA38",
    "convenience":"편의시설 정보 없음",
    "caution":"유의사항 정보 없음",
    "is_deleted":false
  },
  {
    "id":"10-82",
    "name":"살토",
    "category_id":"다이닝바",
    "score":4.3,
    "review":48,
    "address":"경기 성남시 분당구 정자일로 136 정자역 엠코헤리츠 3단지 C동 105, 106호",
    "operating_hour":"매일 11:00 ~ 22:00",
    "expanded_days":"월,화,수,목,금,토,일",
    "time_range":"11:00 ~ 22:00",
    "phone_number":null,
    "image_urls":"\/\/img1.kakaocdn.net\/cthumb\/local\/C640x640.q50\/?fname=http%3A%2F%2Ft1.kakaocdn.net%2Ffiy_reboot%2Fplace%2FC25B5010D13749C58C56DF465F87EA00, \/\/img1.kakaocdn.net\/cthumb\/local\/C640x320.q50\/?fname=http%3A%2F%2Ft1.kakaocdn.net%2Ffiy_reboot%2Fplace%2FAD2BBB5A07FD4EB1ADEB2EBB8363CAF2, \/\/img1.kakaocdn.net\/cthumb\/local\/C320x320.q50\/?fname=http%3A%2F%2Ft1.kakaocdn.net%2Ffiy_reboot%2Fplace%2FA8C56E3DDE8C4BA7BE4F604B35C2E247",
    "convenience":"주차",
    "caution":"유의사항 정보 없음",
    "is_deleted":false
  },
  {
    "id":"10-83",
    "name":"뮤직온",
    "category_id":"다이닝바",
    "score":5.0,
    "review":67,
    "address":"경기 성남시 분당구 야탑로105번길 12-6 2층",
    "operating_hour":"월~토 19:00 ~ 01:00",
    "expanded_days":"월,화,수,목,금,토",
    "time_range":"19:00 ~ 01:00",
    "phone_number":50255500421.0,
    "image_urls":"이미지 정보 없음",
    "convenience":"편의시설 정보 없음",
    "caution":"유의사항 정보 없음",
    "is_deleted":false
  }
]