[
    {
        "restaurant_id": "10-01",
        "menu_id": 1,
        "menu_name": "Raclette",
        "price": 99000,
        "is_deleted": false,
        "is_active": true
    },
    {
        "restaurant_id": "10-01",
        "menu_id": 2,
        "menu_name": "Sweet Pumpkin Sujebi",
        "price": 19000,
        "is_deleted": false,
        "is_active": true
    },
    {
        "restaurant_id": "10-01",
        "menu_id": 3,
        "menu_name": "More veggies pasta",
        "price": 24000,
        "is_deleted": false,
        "is_active": true
    },
    {
        "restaurant_id": "10-01",
        "menu_id": 4,
        "menu_name": "Muggerbo Ragu Pasta",
        "price": 21000,
        "is_deleted": false,
        "is_active": true
    },
    {
        "restaurant_id": "10-01",
        "menu_id": 5,
        "menu_name": "Ulleung rice",
        "price": 25000,
        "is_deleted": false,
        "is_active": true
    },
    {
        "restaurant_id": "10-01",
        "menu_id": 6,
        "menu_name": "Hangover stew",
        "price": 27000,
        "is_deleted": false,
        "is_active": true
    },
    {
        "restaurant_id": "10-01",
        "menu_id": 7,
        "menu_name": "Rrata Rrata Burrata",
        "price": 27000,
        "is_deleted": false,
        "is_active": true
    },
    {
        "restaurant_id": "10-01",
        "menu_id": 8,
        "menu_name": "Oh! Lasagna sagna!",
        "price": 21000,
        "is_deleted": false,
        "is_active": true
    },
    {
        "restaurant_id": "10-01",
        "menu_id": 9,
        "menu_name": "Not Cola It's Rucola",
        "price": 17000,
        "is_deleted": false,
        "is_active": true
    },
    {
        "restaurant_id": "10-01",
        "menu_id": 10,
        "menu_name": "Spring Naeng-e Oil Pasta",
        "price": 21000,
        "is_deleted": false,
        "is_active": true
    },
    {
        "restaurant_id": "10-01",
        "menu_id": 11,
        "menu_name": "Grape and Olive",
        "price": 11000,
        "is_deleted": false,
        "is_active": true
    },
    {
        "restaurant_id": "10-01",
        "menu_id": 12,
        "menu_name": "Just mushrooms",
        "price": 6000,
        "is_deleted": false,
        "is_active": true
    },
    {
        "restaurant_id": "10-01",
        "menu_id": 13,
        "menu_name": "Dried snack",
        "price": 7000,
        "is_deleted": false,
        "is_active": true
    },
    {
        "restaurant_id": "10-01",
        "menu_id": 14,
        "menu_name": "Very Berry Cream",
        "price": 8000,
        "is_deleted": false,
        "is_active": true
    },
    {
        "restaurant_id": "10-01",
        "menu_id": 15,
        "menu_name": "Happy birthday bread",
        "price": 6000,
        "is_deleted": false,
        "is_active": true
    },
    {
        "restaurant_id": "10-01",
        "menu_id": 16,
        "menu_name": "Monkey Brulee",
        "price": 9000,
        "is_deleted": false,
        "is_active": true
    },
    {
        "restaurant_id": "10-01",
        "menu_id": 17,
        "menu_name": "Salty Ice cream",
        "price": 14000,
        "is_deleted": false,
        "is_active": true
    },
    {
        "restaurant_id": "10-03",
        "menu_id": 18,
        "menu_name": "감자 그라탕",
        "price": 18000,
        "is_deleted": false,
        "is_active": true
    },
    {
        "restaurant_id": "10-03",
        "menu_id": 19,
        "menu_name": "가지 그라탕",
        "price": 18000,
        "is_deleted": false,
        "is_active": true
    },
    {
        "restaurant_id": "10-03",
        "menu_id": 20,
        "menu_name": "감바스 알 아히요",
        "price": 27000,
        "is_deleted": false,
        "is_active": true
    },
    {
        "restaurant_id": "10-03",
        "menu_id": 21,
        "menu_name": "페퍼로니 감자 뢰스티",
        "price": 25000,
        "is_deleted": false,
        "is_active": true
    },
    {
        "restaurant_id": "10-03",
        "menu_id": 22,
        "menu_name": "새우 오일 파스타",
        "price": 19000,
        "is_deleted": false,
        "is_active": true
    },
    {
        "restaurant_id": "10-03",
        "menu_id": 23,
        "menu_name": "매콤 로제 파스타",
        "price": 19000,
        "is_deleted": false,
        "is_active": true
    },
    {
        "restaurant_id": "10-03",
        "menu_id": 24,
        "menu_name": "차돌박이 깻잎 파스타",
        "price": 23000,
        "is_deleted": false,
        "is_active": true
    },
    {
        "restaurant_id": "10-03",
        "menu_id": 25,
        "menu_name": "해산물 토마토 국물 파스타",
        "price": 20000,
        "is_deleted": false,
        "is_active": true
    },
    {
        "restaurant_id": "10-03",
        "menu_id": 26,
        "menu_name": "머쉬룸 트러플 크림 파스타",
        "price": 19000,
        "is_deleted": false,
        "is_active": true
    },
    {
        "restaurant_id": "10-03",
        "menu_id": 27,
        "menu_name": "토마토 파스타",
        "price": 19000,
        "is_deleted": false,
        "is_active": true
    },
    {
        "restaurant_id": "10-03",
        "menu_id": 28,
        "menu_name": "등심 버섯 크림 리조또",
        "price": 27000,
        "is_deleted": false,
        "is_active": true
    },
    {
        "restaurant_id": "10-03",
        "menu_id": 29,
        "menu_name": "비프 찹스테이크",
        "price": 29000,
        "is_deleted": false,
        "is_active": true
    },
    {
        "restaurant_id": "10-03",
        "menu_id": 30,
        "menu_name": "한우 안심 스테이크 (200g)",
        "price": 75000,
        "is_deleted": false,
        "is_active": true
    },
    {
        "restaurant_id": "10-03",
        "menu_id": 31,
        "menu_name": "한우 채끝등심 스테이크 (200g)",
        "price": 67000,
        "is_deleted": false,
        "is_active": true
    },
    {
        "restaurant_id": "10-03",
        "menu_id": 32,
        "menu_name": "아이올리 샐러드",
        "price": 16000,
        "is_deleted": false,
        "is_active": true
    },
    {
        "restaurant_id": "10-03",
        "menu_id": 33,
        "menu_name": "버섯구이 샐러드",
        "price": 18000,
        "is_deleted": false,
        "is_active": true
    },
    {
        "restaurant_id": "10-03",
        "menu_id": 34,
        "menu_name": "부라타 치즈 샐러드",
        "price": 19000,
        "is_deleted": false,
        "is_active": true
    },
    {
        "restaurant_id": "10-03",
        "menu_id": 35,
        "menu_name": "큐브 스테이크 샐러드",
        "price": 22000,
        "is_deleted": false,
        "is_active": true
    },
    {
        "restaurant_id": "10-03",
        "menu_id": 36,
        "menu_name": "베이컨 배추구이",
        "price": 15000,
        "is_deleted": false,
        "is_active": true
    },
    {
        "restaurant_id": "10-03",
        "menu_id": 37,
        "menu_name": "콘노이 플레이트",
        "price": 28000,
        "is_deleted": false,
        "is_active": true
    },
    {
        "restaurant_id": "10-03",
        "menu_id": 38,
        "menu_name": "메론 프로슈토&올리브",
        "price": 17000,
        "is_deleted": false,
        "is_active": true
    },
    {
        "restaurant_id": "10-04",
        "menu_id": 39,
        "menu_name": "양파 : soup",
        "price": 12000,
        "is_deleted": false,
        "is_active": true
    },
    {
        "restaurant_id": "10-04",
        "menu_id": 40,
        "menu_name": "단호박과 호박고구마 : soup",
        "price": 12000,
        "is_deleted": false,
        "is_active": true
    },
    {
        "restaurant_id": "10-04",
        "menu_id": 41,
        "menu_name": "가지와 토마토 : melanzane",
        "price": 19000,
        "is_deleted": false,
        "is_active": true
    },
    {
        "restaurant_id": "10-04",
        "menu_id": 42,
        "menu_name": "메밀과 버섯, 부지갱이 : noodle",
        "price": 22000,
        "is_deleted": false,
        "is_active": true
    },
    {
        "restaurant_id": "10-04",
        "menu_id": 43,
        "menu_name": "닭가슴갈과 브로콜리, 그리고 유럽상추 : salad",
        "price": 21000,
        "is_deleted": false,
        "is_active": true
    },
    {
        "restaurant_id": "10-04",
        "menu_id": 44,
        "menu_name": "닭다리살과 병아리콩 : confit and hummus",
        "price": 24000,
        "is_deleted": false,
        "is_active": true
    },
    {
        "restaurant_id": "10-04",
        "menu_id": 45,
        "menu_name": "연어와 아보카도 : gravlax and guacamole",
        "price": 20000,
        "is_deleted": false,
        "is_active": true
    },
    {
        "restaurant_id": "10-04",
        "menu_id": 46,
        "menu_name": "제철 생선 : ceviche",
        "price": 23000,
        "is_deleted": false,
        "is_active": true
    },
    {
        "restaurant_id": "10-04",
        "menu_id": 47,
        "menu_name": "세 가지 자연치즈 : cheese plate",
        "price": 29000,
        "is_deleted": false,
        "is_active": true
    },
    {
        "restaurant_id": "10-04",
        "menu_id": 48,
        "menu_name": "제철 과일 : sabayon",
        "price": 8000,
        "is_deleted": false,
        "is_active": true
    },
    {
        "restaurant_id": "10-04",
        "menu_id": 49,
        "menu_name": "크림치즈 : basque cheesecake",
        "price": 8000,
        "is_deleted": false,
        "is_active": true
    },
    {
        "restaurant_id": "10-05",
        "menu_id": 50,
        "menu_name": "커피",
        "price": 7000,
        "is_deleted": false,
        "is_active": true
    },
    {
        "restaurant_id": "10-06",
        "menu_id": 51,
        "menu_name": "Lunch 회오리 오므라이스",
        "price": 12000,
        "is_deleted": false,
        "is_active": true
    },
    {
        "restaurant_id": "10-06",
        "menu_id": 52,
        "menu_name": "Lunch 알리오 올리오 파스타",
        "price": 15000,
        "is_deleted": false,
        "is_active": true
    },
    {
        "restaurant_id": "10-06",
        "menu_id": 53,
        "menu_name": "Lunch봉골레 파스타",
        "price": 16000,
        "is_deleted": false,
        "is_active": true
    },
    {
        "restaurant_id": "10-06",
        "menu_id": 54,
        "menu_name": "Lunch 명란 로제 파스타",
        "price": 16000,
        "is_deleted": false,
        "is_active": true
    },
    {
        "restaurant_id": "10-06",
        "menu_id": 55,
        "menu_name": "Lunch 페퍼로니 피자",
        "price": 15000,
        "is_deleted": false,
        "is_active": true
    },
    {
        "restaurant_id": "10-06",
        "menu_id": 56,
        "menu_name": "Lunch 마르게리타 피자",
        "price": 16000,
        "is_deleted": false,
        "is_active": true
    },
    {
        "restaurant_id": "10-09",
        "menu_id": 57,
        "menu_name": "글라스와인",
        "price": 0,
        "is_deleted": false,
        "is_active": true
    },
    {
        "restaurant_id": "10-09",
        "menu_id": 58,
        "menu_name": "한우차돌떡볶이",
        "price": 0,
        "is_deleted": false,
        "is_active": true
    },
    {
        "restaurant_id": "10-09",
        "menu_id": 59,
        "menu_name": "소시지플레이트",
        "price": 0,
        "is_deleted": false,
        "is_active": true
    },
    {
        "restaurant_id": "10-09",
        "menu_id": 60,
        "menu_name": "버터새우볶음밥",
        "price": 0,
        "is_deleted": false,
        "is_active": true
    },
    {
        "restaurant_id": "10-09",
        "menu_id": 61,
        "menu_name": "오아시스터즈 핑거푸드",
        "price": 0,
        "is_deleted": false,
        "is_active": true
    },
    {
        "restaurant_id": "10-09",
        "menu_id": 62,
        "menu_name": "트러플짜파게티",
        "price": 0,
        "is_deleted": false,
        "is_active": true
    },
    {
        "restaurant_id": "10-12",
        "menu_id": 63,
        "menu_name": "마르게리따 피자 (3조각)",
        "price": 9000,
        "is_deleted": false,
        "is_active": true
    },
    {
        "restaurant_id": "10-12",
        "menu_id": 64,
        "menu_name": "페퍼로니 피자 (3조각)",
        "price": 9000,
        "is_deleted": false,
        "is_active": true
    },
    {
        "restaurant_id": "10-12",
        "menu_id": 65,
        "menu_name": "콰트로치즈 피자 (3조각)",
        "price": 9500,
        "is_deleted": false,
        "is_active": true
    },
    {
        "restaurant_id": "10-12",
        "menu_id": 66,
        "menu_name": "샐러드 피자 (3조각)",
        "price": 9500,
        "is_deleted": false,
        "is_active": true
    },
    {
        "restaurant_id": "10-12",
        "menu_id": 67,
        "menu_name": "시저샐러드",
        "price": 10000,
        "is_deleted": false,
        "is_active": true
    },
    {
        "restaurant_id": "10-16",
        "menu_id": 68,
        "menu_name": "아메리카노(HOT)",
        "price": 4500,
        "is_deleted": false,
        "is_active": true
    },
    {
        "restaurant_id": "10-16",
        "menu_id": 69,
        "menu_name": "카페라떼(HOT)",
        "price": 5800,
        "is_deleted": false,
        "is_active": true
    },
    {
        "restaurant_id": "10-16",
        "menu_id": 70,
        "menu_name": "레몬티(HOT)",
        "price": 6000,
        "is_deleted": false,
        "is_active": true
    },
    {
        "restaurant_id": "10-16",
        "menu_id": 71,
        "menu_name": "초코 라떼(HOT)",
        "price": 6500,
        "is_deleted": false,
        "is_active": true
    },
    {
        "restaurant_id": "10-16",
        "menu_id": 72,
        "menu_name": "후르츠 에이드",
        "price": 6500,
        "is_deleted": false,
        "is_active": true
    },
    {
        "restaurant_id": "10-19",
        "menu_id": 73,
        "menu_name": "쭈꾸미 갈릭파스타",
        "price": 19000,
        "is_deleted": false,
        "is_active": true
    },
    {
        "restaurant_id": "10-19",
        "menu_id": 74,
        "menu_name": "프로슈또 루꼴라 샐러드",
        "price": 12000,
        "is_deleted": false,
        "is_active": true
    },
    {
        "restaurant_id": "10-19",
        "menu_id": 75,
        "menu_name": "프레쉬 모짜렐라 샐러드",
        "price": 13000,
        "is_deleted": false,
        "is_active": true
    },
    {
        "restaurant_id": "10-19",
        "menu_id": 76,
        "menu_name": "알리오 올리오",
        "price": 15000,
        "is_deleted": false,
        "is_active": true
    },
    {
        "restaurant_id": "10-19",
        "menu_id": 77,
        "menu_name": "아라비아따",
        "price": 16000,
        "is_deleted": false,
        "is_active": true
    },
    {
        "restaurant_id": "10-20",
        "menu_id": 78,
        "menu_name": "치킨라따뚜이",
        "price": 22000,
        "is_deleted": false,
        "is_active": true
    },
    {
        "restaurant_id": "10-22",
        "menu_id": 79,
        "menu_name": "스페인 토마토 바게트",
        "price": 8800,
        "is_deleted": false,
        "is_active": true
    },
    {
        "restaurant_id": "10-22",
        "menu_id": 80,
        "menu_name": "감자 스프레드",
        "price": 8800,
        "is_deleted": false,
        "is_active": true
    },
    {
        "restaurant_id": "10-22",
        "menu_id": 81,
        "menu_name": "벌꿀 치즈 스프레드",
        "price": 8800,
        "is_deleted": false,
        "is_active": true
    },
    {
        "restaurant_id": "10-22",
        "menu_id": 82,
        "menu_name": "칼몬드 카프레제",
        "price": 12800,
        "is_deleted": false,
        "is_active": true
    },
    {
        "restaurant_id": "10-22",
        "menu_id": 83,
        "menu_name": "매콤 쌀떡볶이",
        "price": 9800,
        "is_deleted": false,
        "is_active": true
    },
    {
        "restaurant_id": "10-22",
        "menu_id": 84,
        "menu_name": "슈림프 로제 푸실리",
        "price": 14800,
        "is_deleted": false,
        "is_active": true
    },
    {
        "restaurant_id": "10-23",
        "menu_id": 85,
        "menu_name": "칠리 콘 카르네",
        "price": 18000,
        "is_deleted": false,
        "is_active": true
    },
    {
        "restaurant_id": "10-23",
        "menu_id": 86,
        "menu_name": "몰리's 파스타",
        "price": 16000,
        "is_deleted": false,
        "is_active": true
    },
    {
        "restaurant_id": "10-23",
        "menu_id": 87,
        "menu_name": "부라타 치즈와 수제 선드라이 토마토",
        "price": 15000,
        "is_deleted": false,
        "is_active": true
    },
    {
        "restaurant_id": "10-23",
        "menu_id": 88,
        "menu_name": "치즈 플래터",
        "price": 20000,
        "is_deleted": false,
        "is_active": true
    },
    {
        "restaurant_id": "10-23",
        "menu_id": 89,
        "menu_name": "홈메이드 브라우니 케이크",
        "price": 8000,
        "is_deleted": false,
        "is_active": true
    },
    {
        "restaurant_id": "10-23",
        "menu_id": 90,
        "menu_name": "호두파이",
        "price": 8000,
        "is_deleted": false,
        "is_active": true
    },
    {
        "restaurant_id": "10-23",
        "menu_id": 91,
        "menu_name": "똠얌라면",
        "price": 6500,
        "is_deleted": false,
        "is_active": true
    },
    {
        "restaurant_id": "10-23",
        "menu_id": 92,
        "menu_name": "와인",
        "price": 0,
        "is_deleted": false,
        "is_active": true
    },
    {
        "restaurant_id": "10-25",
        "menu_id": 93,
        "menu_name": "위스키",
        "price": 260000,
        "is_deleted": false,
        "is_active": true
    },
    {
        "restaurant_id": "10-28",
        "menu_id": 94,
        "menu_name": "아메리카노",
        "price": 5000,
        "is_deleted": false,
        "is_active": true
    },
    {
        "restaurant_id": "10-28",
        "menu_id": 95,
        "menu_name": "에스프레소",
        "price": 5000,
        "is_deleted": false,
        "is_active": true
    },
    {
        "restaurant_id": "10-28",
        "menu_id": 96,
        "menu_name": "카푸치노",
        "price": 6000,
        "is_deleted": false,
        "is_active": true
    },
    {
        "restaurant_id": "10-28",
        "menu_id": 97,
        "menu_name": "카페모카",
        "price": 6000,
        "is_deleted": false,
        "is_active": true
    },
    {
        "restaurant_id": "10-28",
        "menu_id": 98,
        "menu_name": "카페라떼",
        "price": 6000,
        "is_deleted": false,
        "is_active": true
    },
    {
        "restaurant_id": "10-28",
        "menu_id": 99,
        "menu_name": "아이스 아메리카노",
        "price": 6000,
        "is_deleted": false,
        "is_active": true
    },
    {
        "restaurant_id": "10-28",
        "menu_id": 100,
        "menu_name": "아이스 카푸치노",
        "price": 7000,
        "is_deleted": false,
        "is_active": true
    },
    {
        "restaurant_id": "10-28",
        "menu_id": 101,
        "menu_name": "잉글랜드 홍차",
        "price": 6000,
        "is_deleted": false,
        "is_active": true
    },
    {
        "restaurant_id": "10-28",
        "menu_id": 102,
        "menu_name": "블루베리 홍차",
        "price": 6000,
        "is_deleted": false,
        "is_active": true
    },
    {
        "restaurant_id": "10-28",
        "menu_id": 103,
        "menu_name": "딸기 홍차",
        "price": 6000,
        "is_deleted": false,
        "is_active": true
    },
    {
        "restaurant_id": "10-28",
        "menu_id": 104,
        "menu_name": "벨벳 그린티",
        "price": 6000,
        "is_deleted": false,
        "is_active": true
    },
    {
        "restaurant_id": "10-31",
        "menu_id": 105,
        "menu_name": "Butchers Steak<USA PEIME>",
        "price": 33000,
        "is_deleted": false,
        "is_active": true
    },
    {
        "restaurant_id": "10-31",
        "menu_id": 106,
        "menu_name": "H/H Pizza",
        "price": 22000,
        "is_deleted": false,
        "is_active": true
    },
    {
        "restaurant_id": "10-31",
        "menu_id": 107,
        "menu_name": "Buffalo Wings",
        "price": 18000,
        "is_deleted": false,
        "is_active": true
    },
    {
        "restaurant_id": "10-31",
        "menu_id": 108,
        "menu_name": "Drink Flatter",
        "price": 28000,
        "is_deleted": false,
        "is_active": true
    },
    {
        "restaurant_id": "10-31",
        "menu_id": 109,
        "menu_name": "Stella Artois",
        "price": 10000,
        "is_deleted": false,
        "is_active": true
    },
    {
        "restaurant_id": "10-31",
        "menu_id": 110,
        "menu_name": "Guinness Draft",
        "price": 12000,
        "is_deleted": false,
        "is_active": true
    },
    {
        "restaurant_id": "10-31",
        "menu_id": 111,
        "menu_name": "Cocktails 50'",
        "price": 15000,
        "is_deleted": false,
        "is_active": true
    },
    {
        "restaurant_id": "10-31",
        "menu_id": 112,
        "menu_name": "SHOOTER CALENDER",
        "price": 11000,
        "is_deleted": false,
        "is_active": true
    },
    {
        "restaurant_id": "10-31",
        "menu_id": 113,
        "menu_name": "Weekly BOMB",
        "price": 11000,
        "is_deleted": false,
        "is_active": true
    },
    {
        "restaurant_id": "10-31",
        "menu_id": 114,
        "menu_name": "Wine, Wiskey, Champagne",
        "price": 0,
        "is_deleted": false,
        "is_active": true
    },
    {
        "restaurant_id": "10-32",
        "menu_id": 115,
        "menu_name": "와인",
        "price": 0,
        "is_deleted": false,
        "is_active": true
    },
    {
        "restaurant_id": "10-33",
        "menu_id": 116,
        "menu_name": "시저 샐러드",
        "price": 28000,
        "is_deleted": false,
        "is_active": true
    },
    {
        "restaurant_id": "10-33",
        "menu_id": 117,
        "menu_name": "그래비티 버거",
        "price": 34000,
        "is_deleted": false,
        "is_active": true
    },
    {
        "restaurant_id": "10-33",
        "menu_id": 118,
        "menu_name": "에너지 부스팅 샐러드",
        "price": 30000,
        "is_deleted": false,
        "is_active": true
    },
    {
        "restaurant_id": "10-33",
        "menu_id": 119,
        "menu_name": "치오피노",
        "price": 26000,
        "is_deleted": false,
        "is_active": true
    },
    {
        "restaurant_id": "10-33",
        "menu_id": 120,
        "menu_name": "마르게리타 피자",
        "price": 37000,
        "is_deleted": false,
        "is_active": true
    },
    {
        "restaurant_id": "10-35",
        "menu_id": 121,
        "menu_name": "바스크치즈케이크",
        "price": 7500,
        "is_deleted": false,
        "is_active": true
    },
    {
        "restaurant_id": "10-37",
        "menu_id": 122,
        "menu_name": "칵테일",
        "price": 0,
        "is_deleted": false,
        "is_active": true
    },
    {
        "restaurant_id": "10-37",
        "menu_id": 123,
        "menu_name": "위스키",
        "price": 0,
        "is_deleted": false,
        "is_active": true
    },
    {
        "restaurant_id": "10-37",
        "menu_id": 124,
        "menu_name": "맥주",
        "price": 0,
        "is_deleted": false,
        "is_active": true
    },
    {
        "restaurant_id": "10-38",
        "menu_id": 125,
        "menu_name": "기네스",
        "price": 0,
        "is_deleted": false,
        "is_active": true
    },
    {
        "restaurant_id": "10-39",
        "menu_id": 126,
        "menu_name": "우럭젓국(소)",
        "price": 35000,
        "is_deleted": false,
        "is_active": true
    },
    {
        "restaurant_id": "10-39",
        "menu_id": 127,
        "menu_name": "아귀탕(소)",
        "price": 35000,
        "is_deleted": false,
        "is_active": true
    },
    {
        "restaurant_id": "10-39",
        "menu_id": 128,
        "menu_name": "애호박두부젓국(소)",
        "price": 25000,
        "is_deleted": false,
        "is_active": true
    },
    {
        "restaurant_id": "10-39",
        "menu_id": 129,
        "menu_name": "간재미탕(소)",
        "price": 30000,
        "is_deleted": false,
        "is_active": true
    },
    {
        "restaurant_id": "10-39",
        "menu_id": 130,
        "menu_name": "병어조림(소)",
        "price": 45000,
        "is_deleted": false,
        "is_active": true
    },
    {
        "restaurant_id": "10-39",
        "menu_id": 131,
        "menu_name": "민어조림(소)",
        "price": 49000,
        "is_deleted": false,
        "is_active": true
    },
    {
        "restaurant_id": "10-39",
        "menu_id": 132,
        "menu_name": "서대조림(소)",
        "price": 45000,
        "is_deleted": false,
        "is_active": true
    },
    {
        "restaurant_id": "10-41",
        "menu_id": 133,
        "menu_name": "위스키",
        "price": 0,
        "is_deleted": false,
        "is_active": true
    },
    {
        "restaurant_id": "10-50",
        "menu_id": 134,
        "menu_name": "칵테일",
        "price": 8000,
        "is_deleted": false,
        "is_active": true
    },
    {
        "restaurant_id": "10-50",
        "menu_id": 135,
        "menu_name": "피자",
        "price": 19000,
        "is_deleted": false,
        "is_active": true
    },
    {
        "restaurant_id": "10-50",
        "menu_id": 136,
        "menu_name": "핑거푸드",
        "price": 8000,
        "is_deleted": false,
        "is_active": true
    },
    {
        "restaurant_id": "10-50",
        "menu_id": 137,
        "menu_name": "샐러드",
        "price": 8000,
        "is_deleted": false,
        "is_active": true
    },
    {
        "restaurant_id": "10-50",
        "menu_id": 138,
        "menu_name": "가라아게&감자",
        "price": 19000,
        "is_deleted": false,
        "is_active": true
    },
    {
        "restaurant_id": "10-51",
        "menu_id": 139,
        "menu_name": "깔루아",
        "price": 110000,
        "is_deleted": false,
        "is_active": true
    },
    {
        "restaurant_id": "10-51",
        "menu_id": 140,
        "menu_name": "마타니",
        "price": 100000,
        "is_deleted": false,
        "is_active": true
    },
    {
        "restaurant_id": "10-51",
        "menu_id": 141,
        "menu_name": "앱솔루트",
        "price": 110000,
        "is_deleted": false,
        "is_active": true
    },
    {
        "restaurant_id": "10-51",
        "menu_id": 142,
        "menu_name": "SKYY",
        "price": 110000,
        "is_deleted": false,
        "is_active": true
    },
    {
        "restaurant_id": "10-54",
        "menu_id": 143,
        "menu_name": "칵테일",
        "price": 9900,
        "is_deleted": false,
        "is_active": true
    },
    {
        "restaurant_id": "10-58",
        "menu_id": 144,
        "menu_name": "제임스 6년 (Glass)",
        "price": 7000,
        "is_deleted": false,
        "is_active": true
    },
    {
        "restaurant_id": "10-58",
        "menu_id": 145,
        "menu_name": "크라운 로얄 (Glass)",
        "price": 8000,
        "is_deleted": false,
        "is_active": true
    },
    {
        "restaurant_id": "10-58",
        "menu_id": 146,
        "menu_name": "호세쿠엘보 에스페샬 (Glass)",
        "price": 7000,
        "is_deleted": false,
        "is_active": true
    },
    {
        "restaurant_id": "10-58",
        "menu_id": 147,
        "menu_name": "예거 마이스터 (Glass)",
        "price": 7000,
        "is_deleted": false,
        "is_active": true
    },
    {
        "restaurant_id": "10-58",
        "menu_id": 148,
        "menu_name": "잭다니엘 (Glass)",
        "price": 8000,
        "is_deleted": false,
        "is_active": true
    },
    {
        "restaurant_id": "10-58",
        "menu_id": 149,
        "menu_name": "조니워커 레드 (Glass)",
        "price": 8000,
        "is_deleted": false,
        "is_active": true
    },
    {
        "restaurant_id": "10-58",
        "menu_id": 150,
        "menu_name": "발렌타인 12년 (Glass)",
        "price": 8000,
        "is_deleted": false,
        "is_active": true
    },
    {
        "restaurant_id": "10-58",
        "menu_id": 151,
        "menu_name": "글렌피딕 12년 (Glass)",
        "price": 9000,
        "is_deleted": false,
        "is_active": true
    },
    {
        "restaurant_id": "10-58",
        "menu_id": 152,
        "menu_name": "발베니 12년 (Glass)",
        "price": 9000,
        "is_deleted": false,
        "is_active": true
    },
    {
        "restaurant_id": "10-58",
        "menu_id": 153,
        "menu_name": "예거밤",
        "price": 8000,
        "is_deleted": false,
        "is_active": true
    },
    {
        "restaurant_id": "10-58",
        "menu_id": 154,
        "menu_name": "버드 와이저",
        "price": 7000,
        "is_deleted": false,
        "is_active": true
    },
    {
        "restaurant_id": "10-58",
        "menu_id": 155,
        "menu_name": "롱아일랜드 아이스티",
        "price": 8000,
        "is_deleted": false,
        "is_active": true
    },
    {
        "restaurant_id": "10-58",
        "menu_id": 156,
        "menu_name": "마가리타",
        "price": 9000,
        "is_deleted": false,
        "is_active": true
    },
    {
        "restaurant_id": "10-58",
        "menu_id": 157,
        "menu_name": "바카디 151 (Glass)",
        "price": 7000,
        "is_deleted": false,
        "is_active": true
    },
    {
        "restaurant_id": "10-58",
        "menu_id": 158,
        "menu_name": "복숭아아이스티",
        "price": 6000,
        "is_deleted": false,
        "is_active": true
    },
    {
        "restaurant_id": "10-58",
        "menu_id": 159,
        "menu_name": "아이스크림 샌드위치",
        "price": 8000,
        "is_deleted": false,
        "is_active": true
    },
    {
        "restaurant_id": "10-58",
        "menu_id": 160,
        "menu_name": "후르츠 펀치",
        "price": 6000,
        "is_deleted": false,
        "is_active": true
    },
    {
        "restaurant_id": "10-58",
        "menu_id": 161,
        "menu_name": "신데렐라",
        "price": 6000,
        "is_deleted": false,
        "is_active": true
    },
    {
        "restaurant_id": "10-58",
        "menu_id": 162,
        "menu_name": "블랙 러시안",
        "price": 7000,
        "is_deleted": false,
        "is_active": true
    },
    {
        "restaurant_id": "10-58",
        "menu_id": 163,
        "menu_name": "캡틴 아메리카",
        "price": 7000,
        "is_deleted": false,
        "is_active": true
    },
    {
        "restaurant_id": "10-59",
        "menu_id": 164,
        "menu_name": "그릴드 치즈",
        "price": 24000,
        "is_deleted": false,
        "is_active": true
    },
    {
        "restaurant_id": "10-64",
        "menu_id": 165,
        "menu_name": "양주",
        "price": 0,
        "is_deleted": false,
        "is_active": true
    },
    {
        "restaurant_id": "10-66",
        "menu_id": 166,
        "menu_name": "칵테일",
        "price": 20000,
        "is_deleted": false,
        "is_active": true
    },
    {
        "restaurant_id": "10-66",
        "menu_id": 167,
        "menu_name": "위스키글라스",
        "price": 0,
        "is_deleted": false,
        "is_active": true
    },
    {
        "restaurant_id": "10-69",
        "menu_id": 168,
        "menu_name": "K-HERITAGE",
        "price": 19000,
        "is_deleted": false,
        "is_active": true
    },
    {
        "restaurant_id": "10-69",
        "menu_id": 169,
        "menu_name": "PINE WHISPER",
        "price": 19000,
        "is_deleted": false,
        "is_active": true
    },
    {
        "restaurant_id": "10-69",
        "menu_id": 170,
        "menu_name": "OKINAWA ESSENCE",
        "price": 19000,
        "is_deleted": false,
        "is_active": true
    },
    {
        "restaurant_id": "10-69",
        "menu_id": 171,
        "menu_name": "TANCHEON MULE",
        "price": 19000,
        "is_deleted": false,
        "is_active": true
    },
    {
        "restaurant_id": "10-69",
        "menu_id": 172,
        "menu_name": "JEONGJA SUMMER BLANC",
        "price": 19000,
        "is_deleted": false,
        "is_active": true
    },
    {
        "restaurant_id": "10-69",
        "menu_id": 173,
        "menu_name": "PINK MUHLY",
        "price": 19000,
        "is_deleted": false,
        "is_active": true
    },
    {
        "restaurant_id": "10-69",
        "menu_id": 174,
        "menu_name": "WINNER WINNER CHIPS DINNER",
        "price": 19000,
        "is_deleted": false,
        "is_active": true
    },
    {
        "restaurant_id": "10-69",
        "menu_id": 175,
        "menu_name": "ZEN IN A GLASS",
        "price": 19000,
        "is_deleted": false,
        "is_active": true
    },
    {
        "restaurant_id": "10-70",
        "menu_id": 176,
        "menu_name": "본인립아이(567g)",
        "price": 89900,
        "is_deleted": false,
        "is_active": true
    },
    {
        "restaurant_id": "10-70",
        "menu_id": 177,
        "menu_name": "클래식햄버거",
        "price": 15900,
        "is_deleted": false,
        "is_active": true
    },
    {
        "restaurant_id": "10-70",
        "menu_id": 178,
        "menu_name": "아메리칸치즈버거",
        "price": 16900,
        "is_deleted": false,
        "is_active": true
    },
    {
        "restaurant_id": "10-70",
        "menu_id": 179,
        "menu_name": "베이컨치즈버거",
        "price": 17900,
        "is_deleted": false,
        "is_active": true
    },
    {
        "restaurant_id": "10-70",
        "menu_id": 180,
        "menu_name": "포터하우스(23oz)",
        "price": 139900,
        "is_deleted": false,
        "is_active": true
    },
    {
        "restaurant_id": "10-71",
        "menu_id": 181,
        "menu_name": "바틀",
        "price": 0,
        "is_deleted": false,
        "is_active": true
    },
    {
        "restaurant_id": "10-71",
        "menu_id": 182,
        "menu_name": "칵테일",
        "price": 0,
        "is_deleted": false,
        "is_active": true
    },
    {
        "restaurant_id": "10-71",
        "menu_id": 183,
        "menu_name": "맥주",
        "price": 0,
        "is_deleted": false,
        "is_active": true
    },
    {
        "restaurant_id": "10-71",
        "menu_id": 184,
        "menu_name": "안주",
        "price": 0,
        "is_deleted": false,
        "is_active": true
    },
    {
        "restaurant_id": "10-72",
        "menu_id": 185,
        "menu_name": "싱글몰트",
        "price": 0,
        "is_deleted": false,
        "is_active": true
    },
    {
        "restaurant_id": "10-75",
        "menu_id": 186,
        "menu_name": "카스 맥주",
        "price": 15000,
        "is_deleted": false,
        "is_active": true
    },
    {
        "restaurant_id": "10-75",
        "menu_id": 187,
        "menu_name": "하이네켄 맥주",
        "price": 20000,
        "is_deleted": false,
        "is_active": true
    },
    {
        "restaurant_id": "10-75",
        "menu_id": 188,
        "menu_name": "아시히 맥주",
        "price": 20000,
        "is_deleted": false,
        "is_active": true
    },
    {
        "restaurant_id": "10-75",
        "menu_id": 189,
        "menu_name": "기네스 맥주",
        "price": 20000,
        "is_deleted": false,
        "is_active": true
    },
    {
        "restaurant_id": "10-75",
        "menu_id": 190,
        "menu_name": "과일",
        "price": 30000,
        "is_deleted": false,
        "is_active": true
    },
    {
        "restaurant_id": "10-75",
        "menu_id": 191,
        "menu_name": "치즈",
        "price": 30000,
        "is_deleted": false,
        "is_active": true
    },
    {
        "restaurant_id": "10-75",
        "menu_id": 192,
        "menu_name": "오징어",
        "price": 30000,
        "is_deleted": false,
        "is_active": true
    },
    {
        "restaurant_id": "10-75",
        "menu_id": 193,
        "menu_name": "윙 + 감자튀김",
        "price": 30000,
        "is_deleted": false,
        "is_active": true
    },
    {
        "restaurant_id": "10-75",
        "menu_id": 194,
        "menu_name": "나쵸",
        "price": 10000,
        "is_deleted": false,
        "is_active": true
    },
    {
        "restaurant_id": "10-75",
        "menu_id": 195,
        "menu_name": "라면",
        "price": 10000,
        "is_deleted": false,
        "is_active": true
    },
    {
        "restaurant_id": "10-75",
        "menu_id": 196,
        "menu_name": "참치카나페",
        "price": 20000,
        "is_deleted": false,
        "is_active": true
    },
    {
        "restaurant_id": "10-75",
        "menu_id": 197,
        "menu_name": "찹스테이크",
        "price": 30000,
        "is_deleted": false,
        "is_active": true
    },
    {
        "restaurant_id": "10-75",
        "menu_id": 198,
        "menu_name": "치즈구이",
        "price": 30000,
        "is_deleted": false,
        "is_active": true
    },
    {
        "restaurant_id": "10-76",
        "menu_id": 199,
        "menu_name": "치즈",
        "price": 20000,
        "is_deleted": false,
        "is_active": true
    },
    {
        "restaurant_id": "10-76",
        "menu_id": 200,
        "menu_name": "카나페",
        "price": 20000,
        "is_deleted": false,
        "is_active": true
    },
    {
        "restaurant_id": "10-76",
        "menu_id": 201,
        "menu_name": "과일",
        "price": 20000,
        "is_deleted": false,
        "is_active": true
    },
    {
        "restaurant_id": "10-76",
        "menu_id": 202,
        "menu_name": "피자",
        "price": 15000,
        "is_deleted": false,
        "is_active": true
    },
    {
        "restaurant_id": "10-76",
        "menu_id": 203,
        "menu_name": "카프리제",
        "price": 15000,
        "is_deleted": false,
        "is_active": true
    },
    {
        "restaurant_id": "10-77",
        "menu_id": 204,
        "menu_name": "과실차(Hot)",
        "price": 4500,
        "is_deleted": false,
        "is_active": true
    },
    {
        "restaurant_id": "10-77",
        "menu_id": 205,
        "menu_name": "과실차(Iced)",
        "price": 4900,
        "is_deleted": false,
        "is_active": true
    },
    {
        "restaurant_id": "10-77",
        "menu_id": 206,
        "menu_name": "고구마라떼(Hot)",
        "price": 4500,
        "is_deleted": false,
        "is_active": true
    },
    {
        "restaurant_id": "10-77",
        "menu_id": 207,
        "menu_name": "고구마라떼(Iced)",
        "price": 4900,
        "is_deleted": false,
        "is_active": true
    },
    {
        "restaurant_id": "10-77",
        "menu_id": 208,
        "menu_name": "곡물라떼(Hot)",
        "price": 4500,
        "is_deleted": false,
        "is_active": true
    },
    {
        "restaurant_id": "10-77",
        "menu_id": 209,
        "menu_name": "곡물라떼(Iced)",
        "price": 4900,
        "is_deleted": false,
        "is_active": true
    },
    {
        "restaurant_id": "10-78",
        "menu_id": 210,
        "menu_name": "발베니",
        "price": 0,
        "is_deleted": false,
        "is_active": true
    },
    {
        "restaurant_id": "10-80",
        "menu_id": 211,
        "menu_name": "모듬회",
        "price": 70000,
        "is_deleted": false,
        "is_active": true
    },
    {
        "restaurant_id": "10-80",
        "menu_id": 212,
        "menu_name": "특치즈과일",
        "price": 60000,
        "is_deleted": false,
        "is_active": true
    },
    {
        "restaurant_id": "10-80",
        "menu_id": 213,
        "menu_name": "후라이드 치킨",
        "price": 60000,
        "is_deleted": false,
        "is_active": true
    },
    {
        "restaurant_id": "10-80",
        "menu_id": 214,
        "menu_name": "마과",
        "price": 60000,
        "is_deleted": false,
        "is_active": true
    },
    {
        "restaurant_id": "10-80",
        "menu_id": 215,
        "menu_name": "아지트 수제피자",
        "price": 60000,
        "is_deleted": false,
        "is_active": true
    },
    {
        "restaurant_id": "10-81",
        "menu_id": 216,
        "menu_name": "Martini",
        "price": 23000,
        "is_deleted": false,
        "is_active": true
    },
    {
        "restaurant_id": "10-81",
        "menu_id": 217,
        "menu_name": "Gimlet",
        "price": 20000,
        "is_deleted": false,
        "is_active": true
    },
    {
        "restaurant_id": "10-81",
        "menu_id": 218,
        "menu_name": "Black Russian",
        "price": 20000,
        "is_deleted": false,
        "is_active": true
    },
    {
        "restaurant_id": "10-81",
        "menu_id": 219,
        "menu_name": "Mojito",
        "price": 20000,
        "is_deleted": false,
        "is_active": true
    },
    {
        "restaurant_id": "10-81",
        "menu_id": 220,
        "menu_name": "Margarita",
        "price": 20000,
        "is_deleted": false,
        "is_active": true
    }
]