[
    {
        "restaurant_id": "00-01",
        "menu_id": 1,
        "menu_name": "대하구이",
        "price": 13000,
        "is_deleted": false,
        "is_active": true
    },
    {
        "restaurant_id": "00-01",
        "menu_id": 2,
        "menu_name": "탕수육",
        "price": 21000,
        "is_deleted": false,
        "is_active": true
    },
    {
        "restaurant_id": "00-01",
        "menu_id": 3,
        "menu_name": "가지요리",
        "price": 20000,
        "is_deleted": false,
        "is_active": true
    },
    {
        "restaurant_id": "00-01",
        "menu_id": 4,
        "menu_name": "양갈비 (250g)",
        "price": 25000,
        "is_deleted": false,
        "is_active": true
    },
    {
        "restaurant_id": "00-01",
        "menu_id": 5,
        "menu_name": "양등심꼬치 (220g)",
        "price": 22000,
        "is_deleted": false,
        "is_active": true
    },
    {
        "restaurant_id": "00-01",
        "menu_id": 6,
        "menu_name": "양왕꼬치 (1인분)",
        "price": 18000,
        "is_deleted": false,
        "is_active": true
    },
    {
        "restaurant_id": "00-01",
        "menu_id": 7,
        "menu_name": "토마토계란볶음",
        "price": 17000,
        "is_deleted": false,
        "is_active": true
    },
    {
        "restaurant_id": "00-01",
        "menu_id": 8,
        "menu_name": "마늘꼬치",
        "price": 3000,
        "is_deleted": false,
        "is_active": true
    },
    {
        "restaurant_id": "00-01",
        "menu_id": 9,
        "menu_name": "토마토계란탕",
        "price": 15000,
        "is_deleted": false,
        "is_active": true
    },
    {
        "restaurant_id": "00-01",
        "menu_id": 10,
        "menu_name": "마파두부",
        "price": 14000,
        "is_deleted": false,
        "is_active": true
    },
    {
        "restaurant_id": "00-01",
        "menu_id": 11,
        "menu_name": "온면",
        "price": 7000,
        "is_deleted": false,
        "is_active": true
    },
    {
        "restaurant_id": "00-01",
        "menu_id": 12,
        "menu_name": "볶음밥",
        "price": 7000,
        "is_deleted": false,
        "is_active": true
    },
    {
        "restaurant_id": "00-02",
        "menu_id": 13,
        "menu_name": "잡탕밥",
        "price": 15000,
        "is_deleted": false,
        "is_active": true
    },
    {
        "restaurant_id": "00-02",
        "menu_id": 14,
        "menu_name": "유니짜장",
        "price": 8000,
        "is_deleted": false,
        "is_active": true
    },
    {
        "restaurant_id": "00-02",
        "menu_id": 15,
        "menu_name": "융궁탕 + 탕수육 세트",
        "price": 65000,
        "is_deleted": false,
        "is_active": true
    },
    {
        "restaurant_id": "00-02",
        "menu_id": 16,
        "menu_name": "융궁탕 + 깐풍기 세트",
        "price": 70000,
        "is_deleted": false,
        "is_active": true
    },
    {
        "restaurant_id": "00-02",
        "menu_id": 17,
        "menu_name": "융궁탕 + 양장피 세트",
        "price": 78000,
        "is_deleted": false,
        "is_active": true
    },
    {
        "restaurant_id": "00-02",
        "menu_id": 18,
        "menu_name": "융궁탕 + 간소새우 세트",
        "price": 78000,
        "is_deleted": false,
        "is_active": true
    },
    {
        "restaurant_id": "00-02",
        "menu_id": 19,
        "menu_name": "융궁탕 + 유린기 세트",
        "price": 70000,
        "is_deleted": false,
        "is_active": true
    },
    {
        "restaurant_id": "00-02",
        "menu_id": 20,
        "menu_name": "잡채밥",
        "price": 10000,
        "is_deleted": false,
        "is_active": true
    },
    {
        "restaurant_id": "00-02",
        "menu_id": 21,
        "menu_name": "생버섯밥",
        "price": 10000,
        "is_deleted": false,
        "is_active": true
    },
    {
        "restaurant_id": "00-02",
        "menu_id": 22,
        "menu_name": "햄 볶음밥",
        "price": 9000,
        "is_deleted": false,
        "is_active": true
    },
    {
        "restaurant_id": "00-02",
        "menu_id": 23,
        "menu_name": "새우볶음밥",
        "price": 9000,
        "is_deleted": false,
        "is_active": true
    },
    {
        "restaurant_id": "00-02",
        "menu_id": 24,
        "menu_name": "고추잡채밥",
        "price": 11000,
        "is_deleted": false,
        "is_active": true
    },
    {
        "restaurant_id": "00-02",
        "menu_id": 25,
        "menu_name": "차돌 사천마라탕면",
        "price": 11000,
        "is_deleted": false,
        "is_active": true
    },
    {
        "restaurant_id": "00-02",
        "menu_id": 26,
        "menu_name": "마파두부 (소)",
        "price": 25000,
        "is_deleted": false,
        "is_active": true
    },
    {
        "restaurant_id": "00-02",
        "menu_id": 27,
        "menu_name": "가상두부 (소)",
        "price": 26000,
        "is_deleted": false,
        "is_active": true
    },
    {
        "restaurant_id": "00-02",
        "menu_id": 28,
        "menu_name": "탕수육 (소)",
        "price": 23000,
        "is_deleted": false,
        "is_active": true
    },
    {
        "restaurant_id": "00-02",
        "menu_id": 29,
        "menu_name": "사천탕수육 (소)",
        "price": 26000,
        "is_deleted": false,
        "is_active": true
    },
    {
        "restaurant_id": "00-02",
        "menu_id": 30,
        "menu_name": "간풍육 (소)",
        "price": 27000,
        "is_deleted": false,
        "is_active": true
    },
    {
        "restaurant_id": "00-02",
        "menu_id": 31,
        "menu_name": "라조육 (소)",
        "price": 27000,
        "is_deleted": false,
        "is_active": true
    },
    {
        "restaurant_id": "00-02",
        "menu_id": 32,
        "menu_name": "오향삼겹살 (소)",
        "price": 38000,
        "is_deleted": false,
        "is_active": true
    },
    {
        "restaurant_id": "00-03",
        "menu_id": 33,
        "menu_name": "청경채 마늘 볶음",
        "price": 9500,
        "is_deleted": false,
        "is_active": true
    },
    {
        "restaurant_id": "00-03",
        "menu_id": 34,
        "menu_name": "게살 스프",
        "price": 10500,
        "is_deleted": false,
        "is_active": true
    },
    {
        "restaurant_id": "00-03",
        "menu_id": 35,
        "menu_name": "치킨 인 그린필드",
        "price": 24000,
        "is_deleted": false,
        "is_active": true
    },
    {
        "restaurant_id": "00-03",
        "menu_id": 36,
        "menu_name": "몽골리안 비프",
        "price": 24000,
        "is_deleted": false,
        "is_active": true
    },
    {
        "restaurant_id": "00-03",
        "menu_id": 37,
        "menu_name": "깐풍마늘가지새우",
        "price": 25500,
        "is_deleted": false,
        "is_active": true
    },
    {
        "restaurant_id": "00-04",
        "menu_id": 38,
        "menu_name": "구채교 딤섬",
        "price": 12000,
        "is_deleted": false,
        "is_active": true
    },
    {
        "restaurant_id": "00-04",
        "menu_id": 39,
        "menu_name": "하교 딤섬",
        "price": 12000,
        "is_deleted": false,
        "is_active": true
    },
    {
        "restaurant_id": "00-04",
        "menu_id": 40,
        "menu_name": "상하이소롱포 딤섬",
        "price": 15000,
        "is_deleted": false,
        "is_active": true
    },
    {
        "restaurant_id": "00-04",
        "menu_id": 41,
        "menu_name": "마라소롱포 딤섬",
        "price": 15000,
        "is_deleted": false,
        "is_active": true
    },
    {
        "restaurant_id": "00-04",
        "menu_id": 42,
        "menu_name": "백채교 딤섬",
        "price": 12000,
        "is_deleted": false,
        "is_active": true
    },
    {
        "restaurant_id": "00-04",
        "menu_id": 43,
        "menu_name": "사희교 딤섬",
        "price": 12000,
        "is_deleted": false,
        "is_active": true
    },
    {
        "restaurant_id": "00-04",
        "menu_id": 44,
        "menu_name": "봉성선육교 딤섬",
        "price": 12000,
        "is_deleted": false,
        "is_active": true
    },
    {
        "restaurant_id": "00-04",
        "menu_id": 45,
        "menu_name": "나미계 딤섬",
        "price": 12000,
        "is_deleted": false,
        "is_active": true
    },
    {
        "restaurant_id": "00-04",
        "menu_id": 46,
        "menu_name": "홍두포자 딤섬",
        "price": 12000,
        "is_deleted": false,
        "is_active": true
    },
    {
        "restaurant_id": "00-04",
        "menu_id": 47,
        "menu_name": "춘권",
        "price": 13000,
        "is_deleted": false,
        "is_active": true
    },
    {
        "restaurant_id": "00-04",
        "menu_id": 48,
        "menu_name": "해물죽",
        "price": 16000,
        "is_deleted": false,
        "is_active": true
    },
    {
        "restaurant_id": "00-04",
        "menu_id": 49,
        "menu_name": "닭죽",
        "price": 13000,
        "is_deleted": false,
        "is_active": true
    },
    {
        "restaurant_id": "00-04",
        "menu_id": 50,
        "menu_name": "쇠고기죽",
        "price": 15000,
        "is_deleted": false,
        "is_active": true
    },
    {
        "restaurant_id": "00-04",
        "menu_id": 51,
        "menu_name": "고법불도장",
        "price": 140000,
        "is_deleted": false,
        "is_active": true
    },
    {
        "restaurant_id": "00-04",
        "menu_id": 52,
        "menu_name": "전복청채스프",
        "price": 25000,
        "is_deleted": false,
        "is_active": true
    },
    {
        "restaurant_id": "00-04",
        "menu_id": 53,
        "menu_name": "특선냉채(S)",
        "price": 55000,
        "is_deleted": false,
        "is_active": true
    },
    {
        "restaurant_id": "00-04",
        "menu_id": 54,
        "menu_name": "오향장육(S)",
        "price": 45000,
        "is_deleted": false,
        "is_active": true
    },
    {
        "restaurant_id": "00-04",
        "menu_id": 55,
        "menu_name": "통전복냉채(1인)",
        "price": 19000,
        "is_deleted": false,
        "is_active": true
    },
    {
        "restaurant_id": "00-04",
        "menu_id": 56,
        "menu_name": "양장피(S)",
        "price": 55000,
        "is_deleted": false,
        "is_active": true
    },
    {
        "restaurant_id": "00-04",
        "menu_id": 57,
        "menu_name": "해물누룽지탕(S)",
        "price": 60000,
        "is_deleted": false,
        "is_active": true
    },
    {
        "restaurant_id": "00-04",
        "menu_id": 58,
        "menu_name": "류산슬(S)",
        "price": 55000,
        "is_deleted": false,
        "is_active": true
    },
    {
        "restaurant_id": "00-05",
        "menu_id": 59,
        "menu_name": "옛날짜장",
        "price": 8000,
        "is_deleted": false,
        "is_active": true
    },
    {
        "restaurant_id": "00-05",
        "menu_id": 60,
        "menu_name": "간짜장",
        "price": 9000,
        "is_deleted": false,
        "is_active": true
    },
    {
        "restaurant_id": "00-05",
        "menu_id": 61,
        "menu_name": "짬뽕",
        "price": 10000,
        "is_deleted": false,
        "is_active": true
    },
    {
        "restaurant_id": "00-05",
        "menu_id": 62,
        "menu_name": "볶음밥",
        "price": 9000,
        "is_deleted": false,
        "is_active": true
    },
    {
        "restaurant_id": "00-05",
        "menu_id": 63,
        "menu_name": "삼선간짜장",
        "price": 12000,
        "is_deleted": false,
        "is_active": true
    },
    {
        "restaurant_id": "00-05",
        "menu_id": 64,
        "menu_name": "삼선짬뽕",
        "price": 12000,
        "is_deleted": false,
        "is_active": true
    },
    {
        "restaurant_id": "00-05",
        "menu_id": 65,
        "menu_name": "잡채밥",
        "price": 10000,
        "is_deleted": false,
        "is_active": true
    },
    {
        "restaurant_id": "00-05",
        "menu_id": 66,
        "menu_name": "삼선우동",
        "price": 12000,
        "is_deleted": false,
        "is_active": true
    },
    {
        "restaurant_id": "00-05",
        "menu_id": 67,
        "menu_name": "삼선짬뽕밥",
        "price": 12000,
        "is_deleted": false,
        "is_active": true
    },
    {
        "restaurant_id": "00-05",
        "menu_id": 68,
        "menu_name": "삼선울면",
        "price": 12000,
        "is_deleted": false,
        "is_active": true
    },
    {
        "restaurant_id": "00-05",
        "menu_id": 69,
        "menu_name": "삼선볶음밥",
        "price": 12000,
        "is_deleted": false,
        "is_active": true
    },
    {
        "restaurant_id": "00-05",
        "menu_id": 70,
        "menu_name": "짜장밥",
        "price": 8000,
        "is_deleted": false,
        "is_active": true
    },
    {
        "restaurant_id": "00-05",
        "menu_id": 71,
        "menu_name": "굴짬뽕",
        "price": 12000,
        "is_deleted": false,
        "is_active": true
    },
    {
        "restaurant_id": "00-05",
        "menu_id": 72,
        "menu_name": "잡탕밥",
        "price": 16000,
        "is_deleted": false,
        "is_active": true
    },
    {
        "restaurant_id": "00-05",
        "menu_id": 73,
        "menu_name": "쟁반짜장(중)",
        "price": 22000,
        "is_deleted": false,
        "is_active": true
    },
    {
        "restaurant_id": "00-05",
        "menu_id": 74,
        "menu_name": "군만두",
        "price": 7000,
        "is_deleted": false,
        "is_active": true
    },
    {
        "restaurant_id": "00-05",
        "menu_id": 75,
        "menu_name": "물만두",
        "price": 7000,
        "is_deleted": false,
        "is_active": true
    },
    {
        "restaurant_id": "00-05",
        "menu_id": 76,
        "menu_name": "탕수육(중)",
        "price": 20000,
        "is_deleted": false,
        "is_active": true
    },
    {
        "restaurant_id": "00-05",
        "menu_id": 77,
        "menu_name": "양장피",
        "price": 38000,
        "is_deleted": false,
        "is_active": true
    },
    {
        "restaurant_id": "00-05",
        "menu_id": 78,
        "menu_name": "유산슬",
        "price": 38000,
        "is_deleted": false,
        "is_active": true
    },
    {
        "restaurant_id": "00-05",
        "menu_id": 79,
        "menu_name": "술국",
        "price": 18000,
        "is_deleted": false,
        "is_active": true
    },
    {
        "restaurant_id": "00-06",
        "menu_id": 80,
        "menu_name": "철판해물짜장",
        "price": 8000,
        "is_deleted": false,
        "is_active": true
    },
    {
        "restaurant_id": "00-06",
        "menu_id": 81,
        "menu_name": "해물짬뽕",
        "price": 8000,
        "is_deleted": false,
        "is_active": true
    },
    {
        "restaurant_id": "00-06",
        "menu_id": 82,
        "menu_name": "해물전복짬뽕",
        "price": 11000,
        "is_deleted": false,
        "is_active": true
    },
    {
        "restaurant_id": "00-06",
        "menu_id": 83,
        "menu_name": "찹쌀탕수육 (소)",
        "price": 18000,
        "is_deleted": false,
        "is_active": true
    },
    {
        "restaurant_id": "00-06",
        "menu_id": 84,
        "menu_name": "짜장면",
        "price": 6000,
        "is_deleted": false,
        "is_active": true
    },
    {
        "restaurant_id": "00-07",
        "menu_id": 85,
        "menu_name": "유니자장면",
        "price": 10000,
        "is_deleted": false,
        "is_active": true
    },
    {
        "restaurant_id": "00-07",
        "menu_id": 86,
        "menu_name": "찹쌀탕수육 (소)",
        "price": 30000,
        "is_deleted": false,
        "is_active": true
    },
    {
        "restaurant_id": "00-08",
        "menu_id": 87,
        "menu_name": "자연송이",
        "price": 15000,
        "is_deleted": false,
        "is_active": true
    },
    {
        "restaurant_id": "00-08",
        "menu_id": 88,
        "menu_name": "잡탕밥",
        "price": 14000,
        "is_deleted": false,
        "is_active": true
    },
    {
        "restaurant_id": "00-08",
        "menu_id": 89,
        "menu_name": "유산슬밥",
        "price": 12000,
        "is_deleted": false,
        "is_active": true
    },
    {
        "restaurant_id": "00-08",
        "menu_id": 90,
        "menu_name": "굴짬뽕",
        "price": 9000,
        "is_deleted": false,
        "is_active": true
    },
    {
        "restaurant_id": "00-08",
        "menu_id": 91,
        "menu_name": "삼선짜장면",
        "price": 8500,
        "is_deleted": false,
        "is_active": true
    },
    {
        "restaurant_id": "00-09",
        "menu_id": 92,
        "menu_name": "마라탕(100g)",
        "price": 19000,
        "is_deleted": false,
        "is_active": true
    },
    {
        "restaurant_id": "00-09",
        "menu_id": 93,
        "menu_name": "마라샹궈(100g)",
        "price": 3300,
        "is_deleted": false,
        "is_active": true
    },
    {
        "restaurant_id": "00-09",
        "menu_id": 94,
        "menu_name": "꿔바로우 (소)",
        "price": 13000,
        "is_deleted": false,
        "is_active": true
    },
    {
        "restaurant_id": "00-09",
        "menu_id": 95,
        "menu_name": "지삼선",
        "price": 15000,
        "is_deleted": false,
        "is_active": true
    },
    {
        "restaurant_id": "00-09",
        "menu_id": 96,
        "menu_name": "향라새우",
        "price": 25000,
        "is_deleted": false,
        "is_active": true
    },
    {
        "restaurant_id": "00-09",
        "menu_id": 97,
        "menu_name": "어향육슬",
        "price": 15000,
        "is_deleted": false,
        "is_active": true
    },
    {
        "restaurant_id": "00-09",
        "menu_id": 98,
        "menu_name": "마파두부",
        "price": 13000,
        "is_deleted": false,
        "is_active": true
    },
    {
        "restaurant_id": "00-09",
        "menu_id": 99,
        "menu_name": "마라쇼룽샤",
        "price": 32000,
        "is_deleted": false,
        "is_active": true
    },
    {
        "restaurant_id": "00-09",
        "menu_id": 100,
        "menu_name": "계란볶음밥",
        "price": 8000,
        "is_deleted": false,
        "is_active": true
    },
    {
        "restaurant_id": "00-09",
        "menu_id": 101,
        "menu_name": "꽃빵튀김",
        "price": 7000,
        "is_deleted": false,
        "is_active": true
    },
    {
        "restaurant_id": "00-09",
        "menu_id": 102,
        "menu_name": "기본마라탕",
        "price": 8000,
        "is_deleted": false,
        "is_active": true
    },
    {
        "restaurant_id": "00-09",
        "menu_id": 103,
        "menu_name": "소고기마라탕",
        "price": 9000,
        "is_deleted": false,
        "is_active": true
    },
    {
        "restaurant_id": "00-09",
        "menu_id": 104,
        "menu_name": "양고기마라탕",
        "price": 9000,
        "is_deleted": false,
        "is_active": true
    },
    {
        "restaurant_id": "00-09",
        "menu_id": 105,
        "menu_name": "마라탕면",
        "price": 7000,
        "is_deleted": false,
        "is_active": true
    },
    {
        "restaurant_id": "00-10",
        "menu_id": 106,
        "menu_name": "명품해물짬뽕",
        "price": 9000,
        "is_deleted": false,
        "is_active": true
    },
    {
        "restaurant_id": "00-10",
        "menu_id": 107,
        "menu_name": "손짜장",
        "price": 6000,
        "is_deleted": false,
        "is_active": true
    },
    {
        "restaurant_id": "00-10",
        "menu_id": 108,
        "menu_name": "명품볶음밥",
        "price": 7000,
        "is_deleted": false,
        "is_active": true
    },
    {
        "restaurant_id": "00-10",
        "menu_id": 109,
        "menu_name": "탕수육(소)",
        "price": 14000,
        "is_deleted": false,
        "is_active": true
    },
    {
        "restaurant_id": "00-10",
        "menu_id": 110,
        "menu_name": "깐풍기(중)",
        "price": 22000,
        "is_deleted": false,
        "is_active": true
    },
    {
        "restaurant_id": "00-11",
        "menu_id": 111,
        "menu_name": "철판짜장",
        "price": 10000,
        "is_deleted": false,
        "is_active": true
    },
    {
        "restaurant_id": "00-11",
        "menu_id": 112,
        "menu_name": "딤섬코스A(2인이상)",
        "price": 25000,
        "is_deleted": false,
        "is_active": true
    },
    {
        "restaurant_id": "00-11",
        "menu_id": 113,
        "menu_name": "딤섬코스B(2인이상)",
        "price": 27000,
        "is_deleted": false,
        "is_active": true
    },
    {
        "restaurant_id": "00-11",
        "menu_id": 114,
        "menu_name": "매코스(2인이상)",
        "price": 32000,
        "is_deleted": false,
        "is_active": true
    },
    {
        "restaurant_id": "00-11",
        "menu_id": 115,
        "menu_name": "국코스(2인이상)",
        "price": 55000,
        "is_deleted": false,
        "is_active": true
    },
    {
        "restaurant_id": "00-11",
        "menu_id": 116,
        "menu_name": "난코스(2인이상)",
        "price": 42000,
        "is_deleted": false,
        "is_active": true
    },
    {
        "restaurant_id": "00-12",
        "menu_id": 117,
        "menu_name": "왕스덕자장면",
        "price": 9000,
        "is_deleted": false,
        "is_active": true
    },
    {
        "restaurant_id": "00-12",
        "menu_id": 118,
        "menu_name": "짬뽕면/밥",
        "price": 11000,
        "is_deleted": false,
        "is_active": true
    },
    {
        "restaurant_id": "00-12",
        "menu_id": 119,
        "menu_name": "차돌짬뽕",
        "price": 14000,
        "is_deleted": false,
        "is_active": true
    },
    {
        "restaurant_id": "00-12",
        "menu_id": 120,
        "menu_name": "삼선우동",
        "price": 11000,
        "is_deleted": false,
        "is_active": true
    },
    {
        "restaurant_id": "00-12",
        "menu_id": 121,
        "menu_name": "기스면",
        "price": 9000,
        "is_deleted": false,
        "is_active": true
    },
    {
        "restaurant_id": "00-12",
        "menu_id": 122,
        "menu_name": "토마토계란덮밥",
        "price": 10000,
        "is_deleted": false,
        "is_active": true
    },
    {
        "restaurant_id": "00-13",
        "menu_id": 123,
        "menu_name": "옛날 짜장면",
        "price": 9000,
        "is_deleted": false,
        "is_active": true
    },
    {
        "restaurant_id": "00-13",
        "menu_id": 124,
        "menu_name": "간짜장면",
        "price": 11000,
        "is_deleted": false,
        "is_active": true
    },
    {
        "restaurant_id": "00-13",
        "menu_id": 125,
        "menu_name": "쟁반짜장",
        "price": 13000,
        "is_deleted": false,
        "is_active": true
    },
    {
        "restaurant_id": "00-13",
        "menu_id": 126,
        "menu_name": "고기짬뽕",
        "price": 11000,
        "is_deleted": false,
        "is_active": true
    },
    {
        "restaurant_id": "00-13",
        "menu_id": 127,
        "menu_name": "해물짬뽕",
        "price": 11000,
        "is_deleted": false,
        "is_active": true
    },
    {
        "restaurant_id": "00-13",
        "menu_id": 128,
        "menu_name": "볶음밥",
        "price": 10000,
        "is_deleted": false,
        "is_active": true
    },
    {
        "restaurant_id": "00-14",
        "menu_id": 129,
        "menu_name": "마늘볶음밥",
        "price": 10000,
        "is_deleted": false,
        "is_active": true
    },
    {
        "restaurant_id": "00-14",
        "menu_id": 130,
        "menu_name": "차엔짬뽕밥",
        "price": 10000,
        "is_deleted": false,
        "is_active": true
    },
    {
        "restaurant_id": "00-14",
        "menu_id": 131,
        "menu_name": "백짬뽕밥",
        "price": 10000,
        "is_deleted": false,
        "is_active": true
    },
    {
        "restaurant_id": "00-14",
        "menu_id": 132,
        "menu_name": "마파두부밥",
        "price": 11000,
        "is_deleted": false,
        "is_active": true
    },
    {
        "restaurant_id": "00-14",
        "menu_id": 133,
        "menu_name": "마라해물덮밥",
        "price": 11000,
        "is_deleted": false,
        "is_active": true
    },
    {
        "restaurant_id": "00-14",
        "menu_id": 134,
        "menu_name": "해물잡채밥",
        "price": 12000,
        "is_deleted": false,
        "is_active": true
    },
    {
        "restaurant_id": "00-14",
        "menu_id": 135,
        "menu_name": "고추잡채밥",
        "price": 12000,
        "is_deleted": false,
        "is_active": true
    },
    {
        "restaurant_id": "00-14",
        "menu_id": 136,
        "menu_name": "차돌짬뽕밥",
        "price": 12000,
        "is_deleted": false,
        "is_active": true
    },
    {
        "restaurant_id": "00-14",
        "menu_id": 137,
        "menu_name": "차돌마라짬뽕밥",
        "price": 13000,
        "is_deleted": false,
        "is_active": true
    },
    {
        "restaurant_id": "00-14",
        "menu_id": 138,
        "menu_name": "게살새우볶음밥",
        "price": 13000,
        "is_deleted": false,
        "is_active": true
    },
    {
        "restaurant_id": "00-14",
        "menu_id": 139,
        "menu_name": "유산슬밥",
        "price": 14000,
        "is_deleted": false,
        "is_active": true
    },
    {
        "restaurant_id": "00-14",
        "menu_id": 140,
        "menu_name": "자연송이밥",
        "price": 17000,
        "is_deleted": false,
        "is_active": true
    },
    {
        "restaurant_id": "00-14",
        "menu_id": 141,
        "menu_name": "잡탕밥",
        "price": 17000,
        "is_deleted": false,
        "is_active": true
    },
    {
        "restaurant_id": "00-15",
        "menu_id": 142,
        "menu_name": "짜장면",
        "price": 9500,
        "is_deleted": false,
        "is_active": true
    },
    {
        "restaurant_id": "00-15",
        "menu_id": 143,
        "menu_name": "상하이짬뽕",
        "price": 13000,
        "is_deleted": false,
        "is_active": true
    },
    {
        "restaurant_id": "00-15",
        "menu_id": 144,
        "menu_name": "수제군만두(5p)",
        "price": 9000,
        "is_deleted": false,
        "is_active": true
    },
    {
        "restaurant_id": "00-15",
        "menu_id": 145,
        "menu_name": "삼선짜장면",
        "price": 12000,
        "is_deleted": false,
        "is_active": true
    },
    {
        "restaurant_id": "00-15",
        "menu_id": 146,
        "menu_name": "소고기짜장",
        "price": 13000,
        "is_deleted": false,
        "is_active": true
    },
    {
        "restaurant_id": "00-15",
        "menu_id": 147,
        "menu_name": "삼선쟁반짜장",
        "price": 13000,
        "is_deleted": false,
        "is_active": true
    },
    {
        "restaurant_id": "00-15",
        "menu_id": 148,
        "menu_name": "해물짬뽕",
        "price": 12000,
        "is_deleted": false,
        "is_active": true
    },
    {
        "restaurant_id": "00-15",
        "menu_id": 149,
        "menu_name": "전복짬뽕",
        "price": 15000,
        "is_deleted": false,
        "is_active": true
    },
    {
        "restaurant_id": "00-15",
        "menu_id": 150,
        "menu_name": "삼선우동",
        "price": 15000,
        "is_deleted": false,
        "is_active": true
    },
    {
        "restaurant_id": "00-15",
        "menu_id": 151,
        "menu_name": "기스면",
        "price": 11000,
        "is_deleted": false,
        "is_active": true
    },
    {
        "restaurant_id": "00-15",
        "menu_id": 152,
        "menu_name": "사천탕면",
        "price": 13000,
        "is_deleted": false,
        "is_active": true
    },
    {
        "restaurant_id": "00-15",
        "menu_id": 153,
        "menu_name": "우육탕면",
        "price": 13000,
        "is_deleted": false,
        "is_active": true
    },
    {
        "restaurant_id": "00-15",
        "menu_id": 154,
        "menu_name": "수제물만두(10p)",
        "price": 9000,
        "is_deleted": false,
        "is_active": true
    },
    {
        "restaurant_id": "00-15",
        "menu_id": 155,
        "menu_name": "옛날볶음밥",
        "price": 13000,
        "is_deleted": false,
        "is_active": true
    },
    {
        "restaurant_id": "00-15",
        "menu_id": 156,
        "menu_name": "중새우볶음밥",
        "price": 13000,
        "is_deleted": false,
        "is_active": true
    },
    {
        "restaurant_id": "00-15",
        "menu_id": 157,
        "menu_name": "삼선볶음밥",
        "price": 13000,
        "is_deleted": false,
        "is_active": true
    },
    {
        "restaurant_id": "00-15",
        "menu_id": 158,
        "menu_name": "살볶음밥",
        "price": 13000,
        "is_deleted": false,
        "is_active": true
    },
    {
        "restaurant_id": "00-15",
        "menu_id": 159,
        "menu_name": "낙지해물덮밥",
        "price": 13000,
        "is_deleted": false,
        "is_active": true
    },
    {
        "restaurant_id": "00-15",
        "menu_id": 160,
        "menu_name": "삼선짬뽕밥",
        "price": 15000,
        "is_deleted": false,
        "is_active": true
    },
    {
        "restaurant_id": "00-15",
        "menu_id": 161,
        "menu_name": "잡채밥",
        "price": 13000,
        "is_deleted": false,
        "is_active": true
    },
    {
        "restaurant_id": "00-15",
        "menu_id": 162,
        "menu_name": "해물잡탕밥",
        "price": 19000,
        "is_deleted": false,
        "is_active": true
    },
    {
        "restaurant_id": "00-16",
        "menu_id": 163,
        "menu_name": "북경오리 한마리",
        "price": 100000,
        "is_deleted": false,
        "is_active": true
    },
    {
        "restaurant_id": "00-16",
        "menu_id": 164,
        "menu_name": "우육면",
        "price": 18000,
        "is_deleted": false,
        "is_active": true
    },
    {
        "restaurant_id": "00-16",
        "menu_id": 165,
        "menu_name": "백산육",
        "price": 18000,
        "is_deleted": false,
        "is_active": true
    },
    {
        "restaurant_id": "00-16",
        "menu_id": 166,
        "menu_name": "쯔란갈비",
        "price": 27000,
        "is_deleted": false,
        "is_active": true
    },
    {
        "restaurant_id": "00-17",
        "menu_id": 167,
        "menu_name": "북경오리(한마리)",
        "price": 120000,
        "is_deleted": false,
        "is_active": true
    },
    {
        "restaurant_id": "00-17",
        "menu_id": 168,
        "menu_name": "Nari (런치코스)",
        "price": 50000,
        "is_deleted": false,
        "is_active": true
    },
    {
        "restaurant_id": "00-17",
        "menu_id": 169,
        "menu_name": "Anemone (런치코스)",
        "price": 60000,
        "is_deleted": false,
        "is_active": true
    },
    {
        "restaurant_id": "00-17",
        "menu_id": 170,
        "menu_name": "Calla (런치코스)",
        "price": 70000,
        "is_deleted": false,
        "is_active": true
    },
    {
        "restaurant_id": "00-17",
        "menu_id": 171,
        "menu_name": "Lily (디너코스)",
        "price": 88000,
        "is_deleted": false,
        "is_active": true
    },
    {
        "restaurant_id": "00-17",
        "menu_id": 172,
        "menu_name": "Tulip (디너코스)",
        "price": 120000,
        "is_deleted": false,
        "is_active": true
    },
    {
        "restaurant_id": "00-18",
        "menu_id": 173,
        "menu_name": "오향장육(안휘성)",
        "price": 53000,
        "is_deleted": false,
        "is_active": true
    },
    {
        "restaurant_id": "00-18",
        "menu_id": 174,
        "menu_name": "팔복 특품 양장피 (소)",
        "price": 56000,
        "is_deleted": false,
        "is_active": true
    },
    {
        "restaurant_id": "00-18",
        "menu_id": 175,
        "menu_name": "마라튜린지(소)",
        "price": 48000,
        "is_deleted": false,
        "is_active": true
    },
    {
        "restaurant_id": "00-18",
        "menu_id": 176,
        "menu_name": "목화솜 레몬 크림새우 (소)",
        "price": 38000,
        "is_deleted": false,
        "is_active": true
    },
    {
        "restaurant_id": "00-18",
        "menu_id": 177,
        "menu_name": "목화솜 사천 깐쇼새우 (소)",
        "price": 39000,
        "is_deleted": false,
        "is_active": true
    },
    {
        "restaurant_id": "00-18",
        "menu_id": 178,
        "menu_name": "쑤저우 연잎 동파육 (소)",
        "price": 59000,
        "is_deleted": false,
        "is_active": true
    },
    {
        "restaurant_id": "00-18",
        "menu_id": 179,
        "menu_name": "목화솜 어향가지 (소)",
        "price": 43000,
        "is_deleted": false,
        "is_active": true
    },
    {
        "restaurant_id": "00-18",
        "menu_id": 180,
        "menu_name": "라즈지 (소)",
        "price": 45000,
        "is_deleted": false,
        "is_active": true
    },
    {
        "restaurant_id": "00-18",
        "menu_id": 181,
        "menu_name": "샹차이 가리비찜(소)",
        "price": 51000,
        "is_deleted": false,
        "is_active": true
    },
    {
        "restaurant_id": "00-18",
        "menu_id": 182,
        "menu_name": "x.o 관자 통배추찜(소)",
        "price": 49000,
        "is_deleted": false,
        "is_active": true
    },
    {
        "restaurant_id": "00-18",
        "menu_id": 183,
        "menu_name": "튜린지(소)",
        "price": 46000,
        "is_deleted": false,
        "is_active": true
    },
    {
        "restaurant_id": "00-18",
        "menu_id": 184,
        "menu_name": "오리부용게살(소)",
        "price": 65000,
        "is_deleted": false,
        "is_active": true
    },
    {
        "restaurant_id": "00-18",
        "menu_id": 185,
        "menu_name": "팔보채(소)",
        "price": 53000,
        "is_deleted": false,
        "is_active": true
    },
    {
        "restaurant_id": "00-18",
        "menu_id": 186,
        "menu_name": "호부추잡채(소)",
        "price": 48000,
        "is_deleted": false,
        "is_active": true
    },
    {
        "restaurant_id": "00-18",
        "menu_id": 187,
        "menu_name": "게살새우완탕(중)",
        "price": 52000,
        "is_deleted": false,
        "is_active": true
    },
    {
        "restaurant_id": "00-18",
        "menu_id": 188,
        "menu_name": "전가복",
        "price": 76000,
        "is_deleted": false,
        "is_active": true
    },
    {
        "restaurant_id": "00-18",
        "menu_id": 189,
        "menu_name": "팔복해선궈바",
        "price": 68000,
        "is_deleted": false,
        "is_active": true
    },
    {
        "restaurant_id": "00-18",
        "menu_id": 190,
        "menu_name": "팔복샨즈냉채 (예약시)",
        "price": 107000,
        "is_deleted": false,
        "is_active": true
    },
    {
        "restaurant_id": "00-18",
        "menu_id": 191,
        "menu_name": "팔복불도장 (예약시)",
        "price": 320000,
        "is_deleted": false,
        "is_active": true
    },
    {
        "restaurant_id": "00-18",
        "menu_id": 192,
        "menu_name": "자연송이롱샥스핀(찜) (예약시)",
        "price": 195000,
        "is_deleted": false,
        "is_active": true
    },
    {
        "restaurant_id": "00-18",
        "menu_id": 193,
        "menu_name": "어향가지 회판",
        "price": 12000,
        "is_deleted": false,
        "is_active": true
    },
    {
        "restaurant_id": "00-19",
        "menu_id": 194,
        "menu_name": "양왕갈비 (250g)",
        "price": 22000,
        "is_deleted": false,
        "is_active": true
    },
    {
        "restaurant_id": "00-19",
        "menu_id": 195,
        "menu_name": "양등심꼬치 (220g)",
        "price": 20000,
        "is_deleted": false,
        "is_active": true
    },
    {
        "restaurant_id": "00-19",
        "menu_id": 196,
        "menu_name": "양왕꼬치 (1인분)",
        "price": 16000,
        "is_deleted": false,
        "is_active": true
    },
    {
        "restaurant_id": "00-19",
        "menu_id": 197,
        "menu_name": "양꼬치 (1인분)",
        "price": 13000,
        "is_deleted": false,
        "is_active": true
    },
    {
        "restaurant_id": "00-19",
        "menu_id": 198,
        "menu_name": "대하구이",
        "price": 13000,
        "is_deleted": false,
        "is_active": true
    },
    {
        "restaurant_id": "00-20",
        "menu_id": 199,
        "menu_name": "온면",
        "price": 7000,
        "is_deleted": false,
        "is_active": true
    },
    {
        "restaurant_id": "00-20",
        "menu_id": 200,
        "menu_name": "새우볶음밥",
        "price": 9000,
        "is_deleted": false,
        "is_active": true
    },
    {
        "restaurant_id": "00-20",
        "menu_id": 201,
        "menu_name": "계란볶음밥",
        "price": 7000,
        "is_deleted": false,
        "is_active": true
    },
    {
        "restaurant_id": "00-20",
        "menu_id": 202,
        "menu_name": "토마토계란탕",
        "price": 15000,
        "is_deleted": false,
        "is_active": true
    },
    {
        "restaurant_id": "00-20",
        "menu_id": 203,
        "menu_name": "찹쌀순대",
        "price": 16000,
        "is_deleted": false,
        "is_active": true
    },
    {
        "restaurant_id": "00-20",
        "menu_id": 204,
        "menu_name": "건두부볶음",
        "price": 16000,
        "is_deleted": false,
        "is_active": true
    },
    {
        "restaurant_id": "00-20",
        "menu_id": 205,
        "menu_name": "계란야채새우볶음",
        "price": 18000,
        "is_deleted": false,
        "is_active": true
    },
    {
        "restaurant_id": "00-20",
        "menu_id": 206,
        "menu_name": "계란토마토볶음",
        "price": 16000,
        "is_deleted": false,
        "is_active": true
    },
    {
        "restaurant_id": "00-20",
        "menu_id": 207,
        "menu_name": "어향육슬",
        "price": 318000,
        "is_deleted": false,
        "is_active": true
    },
    {
        "restaurant_id": "00-20",
        "menu_id": 208,
        "menu_name": "파닭날개",
        "price": 8000,
        "is_deleted": false,
        "is_active": true
    },
    {
        "restaurant_id": "00-20",
        "menu_id": 209,
        "menu_name": "마파탕",
        "price": 8000,
        "is_deleted": false,
        "is_active": true
    },
    {
        "restaurant_id": "00-20",
        "menu_id": 210,
        "menu_name": "향라대하",
        "price": 18000,
        "is_deleted": false,
        "is_active": true
    },
    {
        "restaurant_id": "00-21",
        "menu_id": 211,
        "menu_name": "향라새우",
        "price": 25000,
        "is_deleted": false,
        "is_active": true
    },
    {
        "restaurant_id": "00-21",
        "menu_id": 212,
        "menu_name": "사천 마라탕",
        "price": 16000,
        "is_deleted": false,
        "is_active": true
    },
    {
        "restaurant_id": "00-21",
        "menu_id": 213,
        "menu_name": "고급양갈비",
        "price": 28000,
        "is_deleted": false,
        "is_active": true
    },
    {
        "restaurant_id": "00-21",
        "menu_id": 214,
        "menu_name": "양꼬치",
        "price": 13000,
        "is_deleted": false,
        "is_active": true
    },
    {
        "restaurant_id": "00-21",
        "menu_id": 215,
        "menu_name": "생양꼬치",
        "price": 14000,
        "is_deleted": false,
        "is_active": true
    },
    {
        "restaurant_id": "00-22",
        "menu_id": 216,
        "menu_name": "마라오향장육",
        "price": 28000,
        "is_deleted": false,
        "is_active": true
    },
    {
        "restaurant_id": "00-22",
        "menu_id": 217,
        "menu_name": "마라새우",
        "price": 30000,
        "is_deleted": false,
        "is_active": true
    },
    {
        "restaurant_id": "00-22",
        "menu_id": 218,
        "menu_name": "자장면",
        "price": 7000,
        "is_deleted": false,
        "is_active": true
    },
    {
        "restaurant_id": "00-22",
        "menu_id": 219,
        "menu_name": "생선찜",
        "price": 15000,
        "is_deleted": false,
        "is_active": true
    },
    {
        "restaurant_id": "00-22",
        "menu_id": 220,
        "menu_name": "새우칸지",
        "price": 13000,
        "is_deleted": false,
        "is_active": true
    },
    {
        "restaurant_id": "00-23",
        "menu_id": 221,
        "menu_name": "오품냉채 (소)",
        "price": 35000,
        "is_deleted": false,
        "is_active": true
    },
    {
        "restaurant_id": "00-23",
        "menu_id": 222,
        "menu_name": "삼선샥스핀 (소)",
        "price": 40000,
        "is_deleted": false,
        "is_active": true
    },
    {
        "restaurant_id": "00-23",
        "menu_id": 223,
        "menu_name": "해물누룽지탕 (소)",
        "price": 30000,
        "is_deleted": false,
        "is_active": true
    },
    {
        "restaurant_id": "00-23",
        "menu_id": 224,
        "menu_name": "짜장면",
        "price": 6000,
        "is_deleted": false,
        "is_active": true
    },
    {
        "restaurant_id": "00-23",
        "menu_id": 225,
        "menu_name": "짬뽕",
        "price": 7000,
        "is_deleted": false,
        "is_active": true
    },
    {
        "restaurant_id": "00-24",
        "menu_id": 226,
        "menu_name": "시그니처 북경오리(한마리)",
        "price": 108000,
        "is_deleted": false,
        "is_active": true
    },
    {
        "restaurant_id": "00-24",
        "menu_id": 227,
        "menu_name": "샤오롱바오(3pcs)",
        "price": 11000,
        "is_deleted": false,
        "is_active": true
    },
    {
        "restaurant_id": "00-24",
        "menu_id": 228,
        "menu_name": "트러플 샤오마이(3pcs)",
        "price": 12000,
        "is_deleted": false,
        "is_active": true
    },
    {
        "restaurant_id": "00-24",
        "menu_id": 229,
        "menu_name": "크리스피 새우 창펀",
        "price": 18000,
        "is_deleted": false,
        "is_active": true
    },
    {
        "restaurant_id": "00-24",
        "menu_id": 230,
        "menu_name": "소흥주 칠리새우",
        "price": 45000,
        "is_deleted": false,
        "is_active": true
    },
    {
        "restaurant_id": "00-24",
        "menu_id": 231,
        "menu_name": "비퐁당 마늘소스 쉘크랩",
        "price": 45000,
        "is_deleted": false,
        "is_active": true
    },
    {
        "restaurant_id": "00-24",
        "menu_id": 232,
        "menu_name": "어니언 버터 꿔바로우(R)",
        "price": 38000,
        "is_deleted": false,
        "is_active": true
    },
    {
        "restaurant_id": "00-24",
        "menu_id": 233,
        "menu_name": "트러플 소고기 안심 탕수육(R)",
        "price": 70000,
        "is_deleted": false,
        "is_active": true
    },
    {
        "restaurant_id": "00-24",
        "menu_id": 234,
        "menu_name": "트러플 스테이크 짜장면",
        "price": 28000,
        "is_deleted": false,
        "is_active": true
    },
    {
        "restaurant_id": "00-24",
        "menu_id": 235,
        "menu_name": "부용 게살스프(1인)",
        "price": 12000,
        "is_deleted": false,
        "is_active": true
    },
    {
        "restaurant_id": "00-24",
        "menu_id": 236,
        "menu_name": "부용 옥미게살스프(1인)",
        "price": 15000,
        "is_deleted": false,
        "is_active": true
    },
    {
        "restaurant_id": "00-24",
        "menu_id": 237,
        "menu_name": "팔진 산라탕(1인)",
        "price": 18000,
        "is_deleted": false,
        "is_active": true
    },
    {
        "restaurant_id": "00-24",
        "menu_id": 238,
        "menu_name": "돌솥 해물소고기누룽지탕",
        "price": 68000,
        "is_deleted": false,
        "is_active": true
    },
    {
        "restaurant_id": "00-24",
        "menu_id": 239,
        "menu_name": "오품냉채",
        "price": 58000,
        "is_deleted": false,
        "is_active": true
    },
    {
        "restaurant_id": "00-24",
        "menu_id": 240,
        "menu_name": "홍콩식 오향장우육",
        "price": 68000,
        "is_deleted": false,
        "is_active": true
    },
    {
        "restaurant_id": "00-24",
        "menu_id": 241,
        "menu_name": "특 칠품냉채",
        "price": 88000,
        "is_deleted": false,
        "is_active": true
    },
    {
        "restaurant_id": "00-24",
        "menu_id": 242,
        "menu_name": "마늘소스 계절야채 볶음",
        "price": 23000,
        "is_deleted": false,
        "is_active": true
    },
    {
        "restaurant_id": "00-24",
        "menu_id": 243,
        "menu_name": "어향가지만두",
        "price": 38000,
        "is_deleted": false,
        "is_active": true
    },
    {
        "restaurant_id": "00-24",
        "menu_id": 244,
        "menu_name": "새우볼 마파두부",
        "price": 35000,
        "is_deleted": false,
        "is_active": true
    },
    {
        "restaurant_id": "00-24",
        "menu_id": 245,
        "menu_name": "광동식 자장면",
        "price": 13000,
        "is_deleted": false,
        "is_active": true
    },
    {
        "restaurant_id": "00-25",
        "menu_id": 246,
        "menu_name": "짜장면",
        "price": 7000,
        "is_deleted": false,
        "is_active": true
    },
    {
        "restaurant_id": "00-25",
        "menu_id": 247,
        "menu_name": "우동",
        "price": 8500,
        "is_deleted": false,
        "is_active": true
    },
    {
        "restaurant_id": "00-25",
        "menu_id": 248,
        "menu_name": "짬뽕",
        "price": 8000,
        "is_deleted": false,
        "is_active": true
    },
    {
        "restaurant_id": "00-25",
        "menu_id": 249,
        "menu_name": "간짜장",
        "price": 8000,
        "is_deleted": false,
        "is_active": true
    },
    {
        "restaurant_id": "00-25",
        "menu_id": 250,
        "menu_name": "울면",
        "price": 8500,
        "is_deleted": false,
        "is_active": true
    },
    {
        "restaurant_id": "00-25",
        "menu_id": 251,
        "menu_name": "기스면",
        "price": 9000,
        "is_deleted": false,
        "is_active": true
    },
    {
        "restaurant_id": "00-25",
        "menu_id": 252,
        "menu_name": "삼선우동",
        "price": 11000,
        "is_deleted": false,
        "is_active": true
    },
    {
        "restaurant_id": "00-25",
        "menu_id": 253,
        "menu_name": "삼선간짜장",
        "price": 9500,
        "is_deleted": false,
        "is_active": true
    },
    {
        "restaurant_id": "00-25",
        "menu_id": 254,
        "menu_name": "삼선짬뽕",
        "price": 11000,
        "is_deleted": false,
        "is_active": true
    },
    {
        "restaurant_id": "00-25",
        "menu_id": 255,
        "menu_name": "고추짬뽕",
        "price": 11000,
        "is_deleted": false,
        "is_active": true
    },
    {
        "restaurant_id": "00-25",
        "menu_id": 256,
        "menu_name": "삼선울면",
        "price": 11000,
        "is_deleted": false,
        "is_active": true
    },
    {
        "restaurant_id": "00-25",
        "menu_id": 257,
        "menu_name": "쟁반짜장",
        "price": 9000,
        "is_deleted": false,
        "is_active": true
    },
    {
        "restaurant_id": "00-25",
        "menu_id": 258,
        "menu_name": "군만두",
        "price": 6000,
        "is_deleted": false,
        "is_active": true
    },
    {
        "restaurant_id": "00-25",
        "menu_id": 259,
        "menu_name": "물만두",
        "price": 6000,
        "is_deleted": false,
        "is_active": true
    },
    {
        "restaurant_id": "00-25",
        "menu_id": 260,
        "menu_name": "볶음밥",
        "price": 7500,
        "is_deleted": false,
        "is_active": true
    },
    {
        "restaurant_id": "00-25",
        "menu_id": 261,
        "menu_name": "짜장밥",
        "price": 7500,
        "is_deleted": false,
        "is_active": true
    },
    {
        "restaurant_id": "00-25",
        "menu_id": 262,
        "menu_name": "짬뽕밥",
        "price": 8500,
        "is_deleted": false,
        "is_active": true
    },
    {
        "restaurant_id": "00-25",
        "menu_id": 263,
        "menu_name": "오므라이스",
        "price": 8500,
        "is_deleted": false,
        "is_active": true
    },
    {
        "restaurant_id": "00-26",
        "menu_id": 264,
        "menu_name": "모듬사시미",
        "price": 45000,
        "is_deleted": false,
        "is_active": true
    },
    {
        "restaurant_id": "00-26",
        "menu_id": 265,
        "menu_name": "광어사시미",
        "price": 30000,
        "is_deleted": false,
        "is_active": true
    },
    {
        "restaurant_id": "00-26",
        "menu_id": 266,
        "menu_name": "소고기타다키",
        "price": 22000,
        "is_deleted": false,
        "is_active": true
    },
    {
        "restaurant_id": "00-26",
        "menu_id": 267,
        "menu_name": "문어초회",
        "price": 24000,
        "is_deleted": false,
        "is_active": true
    },
    {
        "restaurant_id": "00-26",
        "menu_id": 268,
        "menu_name": "메로구이",
        "price": 22000,
        "is_deleted": false,
        "is_active": true
    },
    {
        "restaurant_id": "00-27",
        "menu_id": 269,
        "menu_name": "마라탕 (100g)",
        "price": 1800,
        "is_deleted": false,
        "is_active": true
    },
    {
        "restaurant_id": "00-27",
        "menu_id": 270,
        "menu_name": "마라샹궈 (100g)",
        "price": 2700,
        "is_deleted": false,
        "is_active": true
    },
    {
        "restaurant_id": "00-27",
        "menu_id": 271,
        "menu_name": "동파육 (중)",
        "price": 15000,
        "is_deleted": false,
        "is_active": true
    },
    {
        "restaurant_id": "00-27",
        "menu_id": 272,
        "menu_name": "동파육 (대)",
        "price": 19000,
        "is_deleted": false,
        "is_active": true
    },
    {
        "restaurant_id": "00-27",
        "menu_id": 273,
        "menu_name": "마파두부",
        "price": 10000,
        "is_deleted": false,
        "is_active": true
    },
    {
        "restaurant_id": "00-27",
        "menu_id": 274,
        "menu_name": "동파육덮밥",
        "price": 9000,
        "is_deleted": false,
        "is_active": true
    },
    {
        "restaurant_id": "00-28",
        "menu_id": 275,
        "menu_name": "짜장면",
        "price": 6000,
        "is_deleted": false,
        "is_active": true
    },
    {
        "restaurant_id": "00-28",
        "menu_id": 276,
        "menu_name": "간짜장",
        "price": 8000,
        "is_deleted": false,
        "is_active": true
    },
    {
        "restaurant_id": "00-28",
        "menu_id": 277,
        "menu_name": "고추쟁반짜장",
        "price": 9000,
        "is_deleted": false,
        "is_active": true
    },
    {
        "restaurant_id": "00-28",
        "menu_id": 278,
        "menu_name": "해물짬뽕",
        "price": 8000,
        "is_deleted": false,
        "is_active": true
    },
    {
        "restaurant_id": "00-28",
        "menu_id": 279,
        "menu_name": "해물짬뽕밥",
        "price": 8000,
        "is_deleted": false,
        "is_active": true
    },
    {
        "restaurant_id": "00-29",
        "menu_id": 280,
        "menu_name": "양다리(대)",
        "price": 90000,
        "is_deleted": false,
        "is_active": true
    },
    {
        "restaurant_id": "00-29",
        "menu_id": 281,
        "menu_name": "양쪽갈비",
        "price": 36000,
        "is_deleted": false,
        "is_active": true
    },
    {
        "restaurant_id": "00-29",
        "menu_id": 282,
        "menu_name": "생양꼬치",
        "price": 15000,
        "is_deleted": false,
        "is_active": true
    },
    {
        "restaurant_id": "00-29",
        "menu_id": 283,
        "menu_name": "양갈비살",
        "price": 18000,
        "is_deleted": false,
        "is_active": true
    },
    {
        "restaurant_id": "00-29",
        "menu_id": 284,
        "menu_name": "고급양갈비",
        "price": 30000,
        "is_deleted": false,
        "is_active": true
    },
    {
        "restaurant_id": "00-29",
        "menu_id": 285,
        "menu_name": "양념양꼬치",
        "price": 16000,
        "is_deleted": false,
        "is_active": true
    },
    {
        "restaurant_id": "00-32",
        "menu_id": 286,
        "menu_name": "유니자장",
        "price": 10000,
        "is_deleted": false,
        "is_active": true
    },
    {
        "restaurant_id": "00-32",
        "menu_id": 287,
        "menu_name": "삼선짜장",
        "price": 12000,
        "is_deleted": false,
        "is_active": true
    },
    {
        "restaurant_id": "00-32",
        "menu_id": 288,
        "menu_name": "특선전복해물짬뽕",
        "price": 22000,
        "is_deleted": false,
        "is_active": true
    },
    {
        "restaurant_id": "00-32",
        "menu_id": 289,
        "menu_name": "삼선짬뽕",
        "price": 15000,
        "is_deleted": false,
        "is_active": true
    },
    {
        "restaurant_id": "00-32",
        "menu_id": 290,
        "menu_name": "차돌짬뽕",
        "price": 15000,
        "is_deleted": false,
        "is_active": true
    },
    {
        "restaurant_id": "00-32",
        "menu_id": 291,
        "menu_name": "해물탕면",
        "price": 16000,
        "is_deleted": false,
        "is_active": true
    },
    {
        "restaurant_id": "00-32",
        "menu_id": 292,
        "menu_name": "한우안심버섯탕면",
        "price": 22000,
        "is_deleted": false,
        "is_active": true
    },
    {
        "restaurant_id": "00-32",
        "menu_id": 293,
        "menu_name": "기스면",
        "price": 12000,
        "is_deleted": false,
        "is_active": true
    },
    {
        "restaurant_id": "00-32",
        "menu_id": 294,
        "menu_name": "새우볶음밥",
        "price": 15000,
        "is_deleted": false,
        "is_active": true
    },
    {
        "restaurant_id": "00-32",
        "menu_id": 295,
        "menu_name": "X.O게살볶음밥",
        "price": 16000,
        "is_deleted": false,
        "is_active": true
    },
    {
        "restaurant_id": "00-32",
        "menu_id": 296,
        "menu_name": "잡탕밥",
        "price": 22000,
        "is_deleted": false,
        "is_active": true
    },
    {
        "restaurant_id": "00-32",
        "menu_id": 297,
        "menu_name": "류산슬밥",
        "price": 22000,
        "is_deleted": false,
        "is_active": true
    },
    {
        "restaurant_id": "00-32",
        "menu_id": 298,
        "menu_name": "마파두부밥",
        "price": 16000,
        "is_deleted": false,
        "is_active": true
    },
    {
        "restaurant_id": "00-32",
        "menu_id": 299,
        "menu_name": "잡채밥",
        "price": 16000,
        "is_deleted": false,
        "is_active": true
    },
    {
        "restaurant_id": "00-32",
        "menu_id": 300,
        "menu_name": "고추잡채밥",
        "price": 18000,
        "is_deleted": false,
        "is_active": true
    },
    {
        "restaurant_id": "00-32",
        "menu_id": 301,
        "menu_name": "어향가지덮밥",
        "price": 16000,
        "is_deleted": false,
        "is_active": true
    },
    {
        "restaurant_id": "00-32",
        "menu_id": 302,
        "menu_name": "군만두",
        "price": 11000,
        "is_deleted": false,
        "is_active": true
    },
    {
        "restaurant_id": "00-32",
        "menu_id": 303,
        "menu_name": "생등삼특선탕수육",
        "price": 35000,
        "is_deleted": false,
        "is_active": true
    },
    {
        "restaurant_id": "00-32",
        "menu_id": 304,
        "menu_name": "광동차이펑특선탕수육",
        "price": 45000,
        "is_deleted": false,
        "is_active": true
    },
    {
        "restaurant_id": "00-32",
        "menu_id": 305,
        "menu_name": "동파육",
        "price": 55000,
        "is_deleted": false,
        "is_active": true
    },
    {
        "restaurant_id": "00-32",
        "menu_id": 306,
        "menu_name": "깐풍육",
        "price": 38000,
        "is_deleted": false,
        "is_active": true
    },
    {
        "restaurant_id": "00-33",
        "menu_id": 307,
        "menu_name": "양꼬치(10꼬치)",
        "price": 12000,
        "is_deleted": false,
        "is_active": true
    },
    {
        "restaurant_id": "00-33",
        "menu_id": 308,
        "menu_name": "고급양갈비",
        "price": 28000,
        "is_deleted": false,
        "is_active": true
    },
    {
        "restaurant_id": "00-33",
        "menu_id": 309,
        "menu_name": "꿔보러우",
        "price": 16000,
        "is_deleted": false,
        "is_active": true
    },
    {
        "restaurant_id": "00-33",
        "menu_id": 310,
        "menu_name": "경장육사",
        "price": 16000,
        "is_deleted": false,
        "is_active": true
    },
    {
        "restaurant_id": "00-33",
        "menu_id": 311,
        "menu_name": "마라닭날개",
        "price": 16000,
        "is_deleted": false,
        "is_active": true
    },
    {
        "restaurant_id": "00-34",
        "menu_id": 312,
        "menu_name": "고기짜장",
        "price": 6500,
        "is_deleted": false,
        "is_active": true
    },
    {
        "restaurant_id": "00-34",
        "menu_id": 313,
        "menu_name": "고기새우짜장",
        "price": 7500,
        "is_deleted": false,
        "is_active": true
    },
    {
        "restaurant_id": "00-34",
        "menu_id": 314,
        "menu_name": "고기새우고추짜장",
        "price": 8000,
        "is_deleted": false,
        "is_active": true
    },
    {
        "restaurant_id": "00-34",
        "menu_id": 315,
        "menu_name": "고기간짜장",
        "price": 7500,
        "is_deleted": false,
        "is_active": true
    },
    {
        "restaurant_id": "00-34",
        "menu_id": 316,
        "menu_name": "고기새우간짜장",
        "price": 8500,
        "is_deleted": false,
        "is_active": true
    },
    {
        "restaurant_id": "00-34",
        "menu_id": 317,
        "menu_name": "특짬뽕",
        "price": 9000,
        "is_deleted": false,
        "is_active": true
    },
    {
        "restaurant_id": "00-34",
        "menu_id": 318,
        "menu_name": "해물짬뽕",
        "price": 8500,
        "is_deleted": false,
        "is_active": true
    },
    {
        "restaurant_id": "00-34",
        "menu_id": 319,
        "menu_name": "고기짬뽕",
        "price": 8500,
        "is_deleted": false,
        "is_active": true
    },
    {
        "restaurant_id": "00-34",
        "menu_id": 320,
        "menu_name": "속풀이김치짬뽕",
        "price": 9000,
        "is_deleted": false,
        "is_active": true
    },
    {
        "restaurant_id": "00-34",
        "menu_id": 321,
        "menu_name": "중화고기잡채덮밥",
        "price": 9000,
        "is_deleted": false,
        "is_active": true
    },
    {
        "restaurant_id": "00-34",
        "menu_id": 322,
        "menu_name": "중화새우잡채덮밥",
        "price": 9000,
        "is_deleted": false,
        "is_active": true
    },
    {
        "restaurant_id": "00-34",
        "menu_id": 323,
        "menu_name": "사천제육잡채덮밥",
        "price": 9000,
        "is_deleted": false,
        "is_active": true
    },
    {
        "restaurant_id": "00-34",
        "menu_id": 324,
        "menu_name": "중화불제육덮밥",
        "price": 9000,
        "is_deleted": false,
        "is_active": true
    },
    {
        "restaurant_id": "00-34",
        "menu_id": 325,
        "menu_name": "중화베이컨김치볶음밥",
        "price": 8500,
        "is_deleted": false,
        "is_active": true
    },
    {
        "restaurant_id": "00-34",
        "menu_id": 326,
        "menu_name": "중화돼지김치볶음밥",
        "price": 8500,
        "is_deleted": false,
        "is_active": true
    },
    {
        "restaurant_id": "00-34",
        "menu_id": 327,
        "menu_name": "중화새우야채볶음밥",
        "price": 8500,
        "is_deleted": false,
        "is_active": true
    },
    {
        "restaurant_id": "00-34",
        "menu_id": 328,
        "menu_name": "특짬뽕밥",
        "price": 9000,
        "is_deleted": false,
        "is_active": true
    },
    {
        "restaurant_id": "00-34",
        "menu_id": 329,
        "menu_name": "꿔바로우(6개)",
        "price": 9000,
        "is_deleted": false,
        "is_active": true
    },
    {
        "restaurant_id": "00-34",
        "menu_id": 330,
        "menu_name": "중화칠리새우(6개)",
        "price": 9500,
        "is_deleted": false,
        "is_active": true
    },
    {
        "restaurant_id": "00-34",
        "menu_id": 331,
        "menu_name": "레몬크림새우(6개)",
        "price": 9500,
        "is_deleted": false,
        "is_active": true
    },
    {
        "restaurant_id": "00-37",
        "menu_id": 332,
        "menu_name": "홍콩 우육탕면",
        "price": 9200,
        "is_deleted": false,
        "is_active": true
    },
    {
        "restaurant_id": "00-37",
        "menu_id": 333,
        "menu_name": "군만두 4P",
        "price": 7000,
        "is_deleted": false,
        "is_active": true
    },
    {
        "restaurant_id": "00-37",
        "menu_id": 334,
        "menu_name": "도가니 양지탕면",
        "price": 11000,
        "is_deleted": false,
        "is_active": true
    },
    {
        "restaurant_id": "00-37",
        "menu_id": 335,
        "menu_name": "홍콩 완탕면",
        "price": 11000,
        "is_deleted": false,
        "is_active": true
    },
    {
        "restaurant_id": "00-37",
        "menu_id": 336,
        "menu_name": "찐만두 4P",
        "price": 7000,
        "is_deleted": false,
        "is_active": true
    },
    {
        "restaurant_id": "00-37",
        "menu_id": 337,
        "menu_name": "홍콩식 우육탕면",
        "price": 8800,
        "is_deleted": false,
        "is_active": true
    },
    {
        "restaurant_id": "00-37",
        "menu_id": 338,
        "menu_name": "청경채 도가니 양지탕면",
        "price": 10000,
        "is_deleted": false,
        "is_active": true
    },
    {
        "restaurant_id": "00-37",
        "menu_id": 339,
        "menu_name": "군만두(4P)",
        "price": 6000,
        "is_deleted": false,
        "is_active": true
    },
    {
        "restaurant_id": "00-37",
        "menu_id": 340,
        "menu_name": "찐만두(4P)",
        "price": 6000,
        "is_deleted": false,
        "is_active": true
    },
    {
        "restaurant_id": "00-38",
        "menu_id": 341,
        "menu_name": "생양꼬치(10개)",
        "price": 13000,
        "is_deleted": false,
        "is_active": true
    },
    {
        "restaurant_id": "00-38",
        "menu_id": 342,
        "menu_name": "양념양꼬치(10개)",
        "price": 13000,
        "is_deleted": false,
        "is_active": true
    },
    {
        "restaurant_id": "00-38",
        "menu_id": 343,
        "menu_name": "고급양갈비(250g)",
        "price": 20000,
        "is_deleted": false,
        "is_active": true
    },
    {
        "restaurant_id": "00-38",
        "menu_id": 344,
        "menu_name": "꿔바로우",
        "price": 16000,
        "is_deleted": false,
        "is_active": true
    },
    {
        "restaurant_id": "00-38",
        "menu_id": 345,
        "menu_name": "향라가지",
        "price": 15000,
        "is_deleted": false,
        "is_active": true
    },
    {
        "restaurant_id": "00-40",
        "menu_id": 346,
        "menu_name": "삼선자장면",
        "price": 7000,
        "is_deleted": false,
        "is_active": true
    },
    {
        "restaurant_id": "00-40",
        "menu_id": 347,
        "menu_name": "삼선짬뽕",
        "price": 9000,
        "is_deleted": false,
        "is_active": true
    },
    {
        "restaurant_id": "00-40",
        "menu_id": 348,
        "menu_name": "삼선우동",
        "price": 10000,
        "is_deleted": false,
        "is_active": true
    },
    {
        "restaurant_id": "00-40",
        "menu_id": 349,
        "menu_name": "해산물볶음밥",
        "price": 9000,
        "is_deleted": false,
        "is_active": true
    },
    {
        "restaurant_id": "00-40",
        "menu_id": 350,
        "menu_name": "돼지안심탕수육",
        "price": 28000,
        "is_deleted": false,
        "is_active": true
    },
    {
        "restaurant_id": "00-43",
        "menu_id": 351,
        "menu_name": "마라탕 (100g)",
        "price": 2000,
        "is_deleted": false,
        "is_active": true
    },
    {
        "restaurant_id": "00-43",
        "menu_id": 352,
        "menu_name": "마라샹궈 (100g)",
        "price": 2500,
        "is_deleted": false,
        "is_active": true
    },
    {
        "restaurant_id": "00-43",
        "menu_id": 353,
        "menu_name": "꿔바로우 (미니)",
        "price": 6000,
        "is_deleted": false,
        "is_active": true
    },
    {
        "restaurant_id": "00-43",
        "menu_id": 354,
        "menu_name": "새우볶음밥",
        "price": 8000,
        "is_deleted": false,
        "is_active": true
    },
    {
        "restaurant_id": "00-43",
        "menu_id": 355,
        "menu_name": "가지볶음밥",
        "price": 8000,
        "is_deleted": false,
        "is_active": true
    },
    {
        "restaurant_id": "00-43",
        "menu_id": 356,
        "menu_name": "맨보샤 (7p)",
        "price": 7000,
        "is_deleted": false,
        "is_active": true
    },
    {
        "restaurant_id": "00-43",
        "menu_id": 357,
        "menu_name": "연유꽃빵 (4p)",
        "price": 3000,
        "is_deleted": false,
        "is_active": true
    },
    {
        "restaurant_id": "00-43",
        "menu_id": 358,
        "menu_name": "물만두",
        "price": 5000,
        "is_deleted": false,
        "is_active": true
    },
    {
        "restaurant_id": "00-43",
        "menu_id": 359,
        "menu_name": "감자튀김",
        "price": 3000,
        "is_deleted": false,
        "is_active": true
    },
    {
        "restaurant_id": "00-46",
        "menu_id": 360,
        "menu_name": "쇼마이(3pcs)",
        "price": 9500,
        "is_deleted": false,
        "is_active": true
    },
    {
        "restaurant_id": "00-46",
        "menu_id": 361,
        "menu_name": "블랙 하가우(3pcs)",
        "price": 9500,
        "is_deleted": false,
        "is_active": true
    },
    {
        "restaurant_id": "00-46",
        "menu_id": 362,
        "menu_name": "라구짜장도삭면",
        "price": 9500,
        "is_deleted": false,
        "is_active": true
    },
    {
        "restaurant_id": "00-46",
        "menu_id": 363,
        "menu_name": "마라소롱포",
        "price": 8000,
        "is_deleted": false,
        "is_active": true
    },
    {
        "restaurant_id": "00-46",
        "menu_id": 364,
        "menu_name": "매운돼지고기볶음",
        "price": 14500,
        "is_deleted": false,
        "is_active": true
    },
    {
        "restaurant_id": "00-46",
        "menu_id": 365,
        "menu_name": "마파두부도삭면",
        "price": 11000,
        "is_deleted": false,
        "is_active": true
    },
    {
        "restaurant_id": "00-46",
        "menu_id": 366,
        "menu_name": "홍콩식닭날개튀김(5pcs)",
        "price": 18000,
        "is_deleted": false,
        "is_active": true
    },
    {
        "restaurant_id": "00-46",
        "menu_id": 367,
        "menu_name": "새우&돼지고기 완자",
        "price": 17000,
        "is_deleted": false,
        "is_active": true
    },
    {
        "restaurant_id": "00-46",
        "menu_id": 368,
        "menu_name": "마늘칩 꿔바육",
        "price": 22000,
        "is_deleted": false,
        "is_active": true
    },
    {
        "restaurant_id": "00-46",
        "menu_id": 369,
        "menu_name": "쯔란 오징어 튀김",
        "price": 18000,
        "is_deleted": false,
        "is_active": true
    },
    {
        "restaurant_id": "00-46",
        "menu_id": 370,
        "menu_name": "맑은 우육탕면",
        "price": 13000,
        "is_deleted": false,
        "is_active": true
    },
    {
        "restaurant_id": "00-46",
        "menu_id": 371,
        "menu_name": "매운 소고기 탕면",
        "price": 14000,
        "is_deleted": false,
        "is_active": true
    },
    {
        "restaurant_id": "00-48",
        "menu_id": 372,
        "menu_name": "마라탕커플세트",
        "price": 30000,
        "is_deleted": false,
        "is_active": true
    },
    {
        "restaurant_id": "00-48",
        "menu_id": 373,
        "menu_name": "마라상궈커플세트",
        "price": 35000,
        "is_deleted": false,
        "is_active": true
    },
    {
        "restaurant_id": "00-48",
        "menu_id": 374,
        "menu_name": "패밀리세트",
        "price": 49000,
        "is_deleted": false,
        "is_active": true
    },
    {
        "restaurant_id": "00-48",
        "menu_id": 375,
        "menu_name": "사골마라탕(100g)",
        "price": 2200,
        "is_deleted": false,
        "is_active": true
    },
    {
        "restaurant_id": "00-48",
        "menu_id": 376,
        "menu_name": "마라샹궈(100g)",
        "price": 3800,
        "is_deleted": false,
        "is_active": true
    },
    {
        "restaurant_id": "00-48",
        "menu_id": 377,
        "menu_name": "마라반(100g)",
        "price": 2600,
        "is_deleted": false,
        "is_active": true
    },
    {
        "restaurant_id": "00-48",
        "menu_id": 378,
        "menu_name": "소고기/양고기(100g)",
        "price": 3500,
        "is_deleted": false,
        "is_active": true
    },
    {
        "restaurant_id": "00-48",
        "menu_id": 379,
        "menu_name": "꼬치",
        "price": 1200,
        "is_deleted": false,
        "is_active": true
    },
    {
        "restaurant_id": "00-48",
        "menu_id": 380,
        "menu_name": "깐양(130g)",
        "price": 3500,
        "is_deleted": false,
        "is_active": true
    },
    {
        "restaurant_id": "00-48",
        "menu_id": 381,
        "menu_name": "꿔바러우(소)",
        "price": 12000,
        "is_deleted": false,
        "is_active": true
    },
    {
        "restaurant_id": "00-48",
        "menu_id": 382,
        "menu_name": "꿔바러우(대)",
        "price": 20000,
        "is_deleted": false,
        "is_active": true
    },
    {
        "restaurant_id": "00-48",
        "menu_id": 383,
        "menu_name": "고추건두부볶음(소)",
        "price": 12000,
        "is_deleted": false,
        "is_active": true
    },
    {
        "restaurant_id": "00-48",
        "menu_id": 384,
        "menu_name": "고추건두부볶음(대)",
        "price": 20000,
        "is_deleted": false,
        "is_active": true
    },
    {
        "restaurant_id": "00-48",
        "menu_id": 385,
        "menu_name": "버섯꿔바로우(소)",
        "price": 12000,
        "is_deleted": false,
        "is_active": true
    },
    {
        "restaurant_id": "00-48",
        "menu_id": 386,
        "menu_name": "차돌숙주볶음(소)",
        "price": 12000,
        "is_deleted": false,
        "is_active": true
    },
    {
        "restaurant_id": "00-48",
        "menu_id": 387,
        "menu_name": "부추계란볶음(소)",
        "price": 12000,
        "is_deleted": false,
        "is_active": true
    },
    {
        "restaurant_id": "00-48",
        "menu_id": 388,
        "menu_name": "양저우볶음밥",
        "price": 9500,
        "is_deleted": false,
        "is_active": true
    },
    {
        "restaurant_id": "00-48",
        "menu_id": 389,
        "menu_name": "왕새우딤섬(5개)",
        "price": 8000,
        "is_deleted": false,
        "is_active": true
    },
    {
        "restaurant_id": "00-48",
        "menu_id": 390,
        "menu_name": "황금꽃빵",
        "price": 7500,
        "is_deleted": false,
        "is_active": true
    },
    {
        "restaurant_id": "00-48",
        "menu_id": 391,
        "menu_name": "꽃빵",
        "price": 7000,
        "is_deleted": false,
        "is_active": true
    },
    {
        "restaurant_id": "00-49",
        "menu_id": 392,
        "menu_name": "쿵파오치키과 로메인",
        "price": 15000,
        "is_deleted": false,
        "is_active": true
    },
    {
        "restaurant_id": "00-49",
        "menu_id": 393,
        "menu_name": "오렌지치킨과 로메인",
        "price": 15000,
        "is_deleted": false,
        "is_active": true
    },
    {
        "restaurant_id": "00-49",
        "menu_id": 394,
        "menu_name": "갈릭포크와 로메인",
        "price": 15000,
        "is_deleted": false,
        "is_active": true
    },
    {
        "restaurant_id": "00-49",
        "menu_id": 395,
        "menu_name": "쿵파오치킨과 계란볶음밥",
        "price": 15000,
        "is_deleted": false,
        "is_active": true
    },
    {
        "restaurant_id": "00-49",
        "menu_id": 396,
        "menu_name": "포크 앤 갈릭",
        "price": 18000,
        "is_deleted": false,
        "is_active": true
    },
    {
        "restaurant_id": "00-50",
        "menu_id": 397,
        "menu_name": "마라탕(100g)(8000원이상)",
        "price": 2000,
        "is_deleted": false,
        "is_active": true
    },
    {
        "restaurant_id": "00-50",
        "menu_id": 398,
        "menu_name": "마라샹궈(100g)(18000원이상)",
        "price": 3000,
        "is_deleted": false,
        "is_active": true
    },
    {
        "restaurant_id": "00-50",
        "menu_id": 399,
        "menu_name": "양고기(100g)",
        "price": 3000,
        "is_deleted": false,
        "is_active": true
    },
    {
        "restaurant_id": "00-50",
        "menu_id": 400,
        "menu_name": "차돌박이(100g)",
        "price": 4500,
        "is_deleted": false,
        "is_active": true
    },
    {
        "restaurant_id": "00-52",
        "menu_id": 401,
        "menu_name": "킹하가우",
        "price": 8000,
        "is_deleted": false,
        "is_active": true
    },
    {
        "restaurant_id": "00-52",
        "menu_id": 402,
        "menu_name": "시우마이",
        "price": 8000,
        "is_deleted": false,
        "is_active": true
    },
    {
        "restaurant_id": "00-52",
        "menu_id": 403,
        "menu_name": "초이가우",
        "price": 8000,
        "is_deleted": false,
        "is_active": true
    },
    {
        "restaurant_id": "00-52",
        "menu_id": 404,
        "menu_name": "샤오롱바오",
        "price": 8000,
        "is_deleted": false,
        "is_active": true
    },
    {
        "restaurant_id": "00-52",
        "menu_id": 405,
        "menu_name": "딤섬세트",
        "price": 15000,
        "is_deleted": false,
        "is_active": true
    },
    {
        "restaurant_id": "00-52",
        "menu_id": 406,
        "menu_name": "딩딤누들세트",
        "price": 17500,
        "is_deleted": false,
        "is_active": true
    },
    {
        "restaurant_id": "00-52",
        "menu_id": 407,
        "menu_name": "딩딤라이스세트",
        "price": 17500,
        "is_deleted": false,
        "is_active": true
    },
    {
        "restaurant_id": "00-52",
        "menu_id": 408,
        "menu_name": "딩딤완탕면",
        "price": 11000,
        "is_deleted": false,
        "is_active": true
    },
    {
        "restaurant_id": "00-52",
        "menu_id": 409,
        "menu_name": "마라차슈탕면",
        "price": 11000,
        "is_deleted": false,
        "is_active": true
    },
    {
        "restaurant_id": "00-52",
        "menu_id": 410,
        "menu_name": "마파두부면",
        "price": 11000,
        "is_deleted": false,
        "is_active": true
    },
    {
        "restaurant_id": "00-52",
        "menu_id": 411,
        "menu_name": "딩딤새우덮밥",
        "price": 11000,
        "is_deleted": false,
        "is_active": true
    },
    {
        "restaurant_id": "00-52",
        "menu_id": 412,
        "menu_name": "차슈덮밥",
        "price": 11000,
        "is_deleted": false,
        "is_active": true
    },
    {
        "restaurant_id": "00-52",
        "menu_id": 413,
        "menu_name": "마파두부덮밥",
        "price": 11000,
        "is_deleted": false,
        "is_active": true
    },
    {
        "restaurant_id": "00-53",
        "menu_id": 414,
        "menu_name": "꿔바로우(소)",
        "price": 10000,
        "is_deleted": false,
        "is_active": true
    },
    {
        "restaurant_id": "00-54",
        "menu_id": 415,
        "menu_name": "마라탕(100g)",
        "price": 1900,
        "is_deleted": false,
        "is_active": true
    },
    {
        "restaurant_id": "00-54",
        "menu_id": 416,
        "menu_name": "마라샹궈(100g)",
        "price": 3500,
        "is_deleted": false,
        "is_active": true
    },
    {
        "restaurant_id": "00-54",
        "menu_id": 417,
        "menu_name": "꿔바로우",
        "price": 18000,
        "is_deleted": false,
        "is_active": true
    },
    {
        "restaurant_id": "00-54",
        "menu_id": 418,
        "menu_name": "향라새우",
        "price": 28000,
        "is_deleted": false,
        "is_active": true
    },
    {
        "restaurant_id": "00-54",
        "menu_id": 419,
        "menu_name": "마라쇼룽샤",
        "price": 36000,
        "is_deleted": false,
        "is_active": true
    },
    {
        "restaurant_id": "00-54",
        "menu_id": 420,
        "menu_name": "마파두부",
        "price": 15000,
        "is_deleted": false,
        "is_active": true
    },
    {
        "restaurant_id": "00-54",
        "menu_id": 421,
        "menu_name": "연유꽃빵튀김",
        "price": 6000,
        "is_deleted": false,
        "is_active": true
    },
    {
        "restaurant_id": "00-54",
        "menu_id": 422,
        "menu_name": "홍콩식볶음밥",
        "price": 7000,
        "is_deleted": false,
        "is_active": true
    },
    {
        "restaurant_id": "00-54",
        "menu_id": 423,
        "menu_name": "멘보샤",
        "price": 7000,
        "is_deleted": false,
        "is_active": true
    },
    {
        "restaurant_id": "00-54",
        "menu_id": 424,
        "menu_name": "서우쫘빙",
        "price": 8000,
        "is_deleted": false,
        "is_active": true
    },
    {
        "restaurant_id": "00-55",
        "menu_id": 425,
        "menu_name": "삼선짜장",
        "price": 8000,
        "is_deleted": false,
        "is_active": true
    },
    {
        "restaurant_id": "00-55",
        "menu_id": 426,
        "menu_name": "짬뽕",
        "price": 8000,
        "is_deleted": false,
        "is_active": true
    },
    {
        "restaurant_id": "00-55",
        "menu_id": 427,
        "menu_name": "볶음밥",
        "price": 7000,
        "is_deleted": false,
        "is_active": true
    },
    {
        "restaurant_id": "00-55",
        "menu_id": 428,
        "menu_name": "제육덥밥",
        "price": 8000,
        "is_deleted": false,
        "is_active": true
    },
    {
        "restaurant_id": "00-55",
        "menu_id": 429,
        "menu_name": "탕수육 (S)",
        "price": 18000,
        "is_deleted": false,
        "is_active": true
    }
]